transaction_id,customer_id,product_id,quantity,transaction_date,discount_percentage
10000,5088,1054,8,2023-12-08,40
10001,5078,1003,1,2023-05-02,10
10002,5288,1053,1,2023-08-06,0
10003,5120,1084,1,2023-03-16,0
10004,5302,1031,4,2023-11-27,0
10005,5491,1069,4,2023-08-25,40
10006,5400,1088,8,2023-12-05,50
10007,5452,1033,1,2023-08-28,10
10008,5500,1072,3,2023-06-14,40
10009,5165,1088,1,2023-11-30,40
10010,5182,1050,9,2023-06-06,20
10011,5469,1084,9,2023-07-30,30
10012,5398,1016,7,2023-10-04,40
10013,5223,1076,8,2023-08-04,20
10014,5311,1077,1,2023-08-06,50
10015,5432,1039,5,2023-08-21,50
10016,5466,1089,2,2023-01-12,10
10017,5007,1046,1,2023-03-24,20
10018,5330,1096,3,2023-04-23,40
10019,5263,1088,7,2023-09-28,10
10020,5161,1047,1,2023-07-14,20
10021,5151,1044,2,2023-05-21,40
10022,5085,1009,2,2023-05-04,10
10023,5147,1087,4,2023-05-21,10
10024,5112,1050,3,2023-07-27,30
10025,5381,1077,3,2023-04-25,50
10026,5403,1060,5,2023-07-25,40
10027,5036,1096,3,2023-10-15,30
10028,5285,1015,7,2023-12-21,10
10029,5188,1036,5,2023-12-09,10
10030,5082,1063,4,2023-05-29,20
10031,5002,1069,3,2023-07-29,30
10032,5385,1086,4,2023-04-22,0
10033,5303,1080,2,2023-05-22,40
10034,5197,1041,1,2023-01-24,50
10035,5404,1074,3,2023-02-18,30
10036,5011,1024,2,2023-10-15,10
10037,5234,1082,1,2023-11-27,20
10038,5386,1049,1,2023-12-31,40
10039,5195,1018,2,2023-01-11,50
10040,5471,1007,9,2023-07-07,40
10041,5119,1004,5,2023-03-09,20
10042,5396,1090,9,2023-03-31,10
10043,5020,1069,8,2023-04-20,50
10044,5261,1060,6,2023-06-13,0
10045,5293,1055,1,2023-07-25,20
10046,5422,1016,5,2023-02-01,0
10047,5256,1099,1,2023-11-23,30
10048,5222,1090,7,2023-03-15,40
10049,5393,1082,8,2023-09-08,50
10050,5226,1029,8,2023-12-21,10
10051,5053,1023,7,2023-01-21,0
10052,5428,1014,2,2023-10-23,10
10053,5355,1079,5,2023-10-25,30
10054,5500,1049,4,2023-11-24,0
10055,5342,1033,5,2023-10-29,10
10056,5364,1025,9,2023-12-04,10
10057,5280,1021,4,2023-03-14,30
10058,5081,1017,8,2023-02-10,20
10059,5202,1023,8,2023-04-04,50
10060,5158,1057,2,2023-05-12,30
10061,5120,1081,6,2023-04-09,0
10062,5059,1058,5,2023-02-22,0
10063,5494,1014,2,2023-08-17,40
10064,5215,1093,4,2023-05-08,10
10065,5128,1020,7,2023-07-31,50
10066,5224,1030,1,2023-10-12,0
10067,5209,1019,9,2023-10-06,20
10068,5370,1053,1,2023-12-07,20
10069,5115,1056,5,2023-06-08,30
10070,5209,1077,7,2023-12-18,0
10071,5014,1082,8,2023-08-21,50
10072,5009,1023,2,2023-03-12,50
10073,5040,1062,4,2023-07-24,0
10074,5450,1033,2,2023-07-08,40
10075,5237,1018,4,2023-05-31,40
10076,5281,1073,6,2023-01-08,40
10077,5359,1033,6,2023-11-28,0
10078,5201,1032,2,2023-04-10,30
10079,5246,1061,4,2023-01-16,50
10080,5278,1054,4,2023-06-03,30
10081,5235,1017,1,2023-06-06,30
10082,5494,1019,2,2023-04-03,30
10083,5004,1091,3,2023-09-19,20
10084,5154,1070,5,2023-02-06,0
10085,5442,1099,8,2023-06-10,10
10086,5029,1034,6,2023-12-17,0
10087,5109,1084,3,2023-06-23,30
10088,5098,1025,6,2023-11-13,20
10089,5215,1068,7,2023-01-18,20
10090,5293,1074,6,2023-12-17,0
10091,5075,1074,6,2023-01-16,10
10092,5326,1088,1,2023-12-26,30
10093,5146,1085,3,2023-09-27,20
10094,5128,1011,7,2023-12-25,30
10095,5341,1091,4,2023-03-09,30
10096,5042,1016,4,2023-01-30,50
10097,5356,1090,7,2023-11-12,30
10098,5041,1061,9,2023-11-05,40
10099,5422,1094,2,2023-08-13,50
10100,5034,1080,9,2023-06-13,30
10101,5017,1007,3,2023-11-16,30
10102,5165,1016,6,2023-01-14,10
10103,5153,1099,4,2023-10-06,50
10104,5486,1016,1,2023-06-05,50
10105,5378,1040,9,2023-05-02,10
10106,5076,1012,6,2023-09-20,40
10107,5087,1035,8,2023-06-19,50
10108,5117,1021,2,2023-01-10,40
10109,5362,1050,7,2023-06-21,30
10110,5342,1043,6,2023-12-24,20
10111,5469,1100,2,2023-01-13,20
10112,5027,1017,2,2023-08-01,0
10113,5313,1032,4,2023-06-10,20
10114,5287,1041,4,2023-08-20,20
10115,5134,1006,3,2023-06-09,10
10116,5219,1088,8,2023-05-07,0
10117,5168,1027,7,2023-02-17,0
10118,5098,1020,2,2023-09-18,10
10119,5268,1025,3,2023-03-02,20
10120,5237,1066,9,2023-05-02,20
10121,5309,1009,5,2023-03-31,0
10122,5455,1092,2,2023-12-25,20
10123,5394,1053,3,2023-09-12,0
10124,5173,1061,8,2023-03-31,20
10125,5401,1038,4,2023-01-03,30
10126,5410,1003,2,2023-10-07,10
10127,5469,1084,2,2023-04-27,50
10128,5476,1070,6,2023-04-08,40
10129,5190,1097,8,2023-06-11,30
10130,5122,1055,7,2023-12-06,20
10131,5046,1001,4,2023-10-25,40
10132,5064,1070,2,2023-10-24,50
10133,5130,1045,9,2023-03-23,30
10134,5310,1098,4,2023-12-24,50
10135,5363,1047,9,2023-05-28,10
10136,5193,1079,5,2023-01-06,40
10137,5307,1026,7,2023-07-04,50
10138,5181,1014,5,2023-09-09,40
10139,5292,1054,2,2023-01-25,10
10140,5371,1071,6,2023-02-10,50
10141,5282,1046,7,2023-06-18,30
10142,5029,1031,6,2023-01-03,40
10143,5149,1088,3,2023-12-30,50
10144,5267,1059,8,2023-06-20,10
10145,5296,1095,3,2023-02-26,50
10146,5011,1029,5,2023-03-24,50
10147,5164,1096,9,2023-11-26,30
10148,5113,1017,5,2023-06-28,20
10149,5187,1014,7,2023-05-13,0
10150,5295,1036,7,2023-03-27,20
10151,5232,1058,5,2023-12-19,20
10152,5227,1024,2,2023-09-28,0
10153,5310,1063,5,2023-12-10,50
10154,5098,1091,7,2023-04-04,20
10155,5055,1025,7,2023-12-22,20
10156,5111,1059,4,2023-09-07,10
10157,5152,1032,1,2023-10-22,10
10158,5246,1082,6,2023-07-17,30
10159,5406,1018,3,2023-03-20,40
10160,5069,1037,5,2023-06-15,50
10161,5312,1026,4,2023-02-08,30
10162,5289,1009,2,2023-11-04,10
10163,5250,1099,7,2023-08-02,10
10164,5036,1064,5,2023-05-11,0
10165,5239,1072,7,2023-06-06,0
10166,5148,1020,9,2023-06-08,10
10167,5467,1054,4,2023-11-18,20
10168,5227,1086,5,2023-08-15,30
10169,5244,1083,9,2023-02-14,10
10170,5491,1030,4,2023-07-20,50
10171,5337,1053,5,2023-01-22,10
10172,5446,1092,5,2023-12-05,0
10173,5365,1099,8,2023-08-30,30
10174,5491,1063,4,2023-08-17,30
10175,5482,1011,4,2023-08-26,40
10176,5201,1031,7,2023-05-29,10
10177,5154,1049,5,2023-09-30,40
10178,5450,1100,6,2023-03-08,0
10179,5073,1094,6,2023-01-07,40
10180,5201,1087,6,2023-08-21,20
10181,5296,1019,5,2023-12-23,10
10182,5017,1012,5,2023-10-19,10
10183,5129,1015,9,2023-09-13,30
10184,5217,1031,8,2023-03-08,40
10185,5061,1043,4,2023-09-07,30
10186,5427,1037,7,2023-03-18,50
10187,5104,1079,8,2023-03-28,40
10188,5042,1029,9,2023-09-09,40
10189,5025,1026,5,2023-08-10,0
10190,5039,1002,3,2023-03-13,40
10191,5291,1084,4,2023-07-21,30
10192,5131,1015,6,2023-02-28,50
10193,5498,1004,5,2023-10-03,40
10194,5229,1086,9,2023-08-09,40
10195,5108,1050,3,2023-06-06,10
10196,5172,1038,2,2023-06-30,10
10197,5435,1023,6,2023-08-01,50
10198,5478,1059,7,2023-05-09,10
10199,5102,1090,5,2023-08-31,20
10200,5354,1075,1,2023-06-21,10
10201,5012,1028,3,2023-12-31,20
10202,5275,1066,3,2023-09-27,50
10203,5101,1008,4,2023-06-12,20
10204,5044,1029,6,2023-01-24,50
10205,5443,1011,5,2023-07-12,30
10206,5305,1018,1,2023-10-21,10
10207,5445,1055,6,2023-05-09,40
10208,5017,1050,9,2023-02-10,0
10209,5330,1014,1,2023-01-31,40
10210,5057,1074,8,2023-02-05,10
10211,5311,1099,8,2023-12-27,40
10212,5497,1009,3,2023-09-10,10
10213,5303,1099,9,2023-12-31,10
10214,5012,1011,8,2023-08-03,40
10215,5318,1063,3,2023-10-14,20
10216,5080,1076,5,2023-09-13,30
10217,5216,1067,3,2023-07-05,30
10218,5339,1053,5,2023-03-02,30
10219,5264,1039,9,2023-09-19,30
10220,5479,1078,4,2023-10-03,0
10221,5149,1056,6,2023-04-21,50
10222,5081,1028,3,2023-11-13,10
10223,5215,1075,3,2023-05-21,0
10224,5485,1039,5,2023-08-21,30
10225,5374,1025,8,2023-01-23,30
10226,5464,1021,8,2023-03-20,40
10227,5198,1010,3,2023-01-31,30
10228,5200,1043,8,2023-01-04,10
10229,5025,1015,8,2023-04-28,30
10230,5466,1083,3,2023-03-07,30
10231,5089,1048,2,2023-10-14,0
10232,5268,1086,2,2023-06-25,10
10233,5143,1021,9,2023-05-03,20
10234,5059,1060,7,2023-08-19,40
10235,5410,1096,6,2023-02-12,20
10236,5489,1050,7,2023-01-04,50
10237,5365,1023,8,2023-07-09,0
10238,5026,1013,1,2023-10-31,30
10239,5047,1069,8,2023-09-07,40
10240,5288,1004,3,2023-05-24,50
10241,5266,1092,3,2023-12-11,50
10242,5016,1078,6,2023-11-29,10
10243,5199,1072,4,2023-06-07,40
10244,5401,1009,4,2023-03-06,50
10245,5407,1035,4,2023-11-21,0
10246,5282,1021,9,2023-09-27,30
10247,5469,1058,8,2023-03-16,0
10248,5086,1018,3,2023-01-29,50
10249,5250,1097,1,2023-12-01,10
10250,5391,1072,1,2023-08-26,20
10251,5270,1081,1,2023-06-02,30
10252,5335,1043,4,2023-04-04,30
10253,5117,1095,6,2023-08-25,0
10254,5007,1098,4,2023-11-18,0
10255,5137,1006,3,2023-04-25,0
10256,5371,1086,8,2023-10-23,50
10257,5176,1078,8,2023-08-07,30
10258,5328,1067,6,2023-09-03,0
10259,5498,1012,9,2023-02-01,40
10260,5315,1100,1,2023-01-20,50
10261,5215,1012,8,2023-02-22,50
10262,5477,1066,6,2023-07-25,40
10263,5082,1002,1,2023-08-07,40
10264,5223,1015,4,2023-07-14,50
10265,5478,1023,5,2023-11-01,30
10266,5372,1029,7,2023-07-14,0
10267,5423,1081,8,2023-12-11,10
10268,5483,1096,9,2023-03-23,0
10269,5402,1007,6,2023-01-01,30
10270,5443,1094,9,2023-06-16,40
10271,5490,1028,4,2023-11-13,30
10272,5103,1014,8,2023-07-02,0
10273,5273,1044,3,2023-12-16,30
10274,5014,1030,4,2023-09-30,10
10275,5159,1081,4,2023-06-06,30
10276,5152,1032,6,2023-12-28,20
10277,5483,1070,9,2023-07-20,30
10278,5108,1088,6,2023-07-11,0
10279,5188,1006,1,2023-12-07,20
10280,5301,1027,5,2023-10-26,40
10281,5098,1082,9,2023-03-17,0
10282,5131,1088,5,2023-05-20,50
10283,5293,1024,6,2023-11-02,10
10284,5171,1034,3,2023-07-15,30
10285,5424,1040,8,2023-03-02,30
10286,5474,1047,4,2023-12-26,0
10287,5183,1079,4,2023-11-03,30
10288,5471,1075,5,2023-11-29,30
10289,5364,1086,9,2023-12-20,40
10290,5039,1024,8,2023-03-24,30
10291,5015,1065,7,2023-11-30,30
10292,5376,1018,5,2023-01-05,40
10293,5497,1044,9,2023-08-07,50
10294,5004,1076,9,2023-09-11,30
10295,5349,1057,2,2023-03-29,50
10296,5470,1028,4,2023-07-28,40
10297,5409,1071,8,2023-06-29,10
10298,5397,1023,1,2023-07-27,30
10299,5210,1085,5,2023-09-30,0
10300,5161,1034,8,2023-03-06,20
10301,5016,1011,2,2023-01-21,10
10302,5493,1086,2,2023-06-26,30
10303,5426,1035,8,2023-12-29,0
10304,5108,1093,9,2023-01-22,20
10305,5382,1042,7,2023-11-21,40
10306,5450,1028,8,2023-02-05,30
10307,5311,1082,5,2023-09-07,50
10308,5227,1078,1,2023-05-29,50
10309,5170,1082,4,2023-03-14,40
10310,5034,1092,2,2023-04-01,10
10311,5414,1024,3,2023-06-25,50
10312,5251,1008,3,2023-05-06,20
10313,5247,1053,9,2023-07-23,50
10314,5269,1072,4,2023-09-03,20
10315,5141,1004,2,2023-04-09,50
10316,5274,1091,3,2023-09-28,40
10317,5416,1100,3,2023-02-13,40
10318,5096,1005,7,2023-08-10,50
10319,5227,1097,8,2023-04-07,10
10320,5379,1049,6,2023-02-05,0
10321,5039,1098,4,2023-06-17,50
10322,5302,1030,6,2023-01-30,30
10323,5500,1072,1,2023-10-09,0
10324,5029,1063,8,2023-03-26,50
10325,5446,1047,1,2023-12-23,20
10326,5497,1026,5,2023-05-01,30
10327,5477,1057,2,2023-10-14,10
10328,5318,1037,6,2023-09-05,0
10329,5245,1098,9,2023-07-03,0
10330,5236,1007,5,2023-09-10,30
10331,5185,1040,4,2023-09-30,10
10332,5272,1092,2,2023-07-28,50
10333,5440,1039,3,2023-12-20,10
10334,5236,1062,6,2023-01-24,50
10335,5239,1092,8,2023-05-02,0
10336,5377,1078,8,2023-08-13,50
10337,5266,1053,5,2023-05-03,0
10338,5414,1004,5,2023-10-21,40
10339,5409,1082,3,2023-06-22,30
10340,5359,1025,7,2023-05-23,10
10341,5340,1007,6,2023-06-18,20
10342,5389,1028,1,2023-02-26,30
10343,5065,1069,4,2023-02-11,50
10344,5478,1067,6,2023-11-05,40
10345,5177,1095,6,2023-04-29,30
10346,5003,1020,3,2023-05-01,0
10347,5429,1083,6,2023-11-08,30
10348,5142,1011,6,2023-09-08,50
10349,5376,1067,9,2023-12-09,30
10350,5158,1087,9,2023-11-28,30
10351,5498,1007,2,2023-12-07,50
10352,5324,1023,4,2023-12-07,20
10353,5146,1061,9,2023-12-03,40
10354,5446,1071,4,2023-07-01,30
10355,5293,1034,8,2023-06-14,30
10356,5153,1019,3,2023-09-21,20
10357,5432,1058,3,2023-07-29,10
10358,5193,1009,9,2023-01-11,30
10359,5437,1048,8,2023-07-01,50
10360,5494,1082,1,2023-09-08,50
10361,5463,1041,2,2023-05-18,30
10362,5073,1048,3,2023-08-06,10
10363,5399,1045,2,2023-08-27,50
10364,5305,1025,3,2023-12-03,30
10365,5377,1078,8,2023-03-28,30
10366,5344,1025,6,2023-10-25,30
10367,5452,1019,7,2023-10-20,40
10368,5140,1039,6,2023-04-02,50
10369,5187,1079,1,2023-07-27,0
10370,5293,1080,3,2023-07-23,40
10371,5061,1027,1,2023-07-05,10
10372,5485,1074,9,2023-03-26,40
10373,5427,1063,9,2023-11-11,40
10374,5380,1068,5,2023-06-01,20
10375,5198,1019,4,2023-06-05,10
10376,5295,1028,9,2023-10-20,10
10377,5440,1085,9,2023-01-21,10
10378,5319,1078,3,2023-06-10,40
10379,5302,1033,5,2023-12-05,10
10380,5344,1010,3,2023-06-05,50
10381,5011,1083,2,2023-05-23,20
10382,5062,1030,1,2023-09-14,30
10383,5333,1022,2,2023-04-17,40
10384,5226,1003,8,2023-10-11,30
10385,5153,1082,8,2023-02-19,30
10386,5199,1075,3,2023-02-04,40
10387,5052,1048,7,2023-08-12,50
10388,5260,1002,7,2023-06-05,40
10389,5059,1076,2,2023-07-10,10
10390,5072,1054,9,2023-07-03,20
10391,5148,1006,3,2023-08-25,40
10392,5349,1040,2,2023-10-24,30
10393,5063,1093,3,2023-11-19,40
10394,5310,1094,2,2023-10-31,20
10395,5373,1002,8,2023-12-08,0
10396,5243,1073,5,2023-02-27,50
10397,5493,1002,3,2023-02-08,30
10398,5366,1093,5,2023-08-29,0
10399,5330,1097,8,2023-01-25,0
10400,5107,1074,7,2023-11-12,20
10401,5226,1098,6,2023-04-27,50
10402,5313,1055,1,2023-12-08,40
10403,5218,1072,1,2023-08-28,0
10404,5425,1060,1,2023-06-24,10
10405,5241,1097,8,2023-12-06,40
10406,5259,1006,8,2023-08-16,50
10407,5376,1019,7,2023-09-10,30
10408,5262,1096,6,2023-04-21,40
10409,5005,1027,4,2023-08-29,20
10410,5261,1001,1,2023-08-12,20
10411,5054,1033,9,2023-10-25,30
10412,5047,1040,1,2023-02-21,30
10413,5215,1032,4,2023-08-09,30
10414,5177,1069,3,2023-10-31,20
10415,5009,1017,7,2023-10-15,50
10416,5099,1008,5,2023-06-01,50
10417,5020,1057,5,2023-04-28,40
10418,5378,1042,4,2023-10-06,0
10419,5241,1098,1,2023-05-15,0
10420,5061,1009,5,2023-07-28,10
10421,5379,1087,4,2023-05-07,20
10422,5490,1035,8,2023-10-20,30
10423,5419,1071,2,2023-01-07,50
10424,5178,1079,8,2023-08-10,40
10425,5338,1053,1,2023-03-18,50
10426,5062,1054,4,2023-12-04,20
10427,5145,1084,3,2023-12-17,10
10428,5216,1025,5,2023-10-05,50
10429,5003,1067,5,2023-11-30,0
10430,5160,1062,5,2023-12-04,40
10431,5227,1055,4,2023-08-15,0
10432,5486,1046,8,2023-10-02,40
10433,5269,1024,3,2023-12-17,30
10434,5120,1098,4,2023-10-22,40
10435,5381,1046,1,2023-04-27,30
10436,5495,1022,7,2023-10-19,20
10437,5089,1011,1,2023-09-28,0
10438,5329,1048,2,2023-06-06,40
10439,5068,1008,7,2023-03-01,40
10440,5398,1039,1,2023-07-03,10
10441,5357,1035,3,2023-05-24,0
10442,5098,1049,6,2023-06-10,20
10443,5267,1046,6,2023-03-30,30
10444,5105,1038,6,2023-01-16,20
10445,5440,1008,2,2023-09-06,10
10446,5323,1054,2,2023-04-08,20
10447,5123,1037,6,2023-04-14,30
10448,5476,1091,5,2023-10-27,0
10449,5029,1092,7,2023-08-23,50
10450,5137,1040,7,2023-11-03,10
10451,5195,1034,5,2023-10-01,40
10452,5409,1096,8,2023-09-18,40
10453,5226,1079,6,2023-08-27,0
10454,5332,1017,5,2023-09-19,50
10455,5170,1033,4,2023-11-28,20
10456,5009,1047,7,2023-04-25,40
10457,5463,1052,4,2023-09-25,10
10458,5040,1080,5,2023-01-12,50
10459,5025,1093,5,2023-03-14,30
10460,5261,1009,1,2023-12-28,20
10461,5395,1033,1,2023-11-01,50
10462,5443,1060,3,2023-06-27,30
10463,5226,1093,3,2023-09-17,50
10464,5472,1077,2,2023-09-16,50
10465,5124,1021,2,2023-09-27,20
10466,5463,1058,6,2023-11-16,10
10467,5038,1085,1,2023-04-30,30
10468,5328,1069,6,2023-06-18,10
10469,5251,1010,5,2023-03-09,30
10470,5389,1006,6,2023-02-28,20
10471,5176,1013,5,2023-05-10,10
10472,5090,1065,7,2023-09-23,20
10473,5402,1020,1,2023-03-16,50
10474,5454,1057,3,2023-03-31,50
10475,5037,1046,6,2023-12-23,20
10476,5316,1008,1,2023-06-03,30
10477,5176,1010,7,2023-08-06,50
10478,5461,1073,4,2023-01-28,30
10479,5284,1067,3,2023-05-10,10
10480,5453,1011,9,2023-03-07,40
10481,5461,1012,1,2023-05-24,50
10482,5081,1010,8,2023-11-09,50
10483,5114,1025,1,2023-10-04,0
10484,5040,1049,5,2023-04-13,30
10485,5301,1049,8,2023-11-10,20
10486,5224,1089,6,2023-02-06,0
10487,5318,1011,7,2023-09-06,10
10488,5349,1062,8,2023-06-05,0
10489,5115,1036,6,2023-05-12,0
10490,5186,1039,6,2023-02-16,40
10491,5323,1053,6,2023-07-14,40
10492,5056,1090,5,2023-04-13,0
10493,5040,1078,8,2023-11-24,40
10494,5354,1056,2,2023-06-20,40
10495,5040,1001,7,2023-03-30,0
10496,5347,1056,4,2023-09-03,30
10497,5461,1004,1,2023-02-27,40
10498,5237,1030,5,2023-04-15,0
10499,5289,1012,3,2023-06-29,30
10500,5262,1035,4,2023-03-10,50
10501,5216,1077,7,2023-10-29,40
10502,5147,1052,5,2023-06-02,0
10503,5336,1031,4,2023-01-25,40
10504,5168,1087,1,2023-02-04,30
10505,5092,1068,6,2023-01-15,0
10506,5353,1052,6,2023-04-16,30
10507,5059,1080,7,2023-08-06,50
10508,5059,1007,1,2023-03-15,20
10509,5304,1022,4,2023-12-10,10
10510,5169,1093,9,2023-10-12,20
10511,5269,1075,6,2023-02-07,40
10512,5363,1056,2,2023-07-16,30
10513,5045,1097,4,2023-10-07,0
10514,5345,1058,6,2023-10-02,30
10515,5181,1093,4,2023-06-23,40
10516,5170,1064,7,2023-11-01,0
10517,5356,1012,3,2023-02-13,20
10518,5191,1007,6,2023-06-03,30
10519,5155,1055,4,2023-06-02,10
10520,5422,1062,3,2023-10-18,50
10521,5188,1090,3,2023-05-22,50
10522,5007,1073,2,2023-09-13,40
10523,5133,1098,3,2023-11-08,40
10524,5235,1077,1,2023-05-14,30
10525,5045,1055,3,2023-02-01,20
10526,5314,1036,9,2023-01-26,20
10527,5249,1089,4,2023-09-12,10
10528,5499,1024,3,2023-08-11,10
10529,5031,1044,8,2023-02-25,30
10530,5023,1017,1,2023-10-20,0
10531,5426,1002,5,2023-05-05,20
10532,5394,1013,1,2023-08-18,0
10533,5160,1031,7,2023-02-22,0
10534,5363,1093,5,2023-04-11,30
10535,5437,1028,2,2023-11-30,10
10536,5158,1060,1,2023-10-19,0
10537,5039,1027,7,2023-12-23,30
10538,5415,1015,1,2023-09-24,10
10539,5082,1095,3,2023-10-10,0
10540,5356,1079,6,2023-01-02,0
10541,5258,1033,6,2023-01-22,10
10542,5206,1020,7,2023-03-07,50
10543,5077,1042,1,2023-07-31,10
10544,5477,1012,7,2023-08-24,40
10545,5012,1073,2,2023-01-17,40
10546,5295,1023,6,2023-01-14,30
10547,5450,1072,8,2023-01-07,30
10548,5224,1096,5,2023-12-01,20
10549,5013,1014,3,2023-08-10,40
10550,5046,1091,8,2023-04-14,10
10551,5155,1025,8,2023-01-01,40
10552,5113,1077,4,2023-10-14,50
10553,5233,1085,8,2023-09-04,30
10554,5017,1031,5,2023-04-01,50
10555,5360,1054,5,2023-11-10,30
10556,5223,1005,3,2023-11-08,50
10557,5354,1013,7,2023-08-02,30
10558,5188,1028,9,2023-02-12,10
10559,5448,1043,9,2023-03-15,50
10560,5344,1089,1,2023-08-30,0
10561,5365,1099,1,2023-02-18,30
10562,5163,1047,5,2023-12-30,40
10563,5496,1071,1,2023-11-12,0
10564,5326,1038,4,2023-08-10,40
10565,5467,1096,1,2023-12-16,30
10566,5414,1067,2,2023-05-24,10
10567,5455,1062,2,2023-11-25,0
10568,5074,1039,4,2023-07-28,0
10569,5233,1037,8,2023-04-09,30
10570,5224,1086,2,2023-07-07,50
10571,5482,1008,9,2023-04-24,30
10572,5319,1081,9,2023-06-24,30
10573,5412,1052,2,2023-09-28,20
10574,5060,1091,1,2023-03-04,10
10575,5335,1033,9,2023-10-11,50
10576,5222,1081,2,2023-08-13,10
10577,5037,1042,8,2023-06-10,30
10578,5477,1076,3,2023-02-05,20
10579,5278,1027,1,2023-05-21,30
10580,5196,1008,1,2023-11-14,30
10581,5404,1023,2,2023-07-15,10
10582,5352,1064,7,2023-05-31,20
10583,5484,1093,6,2023-09-26,10
10584,5242,1020,2,2023-12-10,30
10585,5324,1016,4,2023-02-09,40
10586,5219,1017,2,2023-08-26,0
10587,5192,1080,1,2023-08-10,50
10588,5017,1019,3,2023-10-08,30
10589,5012,1008,4,2023-08-13,50
10590,5406,1038,5,2023-06-03,20
10591,5401,1038,5,2023-10-07,40
10592,5394,1053,7,2023-12-19,50
10593,5374,1093,8,2023-02-08,50
10594,5193,1100,9,2023-08-05,20
10595,5022,1090,7,2023-09-01,30
10596,5474,1031,5,2023-04-19,30
10597,5120,1044,9,2023-03-02,0
10598,5210,1060,8,2023-07-17,20
10599,5306,1076,9,2023-10-03,40
10600,5270,1017,8,2023-06-21,0
10601,5192,1079,6,2023-09-29,20
10602,5175,1073,4,2023-09-28,30
10603,5285,1039,9,2023-02-11,0
10604,5204,1042,9,2023-07-08,30
10605,5164,1048,9,2023-09-17,10
10606,5251,1012,3,2023-06-01,10
10607,5227,1096,3,2023-05-11,0
10608,5436,1089,6,2023-04-24,0
10609,5381,1018,6,2023-08-10,20
10610,5460,1079,6,2023-02-23,40
10611,5007,1096,5,2023-12-04,40
10612,5029,1006,5,2023-10-23,10
10613,5395,1043,2,2023-02-11,10
10614,5033,1035,7,2023-04-03,10
10615,5134,1098,4,2023-09-17,30
10616,5367,1054,3,2023-10-08,40
10617,5079,1062,8,2023-12-22,0
10618,5416,1069,4,2023-07-11,10
10619,5435,1082,4,2023-05-05,50
10620,5459,1016,8,2023-10-23,20
10621,5058,1008,1,2023-12-14,0
10622,5471,1089,9,2023-12-07,0
10623,5026,1096,7,2023-02-04,0
10624,5482,1090,2,2023-02-16,40
10625,5430,1086,6,2023-06-02,10
10626,5226,1031,8,2023-08-26,20
10627,5285,1010,5,2023-01-05,30
10628,5004,1056,6,2023-05-05,20
10629,5465,1076,8,2023-11-24,20
10630,5099,1092,6,2023-03-28,50
10631,5397,1070,9,2023-01-03,20
10632,5489,1020,9,2023-06-14,30
10633,5039,1005,9,2023-08-11,20
10634,5271,1023,6,2023-12-15,50
10635,5375,1009,9,2023-10-24,20
10636,5285,1058,3,2023-12-09,10
10637,5157,1059,5,2023-12-07,50
10638,5075,1093,2,2023-01-25,10
10639,5372,1080,8,2023-02-08,10
10640,5288,1054,4,2023-04-15,0
10641,5130,1046,6,2023-01-05,50
10642,5175,1022,6,2023-05-16,20
10643,5462,1064,5,2023-01-04,40
10644,5084,1008,1,2023-06-18,40
10645,5022,1020,7,2023-11-12,40
10646,5459,1051,8,2023-11-06,30
10647,5027,1078,1,2023-03-19,10
10648,5195,1039,7,2023-01-19,10
10649,5337,1037,4,2023-07-24,10
10650,5382,1050,6,2023-12-21,50
10651,5236,1034,9,2023-11-20,30
10652,5440,1075,5,2023-02-02,20
10653,5092,1033,8,2023-05-30,0
10654,5477,1031,5,2023-07-12,50
10655,5021,1054,2,2023-05-19,10
10656,5303,1044,4,2023-09-29,20
10657,5464,1034,2,2023-07-15,40
10658,5357,1071,7,2023-05-07,0
10659,5443,1062,7,2023-12-15,40
10660,5084,1023,3,2023-08-19,20
10661,5262,1046,7,2023-02-13,20
10662,5147,1056,1,2023-08-18,40
10663,5441,1007,1,2023-08-04,50
10664,5453,1089,9,2023-09-01,0
10665,5387,1061,6,2023-01-09,40
10666,5257,1003,5,2023-09-07,40
10667,5058,1038,6,2023-07-19,50
10668,5380,1084,6,2023-11-30,40
10669,5422,1034,1,2023-03-20,0
10670,5015,1044,5,2023-09-02,30
10671,5162,1030,9,2023-07-09,0
10672,5445,1017,4,2023-03-27,50
10673,5163,1059,3,2023-09-28,40
10674,5320,1010,1,2023-09-19,10
10675,5497,1099,2,2023-01-01,10
10676,5281,1084,3,2023-01-20,20
10677,5280,1018,4,2023-05-10,30
10678,5012,1045,7,2023-11-22,50
10679,5274,1091,6,2023-09-15,20
10680,5271,1059,8,2023-05-11,20
10681,5492,1062,9,2023-01-07,10
10682,5208,1059,6,2023-12-06,0
10683,5027,1049,7,2023-08-29,20
10684,5072,1100,4,2023-07-11,20
10685,5060,1063,2,2023-11-06,30
10686,5430,1087,9,2023-10-24,10
10687,5473,1032,9,2023-04-25,0
10688,5145,1010,4,2023-04-12,30
10689,5093,1011,3,2023-12-04,0
10690,5309,1070,6,2023-11-15,0
10691,5008,1062,3,2023-01-01,20
10692,5079,1047,1,2023-01-25,30
10693,5027,1034,4,2023-07-28,20
10694,5174,1100,1,2023-05-23,40
10695,5050,1017,2,2023-07-16,0
10696,5500,1054,3,2023-05-25,30
10697,5199,1076,8,2023-05-29,10
10698,5387,1085,4,2023-06-30,20
10699,5349,1040,4,2023-02-24,40
10700,5448,1019,9,2023-12-29,50
10701,5428,1067,7,2023-05-18,40
10702,5181,1082,2,2023-07-28,40
10703,5024,1053,3,2023-07-04,20
10704,5316,1064,4,2023-03-06,10
10705,5378,1083,4,2023-02-06,30
10706,5387,1047,8,2023-04-22,0
10707,5404,1006,6,2023-09-20,10
10708,5046,1016,3,2023-03-17,20
10709,5015,1072,9,2023-10-23,50
10710,5153,1018,8,2023-06-27,30
10711,5222,1052,9,2023-09-11,0
10712,5206,1048,5,2023-01-01,50
10713,5455,1043,3,2023-05-28,30
10714,5273,1039,4,2023-12-30,0
10715,5382,1049,5,2023-06-08,0
10716,5236,1012,9,2023-11-20,40
10717,5340,1010,9,2023-09-25,50
10718,5228,1071,3,2023-05-30,50
10719,5009,1055,7,2023-05-09,20
10720,5166,1001,6,2023-05-06,10
10721,5432,1049,4,2023-01-01,40
10722,5444,1036,5,2023-04-27,40
10723,5319,1021,2,2023-05-29,30
10724,5214,1037,7,2023-09-26,50
10725,5117,1024,4,2023-07-08,0
10726,5386,1055,2,2023-05-21,0
10727,5344,1025,6,2023-04-15,30
10728,5072,1007,2,2023-09-09,50
10729,5395,1081,2,2023-10-08,20
10730,5064,1093,7,2023-12-10,0
10731,5205,1094,1,2023-04-11,40
10732,5209,1071,7,2023-10-09,40
10733,5072,1097,5,2023-12-24,50
10734,5277,1071,1,2023-06-12,0
10735,5274,1024,6,2023-07-22,0
10736,5478,1011,7,2023-04-10,20
10737,5320,1073,1,2023-10-08,50
10738,5338,1012,9,2023-09-14,0
10739,5366,1035,7,2023-04-04,20
10740,5495,1063,1,2023-11-20,40
10741,5095,1068,3,2023-10-06,20
10742,5166,1100,5,2023-08-15,0
10743,5032,1092,4,2023-12-28,10
10744,5011,1057,2,2023-05-30,50
10745,5301,1013,1,2023-12-17,0
10746,5217,1023,4,2023-03-03,10
10747,5289,1083,7,2023-05-09,40
10748,5102,1039,4,2023-07-06,50
10749,5425,1088,9,2023-03-09,30
10750,5392,1080,8,2023-01-30,50
10751,5267,1097,8,2023-10-31,40
10752,5214,1012,5,2023-10-02,40
10753,5179,1034,1,2023-05-07,40
10754,5088,1071,9,2023-08-01,20
10755,5041,1075,2,2023-11-02,40
10756,5401,1031,6,2023-05-14,30
10757,5076,1093,5,2023-08-07,0
10758,5377,1062,8,2023-11-15,10
10759,5046,1013,3,2023-06-06,50
10760,5160,1031,6,2023-07-07,50
10761,5463,1002,6,2023-06-11,40
10762,5080,1015,3,2023-05-09,10
10763,5310,1057,7,2023-10-31,40
10764,5086,1075,4,2023-03-30,20
10765,5092,1034,5,2023-06-11,10
10766,5148,1068,9,2023-02-05,40
10767,5161,1075,6,2023-08-15,40
10768,5202,1029,4,2023-05-31,30
10769,5424,1066,8,2023-03-22,30
10770,5416,1016,9,2023-02-16,30
10771,5242,1039,5,2023-07-23,20
10772,5353,1077,2,2023-05-28,10
10773,5002,1037,6,2023-08-19,20
10774,5225,1081,8,2023-01-27,0
10775,5289,1021,5,2023-07-08,40
10776,5233,1044,1,2023-06-14,40
10777,5461,1019,8,2023-07-31,40
10778,5414,1071,9,2023-11-04,30
10779,5417,1008,1,2023-03-16,40
10780,5077,1077,8,2023-04-02,30
10781,5116,1066,2,2023-03-03,0
10782,5154,1041,4,2023-03-07,20
10783,5406,1075,2,2023-03-21,20
10784,5103,1088,2,2023-05-20,20
10785,5194,1070,3,2023-05-10,30
10786,5166,1061,8,2023-09-11,50
10787,5359,1026,4,2023-11-16,50
10788,5090,1071,7,2023-01-29,10
10789,5174,1083,3,2023-07-21,50
10790,5122,1070,3,2023-08-25,10
10791,5498,1029,2,2023-03-28,0
10792,5143,1066,6,2023-04-06,10
10793,5482,1019,6,2023-10-14,0
10794,5106,1068,1,2023-12-05,40
10795,5375,1058,7,2023-10-16,20
10796,5428,1070,4,2023-09-09,50
10797,5305,1057,3,2023-06-29,30
10798,5360,1037,8,2023-04-10,0
10799,5459,1061,2,2023-03-14,50
10800,5317,1092,9,2023-05-11,30
10801,5451,1030,8,2023-07-01,30
10802,5123,1071,8,2023-07-13,20
10803,5390,1073,3,2023-01-18,40
10804,5009,1025,4,2023-05-06,40
10805,5262,1097,2,2023-07-30,10
10806,5073,1065,2,2023-01-07,50
10807,5359,1006,4,2023-04-24,40
10808,5223,1018,6,2023-12-06,20
10809,5416,1010,5,2023-03-25,50
10810,5041,1092,1,2023-12-05,30
10811,5370,1011,1,2023-12-27,0
10812,5204,1097,6,2023-04-12,0
10813,5264,1065,3,2023-04-03,40
10814,5328,1077,3,2023-11-12,10
10815,5178,1084,7,2023-04-12,0
10816,5348,1065,1,2023-09-08,10
10817,5318,1052,1,2023-01-24,0
10818,5084,1067,3,2023-12-31,10
10819,5318,1082,8,2023-06-16,10
10820,5111,1078,1,2023-05-20,30
10821,5251,1031,4,2023-04-04,20
10822,5383,1091,9,2023-06-30,0
10823,5007,1017,4,2023-03-05,50
10824,5459,1055,8,2023-01-04,40
10825,5084,1093,7,2023-04-04,20
10826,5208,1036,3,2023-09-29,30
10827,5388,1026,7,2023-10-10,30
10828,5390,1053,7,2023-05-12,30
10829,5314,1017,3,2023-03-13,40
10830,5022,1086,2,2023-10-31,0
10831,5410,1025,9,2023-03-22,0
10832,5383,1002,1,2023-06-23,10
10833,5003,1086,7,2023-10-27,10
10834,5127,1005,4,2023-02-21,50
10835,5297,1004,2,2023-10-17,10
10836,5188,1036,2,2023-08-25,40
10837,5362,1006,8,2023-10-04,20
10838,5014,1021,7,2023-10-07,0
10839,5459,1077,7,2023-02-13,10
10840,5466,1089,5,2023-09-11,40
10841,5012,1026,8,2023-12-25,40
10842,5087,1055,2,2023-05-14,50
10843,5012,1039,2,2023-02-25,10
10844,5397,1084,5,2023-01-14,50
10845,5025,1033,1,2023-06-27,30
10846,5301,1014,6,2023-04-11,30
10847,5243,1056,4,2023-06-29,30
10848,5122,1100,6,2023-09-14,10
10849,5147,1081,7,2023-09-25,40
10850,5055,1021,3,2023-12-28,40
10851,5238,1046,8,2023-02-06,0
10852,5356,1016,7,2023-07-23,30
10853,5173,1016,1,2023-09-16,10
10854,5392,1084,6,2023-06-04,0
10855,5221,1029,7,2023-08-26,40
10856,5119,1092,4,2023-11-05,0
10857,5309,1008,2,2023-04-10,30
10858,5183,1088,9,2023-09-30,20
10859,5288,1003,7,2023-04-23,30
10860,5307,1089,1,2023-04-20,30
10861,5300,1019,8,2023-05-23,10
10862,5082,1097,3,2023-06-16,20
10863,5454,1066,4,2023-09-17,50
10864,5402,1079,5,2023-05-25,20
10865,5211,1086,1,2023-08-18,20
10866,5150,1074,6,2023-09-25,40
10867,5037,1082,6,2023-02-01,0
10868,5352,1022,2,2023-10-26,40
10869,5312,1046,6,2023-08-07,50
10870,5361,1091,8,2023-06-26,20
10871,5059,1013,6,2023-04-14,10
10872,5131,1033,4,2023-08-24,50
10873,5412,1005,4,2023-04-03,30
10874,5202,1090,9,2023-07-20,30
10875,5243,1077,6,2023-10-26,40
10876,5035,1027,8,2023-08-19,50
10877,5445,1078,8,2023-09-12,40
10878,5093,1024,7,2023-03-26,10
10879,5438,1067,3,2023-02-04,30
10880,5447,1063,1,2023-04-27,40
10881,5207,1094,5,2023-06-25,0
10882,5353,1099,2,2023-10-03,40
10883,5391,1048,2,2023-03-26,40
10884,5332,1063,7,2023-04-27,20
10885,5305,1078,3,2023-12-28,0
10886,5350,1012,8,2023-07-23,0
10887,5213,1028,9,2023-05-26,10
10888,5159,1044,8,2023-08-03,20
10889,5442,1093,6,2023-04-15,0
10890,5445,1043,5,2023-12-15,20
10891,5024,1017,3,2023-10-24,20
10892,5404,1040,3,2023-12-22,30
10893,5293,1049,7,2023-03-10,0
10894,5004,1085,5,2023-09-12,30
10895,5220,1057,6,2023-08-19,40
10896,5364,1087,6,2023-07-22,40
10897,5382,1084,9,2023-12-28,30
10898,5020,1064,1,2023-09-05,40
10899,5444,1075,8,2023-09-06,30
10900,5152,1057,5,2023-05-24,10
10901,5050,1098,6,2023-10-10,20
10902,5177,1074,6,2023-12-22,10
10903,5435,1074,1,2023-08-29,0
10904,5096,1070,3,2023-12-07,10
10905,5105,1100,6,2023-08-17,10
10906,5420,1088,9,2023-01-31,40
10907,5250,1076,6,2023-04-19,50
10908,5117,1043,6,2023-01-27,50
10909,5354,1023,1,2023-12-09,30
10910,5228,1027,9,2023-06-09,0
10911,5066,1058,4,2023-01-17,50
10912,5335,1037,2,2023-09-24,40
10913,5418,1006,1,2023-05-09,0
10914,5420,1065,3,2023-08-08,20
10915,5262,1006,3,2023-03-23,30
10916,5295,1050,5,2023-02-18,40
10917,5426,1022,1,2023-02-10,10
10918,5243,1088,7,2023-01-20,20
10919,5371,1025,1,2023-11-23,10
10920,5186,1079,4,2023-02-06,50
10921,5246,1090,6,2023-02-08,0
10922,5125,1072,1,2023-04-19,20
10923,5268,1051,7,2023-03-05,40
10924,5131,1088,7,2023-06-24,10
10925,5237,1048,3,2023-10-06,50
10926,5018,1070,4,2023-02-01,10
10927,5040,1099,6,2023-07-28,0
10928,5021,1065,7,2023-01-19,0
10929,5399,1060,4,2023-04-16,50
10930,5225,1046,9,2023-07-25,30
10931,5355,1036,9,2023-09-04,50
10932,5282,1058,9,2023-11-19,30
10933,5008,1076,6,2023-06-16,50
10934,5100,1038,2,2023-03-30,50
10935,5240,1011,2,2023-11-12,0
10936,5478,1012,4,2023-01-11,30
10937,5087,1042,9,2023-02-18,50
10938,5298,1039,3,2023-03-02,10
10939,5428,1071,6,2023-06-20,0
10940,5014,1011,2,2023-05-23,20
10941,5334,1036,1,2023-07-26,0
10942,5002,1052,5,2023-07-20,50
10943,5375,1031,8,2023-01-05,40
10944,5293,1033,2,2023-07-30,40
10945,5325,1013,9,2023-01-29,0
10946,5422,1018,8,2023-07-09,20
10947,5493,1041,3,2023-07-07,0
10948,5041,1058,1,2023-11-21,20
10949,5318,1056,4,2023-09-12,50
10950,5316,1024,8,2023-05-30,10
10951,5381,1073,3,2023-01-13,10
10952,5111,1031,2,2023-06-06,20
10953,5014,1055,7,2023-03-21,30
10954,5231,1010,4,2023-12-22,10
10955,5473,1060,6,2023-09-30,40
10956,5084,1002,5,2023-05-28,0
10957,5130,1015,2,2023-07-25,50
10958,5231,1003,2,2023-04-24,30
10959,5326,1043,9,2023-01-06,40
10960,5145,1031,2,2023-10-05,0
10961,5379,1070,8,2023-08-20,40
10962,5345,1067,8,2023-05-17,30
10963,5028,1056,1,2023-06-09,20
10964,5066,1063,1,2023-12-10,0
10965,5163,1075,4,2023-10-16,40
10966,5229,1015,2,2023-07-24,50
10967,5261,1092,1,2023-11-22,50
10968,5449,1010,9,2023-11-01,40
10969,5424,1038,3,2023-12-26,30
10970,5460,1047,1,2023-06-07,30
10971,5440,1057,2,2023-12-24,50
10972,5164,1050,8,2023-04-16,50
10973,5301,1071,5,2023-03-23,30
10974,5407,1015,7,2023-12-08,20
10975,5303,1018,6,2023-09-27,10
10976,5287,1082,1,2023-02-18,40
10977,5395,1088,6,2023-07-25,20
10978,5010,1002,7,2023-08-06,40
10979,5195,1084,4,2023-11-02,50
10980,5118,1098,8,2023-06-13,20
10981,5270,1043,8,2023-10-06,50
10982,5080,1026,7,2023-11-18,50
10983,5458,1071,2,2023-08-19,50
10984,5093,1038,6,2023-07-18,0
10985,5266,1094,6,2023-08-02,10
10986,5332,1042,7,2023-10-11,50
10987,5350,1005,6,2023-10-03,40
10988,5361,1011,2,2023-07-04,30
10989,5257,1065,8,2023-07-29,10
10990,5133,1034,4,2023-05-01,40
10991,5276,1001,9,2023-08-04,0
10992,5264,1083,8,2023-04-07,50
10993,5171,1002,3,2023-04-29,40
10994,5460,1085,3,2023-12-31,40
10995,5001,1020,8,2023-10-09,40
10996,5313,1061,2,2023-04-16,10
10997,5064,1087,9,2023-11-14,50
10998,5374,1021,4,2023-05-22,40
10999,5468,1088,6,2023-11-19,30
11000,5284,1068,3,2023-09-25,50
11001,5121,1012,3,2023-10-18,20
11002,5107,1022,3,2023-06-16,30
11003,5421,1020,2,2023-06-09,0
11004,5175,1082,8,2023-08-19,10
11005,5485,1001,9,2023-01-14,20
11006,5204,1030,8,2023-07-12,10
11007,5165,1097,3,2023-06-04,10
11008,5305,1024,7,2023-04-11,40
11009,5497,1014,2,2023-03-01,30
11010,5120,1036,4,2023-02-12,20
11011,5044,1069,6,2023-07-12,40
11012,5312,1075,5,2023-11-07,20
11013,5156,1024,9,2023-04-19,50
11014,5367,1060,4,2023-04-03,50
11015,5207,1095,5,2023-08-04,30
11016,5390,1055,4,2023-06-12,40
11017,5108,1077,8,2023-12-17,20
11018,5251,1080,8,2023-08-22,50
11019,5445,1024,3,2023-12-17,40
11020,5404,1077,1,2023-06-16,10
11021,5370,1024,6,2023-05-28,50
11022,5334,1054,2,2023-01-28,0
11023,5130,1026,2,2023-09-16,20
11024,5457,1066,3,2023-03-27,50
11025,5293,1080,8,2023-04-18,30
11026,5020,1038,3,2023-04-27,20
11027,5282,1065,7,2023-12-30,0
11028,5285,1075,9,2023-01-15,20
11029,5001,1051,8,2023-07-30,20
11030,5119,1035,1,2023-11-14,50
11031,5035,1043,7,2023-01-31,20
11032,5198,1029,7,2023-10-09,30
11033,5485,1037,8,2023-07-04,0
11034,5245,1081,5,2023-03-07,50
11035,5059,1058,9,2023-11-12,0
11036,5325,1054,9,2023-03-04,30
11037,5161,1039,8,2023-08-16,20
11038,5497,1042,6,2023-04-11,20
11039,5179,1028,6,2023-12-22,50
11040,5206,1029,1,2023-05-19,0
11041,5012,1043,6,2023-04-29,20
11042,5490,1003,4,2023-02-26,10
11043,5276,1010,4,2023-05-11,20
11044,5181,1059,2,2023-02-06,20
11045,5242,1014,4,2023-04-21,40
11046,5216,1076,5,2023-06-02,0
11047,5251,1047,5,2023-09-07,0
11048,5299,1042,5,2023-08-30,10
11049,5126,1094,4,2023-07-27,10
11050,5482,1032,1,2023-06-19,10
11051,5217,1032,8,2023-09-14,0
11052,5306,1042,3,2023-10-06,40
11053,5285,1032,2,2023-12-29,40
11054,5185,1026,9,2023-04-23,30
11055,5039,1001,7,2023-06-24,0
11056,5223,1056,9,2023-03-30,30
11057,5184,1002,2,2023-05-15,20
11058,5495,1081,9,2023-10-21,10
11059,5427,1030,9,2023-10-30,30
11060,5178,1071,9,2023-12-25,50
11061,5407,1052,4,2023-07-25,30
11062,5428,1091,3,2023-11-14,0
11063,5294,1009,6,2023-03-14,10
11064,5340,1022,3,2023-09-16,10
11065,5151,1034,9,2023-12-24,40
11066,5384,1049,3,2023-05-28,30
11067,5126,1001,2,2023-08-13,40
11068,5301,1073,8,2023-04-15,30
11069,5308,1084,6,2023-02-13,0
11070,5336,1053,8,2023-12-22,0
11071,5434,1083,7,2023-01-26,20
11072,5234,1100,3,2023-10-31,30
11073,5380,1040,8,2023-09-18,30
11074,5375,1045,1,2023-02-28,10
11075,5008,1068,1,2023-03-02,10
11076,5498,1009,8,2023-11-01,40
11077,5341,1022,9,2023-03-11,20
11078,5129,1018,6,2023-09-28,0
11079,5264,1076,5,2023-09-14,30
11080,5157,1043,2,2023-05-05,40
11081,5352,1039,9,2023-01-19,20
11082,5358,1073,6,2023-04-29,10
11083,5005,1006,8,2023-11-16,20
11084,5495,1083,9,2023-03-07,40
11085,5086,1048,9,2023-09-02,0
11086,5175,1007,8,2023-02-26,10
11087,5290,1080,8,2023-02-13,50
11088,5193,1069,3,2023-01-12,10
11089,5311,1016,3,2023-08-24,0
11090,5119,1001,2,2023-01-24,10
11091,5218,1037,1,2023-09-14,40
11092,5427,1083,4,2023-10-11,10
11093,5458,1037,2,2023-11-20,30
11094,5414,1081,2,2023-12-27,20
11095,5114,1064,5,2023-09-08,40
11096,5466,1090,4,2023-04-04,0
11097,5145,1086,1,2023-01-22,40
11098,5026,1062,9,2023-06-06,30
11099,5136,1072,4,2023-03-30,10
11100,5303,1061,5,2023-07-21,10
11101,5232,1033,7,2023-07-16,50
11102,5369,1066,2,2023-02-14,40
11103,5076,1030,8,2023-03-20,10
11104,5475,1020,2,2023-02-08,10
11105,5328,1060,5,2023-10-11,30
11106,5345,1082,2,2023-06-04,0
11107,5302,1074,2,2023-05-29,50
11108,5452,1024,4,2023-12-09,50
11109,5289,1004,4,2023-02-21,50
11110,5001,1037,8,2023-09-08,20
11111,5147,1004,6,2023-05-27,40
11112,5287,1077,8,2023-11-25,0
11113,5464,1089,7,2023-12-16,20
11114,5142,1077,4,2023-09-15,0
11115,5053,1018,2,2023-09-30,40
11116,5304,1088,9,2023-05-05,50
11117,5069,1066,2,2023-07-23,30
11118,5361,1048,1,2023-09-13,30
11119,5090,1033,8,2023-05-11,30
11120,5446,1058,9,2023-01-21,0
11121,5220,1083,1,2023-03-19,40
11122,5450,1073,7,2023-12-01,10
11123,5498,1028,2,2023-02-20,10
11124,5192,1035,6,2023-12-28,30
11125,5454,1010,5,2023-12-27,0
11126,5063,1065,1,2023-09-23,10
11127,5073,1042,2,2023-04-26,0
11128,5161,1085,2,2023-02-24,40
11129,5169,1009,6,2023-10-19,30
11130,5089,1060,1,2023-02-20,20
11131,5176,1015,4,2023-11-26,30
11132,5269,1099,5,2023-09-30,20
11133,5073,1057,2,2023-09-11,10
11134,5245,1069,2,2023-03-02,50
11135,5077,1022,7,2023-12-13,20
11136,5159,1064,7,2023-12-17,50
11137,5489,1041,6,2023-08-13,0
11138,5459,1087,1,2023-12-02,50
11139,5324,1071,3,2023-04-13,20
11140,5098,1056,9,2023-02-17,10
11141,5381,1023,1,2023-08-13,10
11142,5102,1025,2,2023-12-08,30
11143,5494,1091,8,2023-08-21,10
11144,5132,1006,7,2023-03-11,0
11145,5102,1034,9,2023-02-16,20
11146,5019,1063,4,2023-08-16,40
11147,5454,1009,4,2023-01-10,10
11148,5482,1060,7,2023-07-04,50
11149,5082,1049,1,2023-03-21,20
11150,5397,1097,9,2023-01-13,30
11151,5489,1051,2,2023-11-10,40
11152,5279,1060,1,2023-12-06,30
11153,5339,1070,7,2023-11-20,0
11154,5365,1037,6,2023-03-25,30
11155,5331,1031,3,2023-03-27,20
11156,5129,1098,1,2023-06-06,40
11157,5344,1041,5,2023-05-24,30
11158,5310,1062,4,2023-03-04,30
11159,5455,1093,5,2023-02-12,50
11160,5089,1058,1,2023-06-07,50
11161,5213,1014,1,2023-07-04,0
11162,5143,1036,5,2023-10-13,20
11163,5065,1036,6,2023-11-19,30
11164,5076,1079,5,2023-01-24,20
11165,5199,1008,2,2023-12-23,10
11166,5143,1026,9,2023-07-24,0
11167,5405,1036,5,2023-12-28,50
11168,5403,1048,5,2023-08-12,0
11169,5316,1085,9,2023-04-11,0
11170,5093,1028,3,2023-07-23,20
11171,5473,1068,5,2023-01-08,50
11172,5417,1062,5,2023-06-21,50
11173,5305,1080,2,2023-07-27,30
11174,5224,1086,4,2023-04-06,30
11175,5497,1076,2,2023-06-11,20
11176,5291,1080,5,2023-10-18,20
11177,5428,1051,2,2023-04-06,10
11178,5102,1042,9,2023-11-02,40
11179,5474,1029,6,2023-05-25,40
11180,5267,1082,8,2023-09-15,0
11181,5355,1010,9,2023-10-27,30
11182,5456,1039,8,2023-04-12,50
11183,5110,1082,5,2023-06-26,0
11184,5462,1001,5,2023-11-24,50
11185,5330,1039,6,2023-04-20,30
11186,5450,1021,1,2023-07-17,30
11187,5430,1065,8,2023-05-09,10
11188,5265,1015,2,2023-12-25,20
11189,5003,1004,6,2023-05-17,20
11190,5085,1060,9,2023-01-27,20
11191,5282,1061,3,2023-05-17,40
11192,5328,1020,2,2023-06-13,20
11193,5304,1010,5,2023-12-15,40
11194,5450,1087,9,2023-12-22,50
11195,5454,1034,6,2023-05-11,0
11196,5412,1048,8,2023-05-31,40
11197,5117,1033,8,2023-09-03,30
11198,5221,1098,7,2023-04-20,10
11199,5154,1061,5,2023-03-14,10
11200,5153,1010,2,2023-10-13,30
11201,5012,1054,5,2023-10-02,50
11202,5133,1084,7,2023-12-24,0
11203,5482,1065,7,2023-03-08,10
11204,5304,1077,2,2023-02-19,30
11205,5293,1001,7,2023-10-31,10
11206,5463,1005,6,2023-01-03,40
11207,5300,1080,7,2023-08-14,50
11208,5228,1015,8,2023-03-07,10
11209,5271,1028,4,2023-06-04,50
11210,5043,1095,1,2023-12-28,50
11211,5432,1023,8,2023-04-21,40
11212,5343,1017,8,2023-10-23,50
11213,5326,1098,3,2023-09-13,40
11214,5302,1013,3,2023-10-01,10
11215,5498,1014,5,2023-06-04,10
11216,5364,1011,3,2023-05-19,50
11217,5379,1028,5,2023-06-16,40
11218,5427,1042,8,2023-01-19,10
11219,5493,1096,1,2023-12-11,50
11220,5021,1099,2,2023-08-11,0
11221,5407,1061,2,2023-02-26,20
11222,5107,1064,4,2023-10-21,20
11223,5336,1031,9,2023-05-13,30
11224,5303,1081,2,2023-12-04,50
11225,5117,1073,9,2023-10-19,20
11226,5124,1010,7,2023-12-10,0
11227,5399,1008,8,2023-07-24,50
11228,5281,1021,1,2023-04-29,20
11229,5292,1077,5,2023-09-10,20
11230,5203,1059,9,2023-03-26,0
11231,5051,1050,4,2023-07-04,40
11232,5271,1069,2,2023-08-13,20
11233,5324,1070,6,2023-05-28,30
11234,5277,1030,2,2023-10-07,20
11235,5141,1095,3,2023-08-15,20
11236,5470,1017,8,2023-10-13,0
11237,5275,1075,3,2023-10-11,0
11238,5290,1020,2,2023-06-30,50
11239,5334,1048,6,2023-04-19,30
11240,5381,1073,3,2023-05-15,10
11241,5452,1002,1,2023-10-18,0
11242,5496,1037,3,2023-10-17,10
11243,5373,1001,6,2023-04-13,30
11244,5052,1004,3,2023-07-20,20
11245,5494,1100,9,2023-04-27,50
11246,5027,1054,7,2023-11-28,20
11247,5157,1025,5,2023-11-06,50
11248,5239,1003,2,2023-01-29,10
11249,5156,1009,9,2023-01-27,30
11250,5291,1086,5,2023-01-13,30
11251,5136,1087,7,2023-02-11,0
11252,5144,1076,9,2023-08-12,10
11253,5106,1074,4,2023-01-21,50
11254,5420,1034,9,2023-05-16,0
11255,5158,1043,1,2023-11-22,10
11256,5146,1074,6,2023-08-09,0
11257,5002,1094,2,2023-05-25,0
11258,5433,1022,8,2023-01-10,30
11259,5077,1070,5,2023-08-13,30
11260,5132,1002,3,2023-05-21,20
11261,5090,1094,2,2023-04-16,20
11262,5345,1066,8,2023-09-25,30
11263,5350,1032,7,2023-07-13,30
11264,5459,1016,9,2023-05-08,0
11265,5263,1076,8,2023-08-01,20
11266,5351,1001,4,2023-05-31,30
11267,5108,1072,2,2023-06-29,10
11268,5074,1048,2,2023-11-13,10
11269,5039,1050,2,2023-01-26,20
11270,5397,1013,6,2023-01-15,10
11271,5159,1015,7,2023-01-22,50
11272,5071,1053,6,2023-12-11,0
11273,5447,1044,2,2023-03-06,20
11274,5312,1008,4,2023-09-08,50
11275,5241,1074,3,2023-01-21,30
11276,5426,1046,4,2023-08-21,50
11277,5445,1069,5,2023-01-16,10
11278,5298,1019,7,2023-09-29,0
11279,5440,1038,9,2023-07-24,30
11280,5036,1011,2,2023-10-25,40
11281,5084,1043,8,2023-06-09,0
11282,5452,1020,3,2023-02-10,10
11283,5374,1020,9,2023-04-18,0
11284,5263,1021,4,2023-05-05,40
11285,5310,1082,3,2023-06-01,40
11286,5385,1057,6,2023-01-13,0
11287,5172,1050,9,2023-07-22,30
11288,5376,1074,7,2023-03-20,50
11289,5173,1098,4,2023-02-11,30
11290,5362,1026,3,2023-06-18,40
11291,5047,1030,4,2023-09-06,20
11292,5379,1073,3,2023-05-01,20
11293,5141,1031,3,2023-09-29,30
11294,5375,1042,9,2023-10-27,20
11295,5406,1068,4,2023-07-28,30
11296,5118,1061,9,2023-06-07,10
11297,5277,1061,5,2023-05-01,30
11298,5214,1070,7,2023-08-15,10
11299,5220,1078,5,2023-01-24,50
11300,5393,1068,1,2023-08-18,40
11301,5026,1090,2,2023-01-26,20
11302,5009,1017,5,2023-02-27,50
11303,5271,1019,6,2023-09-22,50
11304,5010,1051,7,2023-05-06,40
11305,5472,1070,2,2023-10-02,0
11306,5378,1063,9,2023-01-28,0
11307,5121,1093,6,2023-10-28,50
11308,5125,1075,2,2023-05-08,50
11309,5170,1080,2,2023-04-04,40
11310,5072,1030,3,2023-07-10,30
11311,5152,1025,1,2023-09-29,30
11312,5208,1075,9,2023-01-05,20
11313,5049,1071,4,2023-06-06,40
11314,5154,1026,5,2023-02-21,0
11315,5347,1056,7,2023-08-31,40
11316,5293,1022,1,2023-05-31,40
11317,5068,1089,3,2023-09-19,20
11318,5050,1019,3,2023-11-01,30
11319,5152,1031,2,2023-03-21,50
11320,5019,1026,8,2023-07-02,0
11321,5100,1042,5,2023-12-20,20
11322,5060,1041,1,2023-04-17,0
11323,5167,1100,2,2023-06-03,0
11324,5202,1023,1,2023-10-20,30
11325,5345,1047,6,2023-07-24,50
11326,5146,1013,9,2023-04-26,50
11327,5403,1089,7,2023-01-17,30
11328,5164,1066,5,2023-10-15,20
11329,5458,1066,3,2023-06-05,10
11330,5481,1016,8,2023-01-25,20
11331,5439,1073,4,2023-10-05,20
11332,5242,1028,9,2023-11-13,10
11333,5069,1077,5,2023-05-06,0
11334,5175,1035,6,2023-10-27,40
11335,5049,1041,5,2023-12-24,10
11336,5483,1077,7,2023-10-03,40
11337,5108,1031,7,2023-12-31,0
11338,5226,1085,1,2023-06-27,10
11339,5161,1032,2,2023-12-10,30
11340,5119,1054,7,2023-02-16,20
11341,5149,1098,8,2023-07-19,10
11342,5465,1072,4,2023-02-20,10
11343,5150,1059,6,2023-10-22,0
11344,5432,1041,3,2023-09-27,30
11345,5293,1066,7,2023-07-16,10
11346,5143,1096,3,2023-01-21,30
11347,5419,1054,7,2023-05-23,40
11348,5476,1040,8,2023-09-05,10
11349,5455,1028,3,2023-12-22,30
11350,5160,1037,2,2023-12-19,20
11351,5011,1065,6,2023-01-01,0
11352,5138,1074,4,2023-12-31,50
11353,5457,1055,8,2023-12-04,30
11354,5078,1004,2,2023-10-01,0
11355,5077,1099,4,2023-08-29,50
11356,5441,1010,2,2023-02-27,10
11357,5254,1047,2,2023-05-06,10
11358,5409,1075,2,2023-11-25,40
11359,5258,1014,1,2023-02-21,0
11360,5320,1038,4,2023-08-11,20
11361,5291,1012,2,2023-10-29,20
11362,5263,1045,9,2023-12-29,30
11363,5085,1017,9,2023-09-26,20
11364,5146,1080,7,2023-04-06,50
11365,5323,1035,6,2023-09-30,0
11366,5042,1066,3,2023-11-19,10
11367,5374,1075,7,2023-03-02,0
11368,5125,1041,1,2023-11-17,0
11369,5167,1067,9,2023-06-30,10
11370,5425,1029,4,2023-05-13,50
11371,5241,1018,6,2023-03-30,0
11372,5459,1020,6,2023-06-22,20
11373,5487,1014,3,2023-11-08,30
11374,5280,1034,4,2023-01-05,30
11375,5188,1049,3,2023-12-23,0
11376,5302,1054,6,2023-12-09,50
11377,5019,1031,1,2023-07-23,10
11378,5068,1058,8,2023-06-11,40
11379,5218,1042,8,2023-03-02,50
11380,5102,1058,9,2023-07-09,0
11381,5042,1082,6,2023-11-21,0
11382,5288,1030,1,2023-03-04,40
11383,5167,1025,3,2023-02-13,30
11384,5109,1063,1,2023-08-27,50
11385,5494,1019,5,2023-01-28,30
11386,5036,1072,3,2023-07-17,40
11387,5232,1092,2,2023-09-26,10
11388,5229,1008,3,2023-06-20,0
11389,5353,1095,9,2023-01-30,20
11390,5164,1003,8,2023-06-03,30
11391,5387,1067,3,2023-07-28,30
11392,5073,1086,2,2023-03-04,50
11393,5136,1081,5,2023-11-25,30
11394,5353,1100,1,2023-02-26,10
11395,5379,1017,4,2023-11-16,40
11396,5070,1014,8,2023-07-27,10
11397,5425,1009,1,2023-11-04,30
11398,5487,1062,5,2023-03-04,50
11399,5196,1094,4,2023-09-05,0
11400,5269,1021,6,2023-05-21,30
11401,5049,1076,7,2023-04-03,0
11402,5316,1037,9,2023-04-17,50
11403,5130,1096,1,2023-12-31,0
11404,5444,1011,4,2023-03-29,30
11405,5005,1020,6,2023-10-28,30
11406,5428,1035,7,2023-04-18,0
11407,5027,1053,7,2023-02-15,10
11408,5160,1047,8,2023-03-18,10
11409,5149,1075,8,2023-08-05,50
11410,5264,1052,8,2023-06-18,10
11411,5230,1008,8,2023-10-29,20
11412,5200,1004,8,2023-05-09,0
11413,5050,1027,6,2023-07-20,20
11414,5067,1044,9,2023-07-15,20
11415,5300,1040,3,2023-12-14,0
11416,5381,1047,6,2023-09-25,20
11417,5058,1094,5,2023-03-29,50
11418,5259,1044,8,2023-09-10,50
11419,5342,1048,4,2023-08-26,0
11420,5326,1091,4,2023-03-14,40
11421,5130,1085,5,2023-12-24,40
11422,5215,1052,6,2023-12-21,0
11423,5172,1084,4,2023-06-10,0
11424,5258,1068,2,2023-02-27,0
11425,5102,1011,2,2023-10-18,10
11426,5209,1077,3,2023-12-06,0
11427,5291,1073,2,2023-03-07,50
11428,5354,1004,1,2023-01-26,50
11429,5471,1076,8,2023-10-25,30
11430,5286,1073,5,2023-03-18,40
11431,5116,1077,1,2023-10-13,40
11432,5264,1048,9,2023-02-05,0
11433,5150,1026,8,2023-01-19,40
11434,5300,1077,4,2023-10-05,0
11435,5442,1039,8,2023-11-17,0
11436,5036,1092,7,2023-11-09,40
11437,5453,1058,7,2023-09-24,40
11438,5333,1019,1,2023-10-09,30
11439,5477,1088,6,2023-01-19,20
11440,5287,1083,4,2023-12-05,30
11441,5303,1077,2,2023-05-20,30
11442,5311,1077,7,2023-03-08,40
11443,5208,1058,9,2023-11-08,50
11444,5106,1028,5,2023-01-18,30
11445,5446,1066,8,2023-09-18,50
11446,5158,1010,5,2023-04-22,40
11447,5121,1086,7,2023-04-25,10
11448,5055,1077,7,2023-06-15,0
11449,5400,1058,9,2023-03-08,20
11450,5012,1073,3,2023-09-12,50
11451,5145,1097,1,2023-03-11,10
11452,5400,1014,2,2023-11-04,50
11453,5396,1084,6,2023-07-22,0
11454,5136,1015,9,2023-05-07,0
11455,5468,1096,3,2023-11-17,20
11456,5003,1033,2,2023-03-21,30
11457,5144,1017,1,2023-06-25,0
11458,5030,1024,2,2023-04-23,20
11459,5237,1030,3,2023-04-21,50
11460,5279,1062,7,2023-11-05,50
11461,5348,1013,2,2023-05-17,50
11462,5115,1062,5,2023-05-13,50
11463,5104,1047,2,2023-11-24,50
11464,5118,1016,7,2023-07-08,40
11465,5005,1066,8,2023-10-04,0
11466,5468,1081,8,2023-08-13,0
11467,5360,1096,8,2023-04-13,30
11468,5248,1043,9,2023-04-17,30
11469,5364,1008,1,2023-03-04,40
11470,5321,1003,1,2023-09-02,0
11471,5121,1012,2,2023-06-22,30
11472,5286,1084,6,2023-11-29,20
11473,5149,1016,1,2023-11-27,50
11474,5084,1078,5,2023-07-29,50
11475,5454,1080,5,2023-07-10,0
11476,5406,1059,4,2023-06-07,50
11477,5466,1049,5,2023-11-15,50
11478,5456,1063,1,2023-08-13,20
11479,5231,1062,6,2023-06-21,10
11480,5288,1049,7,2023-11-19,40
11481,5161,1051,8,2023-02-05,30
11482,5272,1033,2,2023-05-14,10
11483,5460,1030,7,2023-02-06,30
11484,5038,1059,6,2023-04-03,10
11485,5500,1076,9,2023-03-16,50
11486,5226,1015,8,2023-09-01,30
11487,5142,1082,4,2023-07-02,40
11488,5292,1092,9,2023-07-24,0
11489,5481,1023,1,2023-07-06,20
11490,5151,1078,6,2023-06-15,10
11491,5114,1094,8,2023-04-25,20
11492,5237,1097,4,2023-07-26,20
11493,5066,1045,2,2023-09-02,30
11494,5361,1062,2,2023-11-29,0
11495,5341,1079,1,2023-06-10,30
11496,5258,1071,5,2023-01-13,20
11497,5475,1015,6,2023-10-21,50
11498,5249,1046,4,2023-08-24,40
11499,5457,1064,4,2023-09-30,0
11500,5449,1046,5,2023-04-24,0
11501,5331,1056,5,2023-06-01,50
11502,5323,1044,9,2023-01-26,20
11503,5180,1075,8,2023-06-17,30
11504,5190,1029,9,2023-02-01,50
11505,5407,1095,3,2023-08-09,40
11506,5154,1062,3,2023-07-25,10
11507,5196,1089,1,2023-12-08,30
11508,5466,1052,6,2023-04-08,0
11509,5311,1054,4,2023-04-01,50
11510,5262,1088,8,2023-08-02,30
11511,5419,1057,2,2023-07-07,10
11512,5406,1083,2,2023-02-26,40
11513,5427,1066,7,2023-04-17,50
11514,5143,1022,5,2023-07-14,40
11515,5342,1020,1,2023-01-22,10
11516,5316,1033,7,2023-07-05,10
11517,5101,1072,7,2023-03-26,20
11518,5244,1025,6,2023-03-21,0
11519,5490,1046,4,2023-11-25,20
11520,5012,1073,8,2023-03-18,30
11521,5239,1098,2,2023-11-26,10
11522,5049,1057,2,2023-12-07,20
11523,5042,1087,2,2023-06-26,0
11524,5166,1005,3,2023-06-23,0
11525,5082,1055,6,2023-03-23,10
11526,5429,1061,1,2023-01-21,50
11527,5291,1089,2,2023-06-28,20
11528,5158,1008,2,2023-11-26,40
11529,5216,1016,1,2023-08-13,10
11530,5490,1048,3,2023-09-22,30
11531,5158,1061,7,2023-09-26,20
11532,5462,1015,1,2023-09-08,20
11533,5134,1065,7,2023-09-30,10
11534,5067,1022,5,2023-12-09,50
11535,5336,1003,9,2023-09-29,20
11536,5007,1054,2,2023-10-07,20
11537,5436,1014,1,2023-08-11,30
11538,5014,1036,9,2023-03-16,50
11539,5073,1082,8,2023-05-31,30
11540,5399,1082,6,2023-12-25,40
11541,5405,1067,5,2023-12-08,30
11542,5163,1010,8,2023-04-15,40
11543,5066,1049,8,2023-02-11,30
11544,5347,1065,5,2023-06-25,40
11545,5130,1091,7,2023-09-02,50
11546,5419,1057,1,2023-09-10,30
11547,5466,1027,4,2023-10-01,30
11548,5206,1075,2,2023-11-30,10
11549,5276,1005,3,2023-04-02,30
11550,5466,1071,1,2023-01-11,40
11551,5256,1083,2,2023-06-01,10
11552,5266,1057,1,2023-07-08,40
11553,5025,1093,8,2023-06-13,30
11554,5450,1015,4,2023-05-06,30
11555,5281,1099,3,2023-07-30,40
11556,5253,1076,1,2023-04-07,50
11557,5310,1030,2,2023-11-05,50
11558,5289,1020,3,2023-12-05,50
11559,5164,1037,3,2023-02-16,20
11560,5095,1003,6,2023-11-04,10
11561,5270,1073,8,2023-08-12,10
11562,5321,1041,6,2023-02-26,50
11563,5110,1039,2,2023-03-16,30
11564,5336,1026,2,2023-09-11,10
11565,5310,1002,7,2023-05-31,40
11566,5238,1023,1,2023-02-28,30
11567,5381,1023,1,2023-11-21,10
11568,5436,1085,7,2023-03-27,0
11569,5387,1016,9,2023-06-19,10
11570,5483,1009,5,2023-05-26,50
11571,5425,1013,1,2023-11-23,40
11572,5390,1028,5,2023-02-02,10
11573,5025,1027,1,2023-01-03,20
11574,5141,1051,9,2023-10-11,50
11575,5117,1064,4,2023-09-14,20
11576,5482,1052,9,2023-05-06,30
11577,5392,1081,2,2023-04-23,20
11578,5405,1038,7,2023-10-30,40
11579,5482,1100,2,2023-10-20,0
11580,5452,1065,4,2023-12-08,0
11581,5025,1018,6,2023-02-17,30
11582,5079,1063,2,2023-12-30,30
11583,5068,1051,2,2023-10-02,20
11584,5173,1009,2,2023-07-14,40
11585,5444,1013,3,2023-12-05,20
11586,5012,1040,5,2023-08-13,40
11587,5288,1055,9,2023-08-01,40
11588,5128,1079,6,2023-11-17,0
11589,5096,1043,9,2023-10-09,40
11590,5092,1044,5,2023-05-18,10
11591,5141,1068,6,2023-12-21,40
11592,5031,1033,8,2023-11-29,0
11593,5334,1024,3,2023-03-11,50
11594,5020,1036,2,2023-10-26,20
11595,5146,1010,3,2023-03-11,40
11596,5477,1100,9,2023-07-27,10
11597,5316,1020,6,2023-07-19,30
11598,5447,1075,4,2023-02-28,20
11599,5390,1012,3,2023-09-16,30
11600,5160,1062,2,2023-12-07,10
11601,5349,1018,4,2023-12-17,0
11602,5043,1094,9,2023-11-30,50
11603,5254,1063,4,2023-12-23,0
11604,5130,1084,5,2023-12-05,50
11605,5060,1025,8,2023-06-14,20
11606,5151,1012,2,2023-09-02,40
11607,5467,1021,3,2023-03-25,40
11608,5287,1025,6,2023-11-05,30
11609,5499,1011,7,2023-04-24,0
11610,5005,1064,4,2023-08-22,40
11611,5467,1073,1,2023-09-19,50
11612,5418,1050,7,2023-06-21,40
11613,5266,1062,9,2023-01-18,0
11614,5345,1089,1,2023-08-23,0
11615,5130,1099,1,2023-11-06,10
11616,5382,1096,1,2023-06-06,30
11617,5267,1049,7,2023-07-30,0
11618,5178,1014,9,2023-10-08,10
11619,5253,1001,3,2023-11-15,0
11620,5415,1081,8,2023-07-15,20
11621,5056,1025,9,2023-04-25,50
11622,5463,1059,3,2023-06-09,50
11623,5457,1072,3,2023-06-04,20
11624,5471,1069,1,2023-02-20,20
11625,5083,1005,2,2023-10-11,0
11626,5393,1099,7,2023-03-14,40
11627,5099,1019,3,2023-11-24,40
11628,5149,1023,7,2023-12-07,20
11629,5329,1009,5,2023-04-20,30
11630,5156,1094,8,2023-10-13,50
11631,5190,1050,5,2023-08-09,10
11632,5494,1016,3,2023-01-09,20
11633,5371,1033,9,2023-03-23,50
11634,5263,1002,7,2023-11-16,10
11635,5080,1014,5,2023-10-21,10
11636,5400,1001,7,2023-01-22,20
11637,5252,1090,9,2023-04-09,40
11638,5097,1058,5,2023-06-19,30
11639,5260,1089,7,2023-07-09,50
11640,5260,1016,9,2023-04-16,20
11641,5103,1079,1,2023-11-16,10
11642,5040,1090,4,2023-09-22,50
11643,5273,1047,1,2023-12-17,0
11644,5101,1044,8,2023-06-17,0
11645,5359,1080,3,2023-12-10,50
11646,5380,1014,2,2023-04-23,50
11647,5308,1093,4,2023-11-24,10
11648,5221,1024,3,2023-11-02,20
11649,5308,1055,5,2023-05-28,40
11650,5420,1015,8,2023-12-03,20
11651,5124,1083,8,2023-08-08,30
11652,5422,1072,7,2023-02-02,50
11653,5231,1034,8,2023-08-08,0
11654,5178,1002,5,2023-11-15,10
11655,5063,1027,6,2023-07-04,40
11656,5485,1074,8,2023-07-12,20
11657,5116,1099,1,2023-12-27,30
11658,5191,1087,6,2023-06-29,20
11659,5062,1072,6,2023-12-21,30
11660,5256,1092,5,2023-01-06,20
11661,5483,1023,4,2023-01-09,40
11662,5007,1068,1,2023-12-23,40
11663,5155,1014,8,2023-03-02,10
11664,5092,1063,6,2023-06-12,40
11665,5470,1093,3,2023-04-09,30
11666,5014,1065,3,2023-05-28,10
11667,5455,1068,6,2023-02-27,40
11668,5229,1063,7,2023-08-03,0
11669,5086,1096,8,2023-11-12,30
11670,5133,1097,5,2023-07-01,10
11671,5183,1090,6,2023-02-04,30
11672,5386,1081,1,2023-10-30,10
11673,5062,1087,6,2023-02-15,30
11674,5219,1064,9,2023-03-28,0
11675,5405,1032,4,2023-01-04,40
11676,5246,1079,1,2023-09-23,20
11677,5230,1013,9,2023-04-17,20
11678,5079,1066,4,2023-03-16,20
11679,5149,1019,2,2023-02-09,10
11680,5138,1024,1,2023-05-07,40
11681,5471,1088,3,2023-07-02,50
11682,5314,1011,7,2023-04-29,10
11683,5376,1059,2,2023-03-14,10
11684,5423,1086,9,2023-02-09,10
11685,5389,1015,2,2023-07-23,50
11686,5065,1010,5,2023-04-06,10
11687,5013,1041,8,2023-10-06,40
11688,5213,1027,8,2023-05-23,20
11689,5474,1060,3,2023-04-25,30
11690,5242,1073,2,2023-05-13,10
11691,5493,1052,9,2023-06-17,40
11692,5213,1028,3,2023-09-02,0
11693,5181,1065,8,2023-10-04,30
11694,5338,1017,2,2023-09-16,10
11695,5485,1095,3,2023-02-15,10
11696,5173,1044,1,2023-12-12,30
11697,5160,1010,6,2023-12-01,30
11698,5164,1063,7,2023-08-25,10
11699,5465,1093,4,2023-02-22,40
11700,5483,1082,1,2023-05-28,0
11701,5497,1047,3,2023-07-06,40
11702,5188,1038,9,2023-01-21,50
11703,5395,1070,5,2023-03-31,20
11704,5191,1076,6,2023-08-21,20
11705,5405,1053,4,2023-08-03,20
11706,5308,1078,1,2023-02-20,10
11707,5256,1044,5,2023-06-02,0
11708,5183,1074,5,2023-11-20,0
11709,5117,1054,5,2023-04-26,50
11710,5282,1020,6,2023-08-02,10
11711,5196,1079,2,2023-12-05,10
11712,5034,1031,1,2023-12-17,10
11713,5052,1007,2,2023-05-17,0
11714,5112,1058,6,2023-10-12,10
11715,5252,1010,5,2023-03-12,30
11716,5082,1010,5,2023-09-02,30
11717,5232,1039,6,2023-02-07,30
11718,5227,1028,7,2023-08-04,10
11719,5233,1030,9,2023-05-07,30
11720,5221,1037,7,2023-03-13,50
11721,5436,1067,2,2023-08-14,10
11722,5413,1043,6,2023-11-11,50
11723,5422,1079,9,2023-10-11,30
11724,5042,1085,7,2023-10-29,10
11725,5021,1052,2,2023-09-03,40
11726,5042,1056,3,2023-03-12,20
11727,5397,1076,8,2023-07-14,40
11728,5113,1068,9,2023-02-07,20
11729,5105,1009,4,2023-04-27,20
11730,5192,1092,9,2023-08-26,30
11731,5017,1023,2,2023-12-30,20
11732,5120,1063,5,2023-07-23,20
11733,5393,1061,2,2023-12-17,40
11734,5425,1040,1,2023-11-15,20
11735,5129,1044,5,2023-12-25,10
11736,5130,1086,2,2023-01-05,50
11737,5060,1024,7,2023-06-06,50
11738,5048,1051,8,2023-04-17,10
11739,5029,1058,2,2023-08-16,30
11740,5097,1090,7,2023-05-22,40
11741,5010,1094,4,2023-11-10,0
11742,5242,1033,1,2023-06-21,50
11743,5314,1016,3,2023-05-26,40
11744,5444,1022,1,2023-01-07,50
11745,5232,1057,5,2023-12-09,0
11746,5277,1062,8,2023-12-19,20
11747,5284,1082,1,2023-10-28,0
11748,5203,1071,9,2023-01-16,20
11749,5247,1090,3,2023-11-16,50
11750,5290,1072,5,2023-02-06,40
11751,5264,1070,9,2023-06-02,40
11752,5443,1030,5,2023-09-22,30
11753,5214,1023,9,2023-07-02,50
11754,5200,1032,8,2023-06-05,30
11755,5433,1086,7,2023-05-17,50
11756,5079,1057,1,2023-03-31,20
11757,5401,1009,4,2023-08-06,50
11758,5444,1031,9,2023-11-26,50
11759,5343,1071,8,2023-07-05,20
11760,5344,1009,4,2023-07-28,10
11761,5173,1013,1,2023-02-20,10
11762,5467,1058,4,2023-10-15,50
11763,5069,1003,3,2023-03-29,10
11764,5416,1035,6,2023-05-16,40
11765,5428,1097,5,2023-06-07,50
11766,5449,1021,5,2023-10-09,0
11767,5087,1064,2,2023-06-04,20
11768,5101,1095,3,2023-08-08,30
11769,5008,1052,6,2023-06-16,20
11770,5333,1034,2,2023-11-18,50
11771,5200,1096,4,2023-06-28,0
11772,5087,1035,2,2023-11-25,20
11773,5043,1015,9,2023-02-19,30
11774,5385,1096,3,2023-10-28,30
11775,5109,1006,6,2023-03-28,0
11776,5435,1085,1,2023-02-02,30
11777,5408,1097,3,2023-10-02,40
11778,5483,1032,8,2023-05-21,30
11779,5152,1052,5,2023-07-25,0
11780,5017,1083,8,2023-08-12,0
11781,5133,1097,2,2023-04-23,20
11782,5148,1028,7,2023-10-05,30
11783,5277,1095,9,2023-12-19,30
11784,5232,1085,7,2023-01-05,50
11785,5314,1098,3,2023-07-31,50
11786,5415,1064,7,2023-09-13,0
11787,5366,1079,8,2023-11-30,50
11788,5228,1078,1,2023-01-30,20
11789,5139,1019,3,2023-12-13,20
11790,5436,1015,5,2023-03-23,40
11791,5399,1006,6,2023-08-24,40
11792,5211,1073,3,2023-12-10,0
11793,5391,1084,4,2023-12-27,20
11794,5499,1098,5,2023-11-19,20
11795,5028,1038,3,2023-09-10,40
11796,5051,1026,4,2023-04-28,50
11797,5491,1082,5,2023-01-30,40
11798,5442,1092,2,2023-04-21,0
11799,5261,1051,9,2023-09-11,20
11800,5261,1073,8,2023-07-18,0
11801,5350,1096,6,2023-10-22,40
11802,5352,1053,3,2023-12-08,30
11803,5008,1056,2,2023-10-24,40
11804,5320,1059,7,2023-10-14,20
11805,5138,1070,8,2023-09-01,0
11806,5038,1078,1,2023-08-09,50
11807,5111,1092,6,2023-06-05,50
11808,5480,1058,7,2023-08-24,20
11809,5368,1088,9,2023-11-16,40
11810,5220,1013,3,2023-01-19,40
11811,5337,1043,2,2023-08-03,10
11812,5223,1076,5,2023-04-24,40
11813,5136,1051,1,2023-07-19,20
11814,5256,1019,6,2023-01-25,0
11815,5360,1021,9,2023-05-01,0
11816,5409,1091,9,2023-08-18,10
11817,5329,1083,7,2023-04-09,50
11818,5450,1024,7,2023-12-12,20
11819,5463,1026,8,2023-01-03,40
11820,5434,1045,2,2023-09-18,30
11821,5451,1028,6,2023-09-11,0
11822,5049,1082,5,2023-01-20,20
11823,5292,1100,5,2023-07-23,10
11824,5382,1029,3,2023-10-21,30
11825,5324,1017,3,2023-12-23,50
11826,5078,1068,6,2023-05-08,20
11827,5105,1044,7,2023-12-24,40
11828,5169,1061,1,2023-10-19,50
11829,5217,1093,3,2023-06-23,0
11830,5378,1068,1,2023-08-09,40
11831,5119,1074,3,2023-12-21,10
11832,5190,1025,5,2023-02-06,0
11833,5255,1095,9,2023-11-06,30
11834,5370,1067,3,2023-05-29,0
11835,5266,1002,9,2023-04-02,40
11836,5149,1089,1,2023-03-11,50
11837,5164,1049,6,2023-03-25,20
11838,5140,1070,9,2023-07-24,20
11839,5347,1026,5,2023-09-24,20
11840,5488,1072,2,2023-03-29,10
11841,5258,1099,5,2023-09-09,10
11842,5374,1027,1,2023-07-30,20
11843,5269,1089,9,2023-12-09,30
11844,5181,1018,9,2023-01-31,40
11845,5160,1054,6,2023-12-23,30
11846,5351,1001,9,2023-11-12,20
11847,5400,1061,3,2023-03-02,40
11848,5288,1003,4,2023-03-08,10
11849,5288,1068,6,2023-08-14,0
11850,5380,1041,4,2023-12-01,0
11851,5226,1037,1,2023-11-23,40
11852,5011,1051,7,2023-03-08,30
11853,5010,1015,5,2023-05-08,40
11854,5271,1008,8,2023-04-21,30
11855,5273,1038,9,2023-09-29,50
11856,5424,1083,5,2023-10-28,30
11857,5402,1056,8,2023-02-03,0
11858,5183,1047,1,2023-07-31,10
11859,5457,1090,1,2023-10-27,20
11860,5153,1010,7,2023-05-05,10
11861,5488,1078,6,2023-04-13,20
11862,5315,1049,5,2023-07-25,50
11863,5334,1041,5,2023-04-30,0
11864,5124,1083,9,2023-06-19,20
11865,5473,1030,1,2023-02-04,50
11866,5114,1005,8,2023-11-27,30
11867,5278,1095,2,2023-09-03,40
11868,5500,1071,7,2023-12-06,20
11869,5414,1083,6,2023-11-05,10
11870,5468,1031,2,2023-02-27,0
11871,5213,1052,3,2023-11-02,0
11872,5172,1088,4,2023-05-21,50
11873,5288,1098,7,2023-04-21,40
11874,5435,1023,8,2023-06-12,30
11875,5174,1048,2,2023-04-21,30
11876,5113,1040,8,2023-06-01,0
11877,5376,1006,9,2023-03-06,30
11878,5405,1038,7,2023-04-16,50
11879,5483,1041,1,2023-08-04,40
11880,5122,1100,6,2023-04-01,0
11881,5032,1027,8,2023-01-26,30
11882,5222,1075,5,2023-06-06,20
11883,5119,1069,2,2023-03-13,20
11884,5039,1057,5,2023-02-13,50
11885,5497,1017,8,2023-03-31,30
11886,5268,1071,2,2023-05-13,20
11887,5233,1091,1,2023-06-10,40
11888,5431,1047,4,2023-08-20,10
11889,5018,1079,4,2023-09-18,40
11890,5149,1013,9,2023-04-21,50
11891,5397,1011,3,2023-06-13,40
11892,5149,1090,4,2023-03-18,30
11893,5126,1086,3,2023-07-28,40
11894,5392,1092,2,2023-01-13,30
11895,5302,1024,4,2023-02-27,0
11896,5360,1093,8,2023-12-10,30
11897,5238,1073,1,2023-02-05,50
11898,5135,1004,8,2023-01-25,30
11899,5151,1046,8,2023-02-03,0
11900,5236,1018,3,2023-05-20,10
11901,5224,1043,6,2023-10-02,50
11902,5203,1080,4,2023-12-28,0
11903,5256,1033,1,2023-08-10,30
11904,5086,1093,1,2023-02-06,50
11905,5150,1010,5,2023-12-29,20
11906,5235,1073,8,2023-05-09,30
11907,5345,1059,1,2023-11-12,0
11908,5022,1031,2,2023-11-19,30
11909,5348,1028,7,2023-08-06,0
11910,5285,1060,8,2023-12-01,40
11911,5269,1003,3,2023-09-05,10
11912,5466,1055,8,2023-04-21,10
11913,5258,1014,1,2023-10-31,50
11914,5029,1058,9,2023-08-08,0
11915,5213,1089,2,2023-07-15,10
11916,5463,1015,2,2023-05-27,20
11917,5436,1002,4,2023-12-10,50
11918,5283,1024,3,2023-02-09,20
11919,5050,1078,4,2023-05-14,10
11920,5095,1064,6,2023-12-18,0
11921,5463,1071,7,2023-07-10,50
11922,5499,1100,5,2023-06-12,20
11923,5407,1024,2,2023-03-02,10
11924,5088,1027,3,2023-01-05,30
11925,5044,1037,3,2023-02-06,20
11926,5461,1094,5,2023-08-05,40
11927,5278,1091,5,2023-08-13,50
11928,5171,1039,4,2023-08-04,20
11929,5421,1063,8,2023-05-19,50
11930,5189,1079,6,2023-04-16,10
11931,5353,1026,6,2023-04-09,10
11932,5184,1065,1,2023-06-17,50
11933,5003,1004,6,2023-09-21,10
11934,5191,1029,3,2023-03-28,0
11935,5118,1001,6,2023-03-25,50
11936,5019,1050,6,2023-08-12,0
11937,5023,1086,2,2023-01-11,50
11938,5413,1011,1,2023-11-23,30
11939,5030,1074,3,2023-07-05,30
11940,5295,1059,5,2023-12-16,20
11941,5108,1062,4,2023-08-19,10
11942,5367,1081,7,2023-05-21,30
11943,5281,1036,4,2023-04-16,10
11944,5128,1056,8,2023-09-10,20
11945,5229,1090,7,2023-02-18,0
11946,5111,1021,9,2023-09-20,30
11947,5136,1013,1,2023-07-24,40
11948,5362,1009,5,2023-12-23,40
11949,5186,1011,4,2023-02-20,40
11950,5144,1075,6,2023-06-24,40
11951,5072,1070,1,2023-08-13,40
11952,5129,1001,6,2023-09-18,40
11953,5364,1070,1,2023-08-10,40
11954,5261,1077,1,2023-08-11,30
11955,5003,1086,8,2023-09-26,40
11956,5449,1056,2,2023-10-25,50
11957,5388,1031,6,2023-11-14,50
11958,5104,1086,6,2023-03-15,40
11959,5483,1037,6,2023-04-24,20
11960,5224,1047,8,2023-08-07,30
11961,5320,1091,4,2023-02-23,50
11962,5362,1078,3,2023-07-19,20
11963,5354,1047,6,2023-05-11,10
11964,5491,1069,4,2023-12-05,40
11965,5473,1058,2,2023-07-11,0
11966,5010,1036,6,2023-06-28,40
11967,5405,1032,5,2023-11-01,40
11968,5384,1098,9,2023-10-14,20
11969,5302,1064,6,2023-08-28,10
11970,5231,1071,3,2023-09-02,20
11971,5219,1042,5,2023-11-26,30
11972,5411,1048,8,2023-04-27,10
11973,5066,1074,9,2023-07-27,50
11974,5425,1081,8,2023-07-31,10
11975,5112,1030,3,2023-09-16,10
11976,5013,1021,9,2023-06-12,20
11977,5393,1060,3,2023-08-14,40
11978,5500,1013,8,2023-12-07,40
11979,5420,1001,9,2023-03-05,40
11980,5086,1065,7,2023-09-03,40
11981,5234,1033,4,2023-01-18,40
11982,5090,1038,9,2023-02-03,30
11983,5314,1025,3,2023-11-08,0
11984,5054,1026,3,2023-11-19,50
11985,5012,1077,2,2023-06-30,10
11986,5209,1059,3,2023-12-13,0
11987,5462,1092,1,2023-07-13,30
11988,5014,1033,4,2023-07-11,40
11989,5121,1041,8,2023-03-08,30
11990,5418,1030,5,2023-07-28,50
11991,5437,1057,2,2023-06-16,50
11992,5377,1049,3,2023-09-03,30
11993,5020,1048,1,2023-09-02,0
11994,5075,1072,2,2023-06-15,10
11995,5400,1049,1,2023-10-23,20
11996,5243,1047,2,2023-07-30,20
11997,5223,1056,3,2023-05-13,50
11998,5070,1065,1,2023-07-16,10
11999,5312,1012,9,2023-12-13,40
12000,5211,1069,5,2023-02-18,30
12001,5101,1088,8,2023-03-05,40
12002,5186,1006,5,2023-04-22,50
12003,5132,1089,8,2023-12-22,30
12004,5111,1065,7,2023-07-04,20
12005,5381,1025,4,2023-04-14,50
12006,5132,1001,7,2023-08-01,50
12007,5020,1032,6,2023-01-05,10
12008,5394,1003,3,2023-04-29,0
12009,5024,1049,9,2023-12-10,50
12010,5227,1019,9,2023-09-06,0
12011,5154,1060,5,2023-06-16,10
12012,5293,1029,8,2023-08-30,50
12013,5230,1050,7,2023-10-07,50
12014,5469,1002,9,2023-12-29,20
12015,5310,1073,7,2023-08-26,30
12016,5488,1056,4,2023-11-02,0
12017,5359,1017,4,2023-07-24,20
12018,5405,1060,8,2023-11-10,50
12019,5202,1036,6,2023-01-01,10
12020,5038,1061,9,2023-06-20,40
12021,5430,1017,7,2023-06-16,20
12022,5260,1049,7,2023-09-15,20
12023,5188,1076,4,2023-03-04,40
12024,5057,1060,3,2023-09-29,50
12025,5429,1020,8,2023-02-06,20
12026,5020,1050,7,2023-01-16,0
12027,5273,1003,4,2023-09-11,50
12028,5119,1043,4,2023-12-09,0
12029,5071,1057,1,2023-12-12,0
12030,5004,1050,7,2023-12-02,20
12031,5221,1068,1,2023-01-27,50
12032,5014,1081,4,2023-04-21,20
12033,5003,1050,3,2023-08-21,20
12034,5216,1037,3,2023-03-05,50
12035,5229,1046,1,2023-04-07,50
12036,5336,1042,4,2023-09-24,50
12037,5186,1015,1,2023-11-22,50
12038,5055,1033,8,2023-08-20,10
12039,5500,1080,1,2023-02-17,50
12040,5388,1011,6,2023-12-16,40
12041,5376,1020,7,2023-07-29,50
12042,5254,1024,2,2023-03-17,20
12043,5024,1064,4,2023-09-04,40
12044,5162,1080,3,2023-11-12,30
12045,5158,1094,9,2023-03-09,0
12046,5082,1098,7,2023-11-09,10
12047,5403,1065,2,2023-03-05,40
12048,5159,1088,6,2023-07-01,0
12049,5188,1088,9,2023-03-21,10
12050,5060,1073,3,2023-12-09,50
12051,5403,1086,6,2023-07-22,0
12052,5305,1076,3,2023-07-01,20
12053,5319,1017,3,2023-08-02,20
12054,5366,1089,4,2023-04-30,50
12055,5211,1092,9,2023-08-29,0
12056,5406,1061,8,2023-12-01,50
12057,5152,1015,1,2023-07-21,50
12058,5109,1094,1,2023-10-19,10
12059,5076,1051,7,2023-02-23,0
12060,5030,1027,3,2023-05-25,30
12061,5314,1086,7,2023-12-22,50
12062,5486,1074,9,2023-03-27,10
12063,5117,1061,3,2023-01-22,10
12064,5415,1058,3,2023-11-27,0
12065,5356,1031,2,2023-10-19,40
12066,5192,1091,1,2023-08-24,50
12067,5019,1012,9,2023-01-29,50
12068,5432,1046,6,2023-07-02,0
12069,5173,1031,6,2023-06-09,40
12070,5228,1032,8,2023-01-18,10
12071,5350,1032,5,2023-02-07,20
12072,5183,1099,9,2023-04-11,50
12073,5113,1053,5,2023-10-17,20
12074,5183,1061,2,2023-06-22,50
12075,5481,1046,6,2023-12-09,0
12076,5146,1085,9,2023-03-08,50
12077,5319,1074,3,2023-07-10,40
12078,5116,1080,4,2023-02-12,50
12079,5113,1007,8,2023-05-03,0
12080,5251,1004,6,2023-10-05,30
12081,5476,1091,7,2023-12-09,0
12082,5251,1052,7,2023-07-15,0
12083,5303,1089,4,2023-11-29,0
12084,5459,1031,6,2023-05-05,0
12085,5313,1075,9,2023-04-06,40
12086,5118,1084,3,2023-06-06,50
12087,5301,1036,8,2023-02-09,40
12088,5161,1054,7,2023-12-26,40
12089,5401,1054,4,2023-06-22,30
12090,5198,1017,3,2023-06-22,30
12091,5260,1075,7,2023-04-30,50
12092,5148,1030,9,2023-09-30,50
12093,5240,1099,3,2023-12-24,0
12094,5047,1022,9,2023-12-30,40
12095,5475,1043,8,2023-12-12,30
12096,5399,1027,3,2023-11-15,20
12097,5198,1037,8,2023-09-18,0
12098,5047,1046,4,2023-10-08,10
12099,5078,1035,6,2023-11-25,40
12100,5124,1004,2,2023-05-04,0
12101,5075,1080,8,2023-10-05,50
12102,5359,1080,9,2023-04-03,0
12103,5137,1085,7,2023-02-04,10
12104,5090,1026,8,2023-11-07,50
12105,5400,1100,7,2023-05-08,20
12106,5325,1019,4,2023-01-20,30
12107,5500,1081,1,2023-09-18,30
12108,5061,1045,3,2023-06-16,10
12109,5138,1026,7,2023-11-15,10
12110,5050,1022,7,2023-08-24,30
12111,5259,1058,3,2023-02-01,20
12112,5461,1063,1,2023-08-19,20
12113,5107,1028,9,2023-07-10,0
12114,5113,1065,6,2023-11-26,10
12115,5350,1044,7,2023-05-25,10
12116,5254,1100,1,2023-04-11,10
12117,5118,1043,1,2023-03-20,50
12118,5493,1037,4,2023-06-09,30
12119,5198,1066,7,2023-09-12,30
12120,5337,1017,8,2023-10-06,30
12121,5365,1040,9,2023-07-07,20
12122,5051,1038,1,2023-07-29,30
12123,5245,1085,4,2023-08-29,0
12124,5403,1061,4,2023-02-25,50
12125,5426,1009,3,2023-05-17,30
12126,5035,1077,7,2023-04-16,50
12127,5302,1075,1,2023-03-10,50
12128,5410,1061,9,2023-07-09,20
12129,5499,1080,8,2023-07-11,10
12130,5069,1016,2,2023-10-05,50
12131,5349,1002,2,2023-02-01,0
12132,5320,1072,8,2023-06-24,20
12133,5421,1043,1,2023-09-15,40
12134,5468,1042,7,2023-05-03,50
12135,5049,1077,9,2023-03-26,50
12136,5405,1057,3,2023-08-04,10
12137,5074,1081,7,2023-08-04,30
12138,5192,1088,6,2023-01-14,20
12139,5261,1067,7,2023-02-06,40
12140,5356,1030,7,2023-01-27,20
12141,5070,1013,1,2023-06-01,30
12142,5090,1019,3,2023-03-05,20
12143,5260,1007,1,2023-03-11,40
12144,5126,1009,5,2023-06-03,20
12145,5231,1083,3,2023-09-10,0
12146,5295,1054,1,2023-09-28,0
12147,5498,1086,2,2023-01-29,30
12148,5419,1082,5,2023-03-15,40
12149,5129,1061,3,2023-10-11,40
12150,5280,1087,6,2023-02-28,40
12151,5313,1002,9,2023-08-31,40
12152,5100,1050,6,2023-11-25,40
12153,5326,1075,2,2023-05-29,10
12154,5297,1031,2,2023-01-10,20
12155,5182,1033,8,2023-05-12,50
12156,5174,1078,8,2023-03-03,40
12157,5316,1080,6,2023-09-19,50
12158,5364,1011,7,2023-08-06,0
12159,5188,1033,1,2023-08-20,50
12160,5057,1007,9,2023-12-02,50
12161,5031,1031,5,2023-03-13,20
12162,5084,1048,9,2023-01-16,50
12163,5152,1047,2,2023-02-07,30
12164,5473,1078,8,2023-06-26,30
12165,5036,1092,7,2023-11-17,40
12166,5213,1053,4,2023-03-24,10
12167,5414,1080,3,2023-01-17,10
12168,5408,1019,4,2023-06-05,20
12169,5364,1081,4,2023-06-21,10
12170,5106,1090,8,2023-03-11,50
12171,5414,1006,4,2023-03-12,30
12172,5342,1049,5,2023-09-12,40
12173,5220,1073,2,2023-05-11,0
12174,5391,1050,4,2023-02-18,50
12175,5163,1081,7,2023-01-21,30
12176,5439,1095,3,2023-11-16,30
12177,5220,1012,1,2023-08-08,20
12178,5270,1023,8,2023-07-06,50
12179,5120,1054,8,2023-02-01,10
12180,5394,1069,6,2023-07-22,0
12181,5336,1100,7,2023-10-03,0
12182,5400,1059,2,2023-08-30,10
12183,5182,1036,5,2023-01-16,40
12184,5479,1003,7,2023-11-12,10
12185,5106,1058,9,2023-06-22,40
12186,5217,1088,1,2023-05-17,0
12187,5205,1055,3,2023-06-28,50
12188,5070,1057,6,2023-12-25,20
12189,5044,1017,7,2023-03-02,30
12190,5329,1039,6,2023-04-14,50
12191,5301,1090,1,2023-11-13,0
12192,5228,1068,4,2023-07-14,0
12193,5184,1055,6,2023-09-13,0
12194,5107,1045,8,2023-03-17,30
12195,5084,1076,4,2023-09-28,40
12196,5338,1001,7,2023-06-30,20
12197,5250,1021,3,2023-05-12,50
12198,5363,1083,8,2023-05-31,50
12199,5441,1021,1,2023-06-04,20
12200,5021,1052,4,2023-12-25,20
12201,5196,1082,8,2023-08-23,40
12202,5178,1043,4,2023-09-05,50
12203,5417,1052,2,2023-06-14,10
12204,5475,1067,2,2023-07-24,10
12205,5007,1044,4,2023-06-14,20
12206,5070,1032,4,2023-08-01,0
12207,5127,1010,2,2023-09-11,0
12208,5399,1064,7,2023-06-06,30
12209,5466,1079,6,2023-06-26,10
12210,5160,1069,3,2023-03-16,0
12211,5248,1068,8,2023-06-27,20
12212,5203,1028,8,2023-10-11,30
12213,5148,1053,1,2023-11-26,10
12214,5472,1051,3,2023-05-13,30
12215,5143,1053,5,2023-05-05,0
12216,5432,1004,2,2023-11-08,20
12217,5199,1079,5,2023-11-16,20
12218,5405,1017,3,2023-05-07,20
12219,5426,1067,9,2023-12-11,0
12220,5154,1074,1,2023-08-13,40
12221,5492,1047,4,2023-01-17,50
12222,5376,1056,6,2023-12-19,50
12223,5384,1023,9,2023-11-07,20
12224,5142,1018,3,2023-09-03,50
12225,5313,1001,3,2023-05-17,40
12226,5165,1035,5,2023-08-05,20
12227,5314,1064,7,2023-07-15,40
12228,5021,1058,5,2023-07-20,10
12229,5082,1095,8,2023-07-26,50
12230,5069,1059,5,2023-01-16,10
12231,5131,1001,7,2023-01-13,20
12232,5087,1003,6,2023-03-19,30
12233,5218,1067,2,2023-08-02,30
12234,5421,1037,3,2023-12-07,0
12235,5472,1083,4,2023-11-25,10
12236,5305,1029,5,2023-04-29,10
12237,5403,1089,9,2023-06-30,30
12238,5371,1033,6,2023-11-20,20
12239,5345,1100,1,2023-11-26,0
12240,5341,1061,3,2023-12-21,10
12241,5384,1093,7,2023-05-17,0
12242,5396,1090,8,2023-06-28,10
12243,5445,1004,7,2023-07-27,40
12244,5425,1014,5,2023-02-23,40
12245,5161,1091,8,2023-03-20,0
12246,5178,1033,9,2023-09-28,30
12247,5117,1022,7,2023-04-28,30
12248,5196,1048,9,2023-04-16,10
12249,5383,1003,1,2023-04-15,50
12250,5490,1087,9,2023-10-30,40
12251,5327,1085,3,2023-04-28,40
12252,5086,1023,6,2023-08-17,0
12253,5289,1068,8,2023-05-28,50
12254,5081,1021,3,2023-12-20,0
12255,5152,1043,4,2023-05-30,30
12256,5061,1095,7,2023-10-31,30
12257,5061,1085,7,2023-09-13,50
12258,5354,1026,4,2023-03-23,50
12259,5028,1041,9,2023-01-16,30
12260,5442,1099,3,2023-07-12,20
12261,5043,1038,8,2023-07-30,40
12262,5169,1088,8,2023-03-15,40
12263,5423,1011,4,2023-10-04,0
12264,5086,1029,7,2023-03-02,40
12265,5177,1060,4,2023-01-24,0
12266,5017,1067,1,2023-01-23,50
12267,5098,1065,1,2023-12-09,50
12268,5454,1061,1,2023-09-15,20
12269,5494,1019,2,2023-07-17,50
12270,5198,1046,6,2023-02-22,30
12271,5098,1049,5,2023-05-19,20
12272,5065,1022,2,2023-09-28,30
12273,5330,1078,8,2023-07-20,30
12274,5341,1057,9,2023-06-13,0
12275,5005,1014,7,2023-04-02,30
12276,5002,1044,9,2023-01-23,20
12277,5022,1016,4,2023-03-29,10
12278,5112,1097,7,2023-07-01,50
12279,5057,1077,5,2023-12-21,0
12280,5066,1012,5,2023-10-10,50
12281,5330,1055,3,2023-01-21,30
12282,5098,1051,9,2023-02-18,30
12283,5144,1039,5,2023-07-09,40
12284,5368,1033,6,2023-07-24,0
12285,5435,1033,3,2023-02-13,0
12286,5125,1029,7,2023-10-27,20
12287,5167,1069,9,2023-05-08,10
12288,5086,1070,9,2023-07-08,20
12289,5076,1031,5,2023-06-19,20
12290,5344,1080,7,2023-10-06,20
12291,5495,1031,3,2023-07-20,10
12292,5424,1089,6,2023-05-05,20
12293,5294,1046,8,2023-10-19,50
12294,5444,1097,8,2023-11-07,0
12295,5059,1077,2,2023-01-16,10
12296,5138,1052,6,2023-12-11,30
12297,5099,1010,7,2023-10-01,40
12298,5192,1088,7,2023-10-21,40
12299,5243,1074,3,2023-01-20,50
12300,5319,1041,9,2023-01-19,0
12301,5049,1095,2,2023-01-13,40
12302,5448,1077,3,2023-01-17,50
12303,5032,1003,2,2023-07-25,50
12304,5391,1059,9,2023-01-30,40
12305,5277,1052,4,2023-10-26,40
12306,5020,1034,2,2023-10-31,50
12307,5154,1049,3,2023-02-12,50
12308,5383,1028,4,2023-04-03,30
12309,5068,1083,6,2023-03-07,40
12310,5366,1087,5,2023-04-29,20
12311,5372,1096,3,2023-11-05,50
12312,5214,1013,8,2023-03-13,0
12313,5143,1097,8,2023-11-30,0
12314,5376,1098,7,2023-06-11,50
12315,5232,1097,3,2023-11-26,0
12316,5213,1069,1,2023-11-24,30
12317,5079,1067,5,2023-09-26,30
12318,5214,1061,1,2023-08-06,50
12319,5116,1060,6,2023-09-11,40
12320,5092,1071,7,2023-02-28,20
12321,5270,1024,5,2023-02-01,40
12322,5411,1063,4,2023-12-05,0
12323,5381,1086,2,2023-04-30,20
12324,5489,1061,5,2023-11-06,0
12325,5168,1023,9,2023-01-02,20
12326,5058,1030,4,2023-04-28,50
12327,5284,1060,2,2023-02-06,10
12328,5026,1018,6,2023-04-07,30
12329,5369,1096,8,2023-12-25,30
12330,5447,1056,2,2023-09-14,50
12331,5066,1053,9,2023-05-08,0
12332,5409,1007,7,2023-12-25,0
12333,5248,1097,2,2023-06-05,10
12334,5254,1069,5,2023-05-25,40
12335,5387,1092,5,2023-02-26,20
12336,5456,1072,7,2023-03-11,50
12337,5044,1079,5,2023-02-13,10
12338,5097,1052,6,2023-07-31,50
12339,5042,1004,9,2023-06-24,10
12340,5500,1034,3,2023-05-21,0
12341,5227,1069,3,2023-03-17,0
12342,5262,1033,8,2023-06-07,40
12343,5167,1069,6,2023-03-26,50
12344,5436,1038,3,2023-11-18,50
12345,5279,1098,2,2023-11-05,40
12346,5089,1026,2,2023-01-18,0
12347,5379,1001,2,2023-10-11,30
12348,5178,1004,5,2023-02-11,40
12349,5427,1039,5,2023-05-14,10
12350,5403,1054,1,2023-04-12,0
12351,5197,1090,2,2023-05-17,50
12352,5307,1033,2,2023-08-10,50
12353,5267,1033,4,2023-08-17,20
12354,5268,1072,7,2023-10-21,20
12355,5074,1020,3,2023-11-02,30
12356,5008,1016,5,2023-11-12,50
12357,5408,1021,9,2023-04-29,0
12358,5476,1045,5,2023-04-09,50
12359,5297,1090,9,2023-12-16,50
12360,5164,1087,1,2023-11-20,10
12361,5485,1082,9,2023-06-08,30
12362,5085,1062,5,2023-08-27,10
12363,5072,1031,8,2023-11-16,20
12364,5055,1042,5,2023-12-01,10
12365,5393,1012,6,2023-07-08,20
12366,5047,1065,8,2023-11-05,40
12367,5399,1073,2,2023-09-06,20
12368,5432,1003,3,2023-01-26,50
12369,5238,1090,9,2023-07-08,20
12370,5104,1009,5,2023-05-20,50
12371,5210,1051,5,2023-06-30,30
12372,5042,1016,9,2023-01-21,50
12373,5316,1088,3,2023-06-12,50
12374,5468,1078,4,2023-03-12,50
12375,5454,1003,7,2023-03-23,30
12376,5268,1098,2,2023-06-04,0
12377,5386,1097,8,2023-11-12,0
12378,5263,1024,5,2023-12-21,20
12379,5336,1073,1,2023-02-16,40
12380,5387,1013,3,2023-07-13,0
12381,5365,1002,9,2023-08-12,20
12382,5259,1071,5,2023-08-25,30
12383,5283,1021,8,2023-10-07,0
12384,5114,1019,1,2023-01-10,0
12385,5363,1089,7,2023-06-01,50
12386,5040,1047,7,2023-12-10,50
12387,5486,1022,8,2023-04-14,20
12388,5417,1075,3,2023-05-04,50
12389,5220,1033,1,2023-07-04,20
12390,5129,1032,9,2023-10-17,10
12391,5008,1064,1,2023-02-10,10
12392,5101,1085,6,2023-01-11,40
12393,5416,1039,9,2023-08-06,0
12394,5380,1084,2,2023-01-01,10
12395,5176,1072,4,2023-06-20,20
12396,5107,1042,2,2023-12-04,50
12397,5101,1009,4,2023-10-09,50
12398,5260,1025,2,2023-02-22,0
12399,5478,1089,1,2023-05-05,10
12400,5454,1097,3,2023-06-24,40
12401,5366,1002,8,2023-09-22,40
12402,5246,1019,5,2023-09-22,40
12403,5275,1020,4,2023-07-18,40
12404,5032,1093,5,2023-09-13,50
12405,5137,1070,6,2023-06-21,50
12406,5012,1017,6,2023-02-28,50
12407,5395,1089,5,2023-04-16,20
12408,5302,1068,6,2023-05-05,40
12409,5375,1094,9,2023-01-16,30
12410,5016,1084,5,2023-02-07,50
12411,5129,1003,6,2023-08-31,40
12412,5063,1087,4,2023-07-29,10
12413,5109,1051,3,2023-11-11,0
12414,5375,1082,6,2023-10-12,50
12415,5021,1026,5,2023-06-17,50
12416,5158,1056,4,2023-09-21,10
12417,5269,1100,5,2023-04-08,0
12418,5162,1064,7,2023-05-14,20
12419,5260,1008,1,2023-12-31,50
12420,5412,1081,1,2023-06-30,0
12421,5102,1095,1,2023-08-10,30
12422,5223,1037,2,2023-12-30,50
12423,5059,1097,9,2023-05-29,40
12424,5247,1027,5,2023-09-01,10
12425,5128,1045,9,2023-11-09,0
12426,5283,1004,5,2023-03-17,10
12427,5325,1086,7,2023-09-19,40
12428,5025,1090,6,2023-08-19,20
12429,5131,1096,2,2023-07-10,40
12430,5353,1088,3,2023-05-14,20
12431,5196,1099,5,2023-11-05,10
12432,5281,1037,4,2023-09-09,20
12433,5404,1096,6,2023-09-02,50
12434,5418,1071,8,2023-09-22,20
12435,5154,1033,8,2023-11-21,20
12436,5382,1031,3,2023-11-26,50
12437,5133,1055,4,2023-12-09,20
12438,5227,1012,1,2023-01-04,50
12439,5189,1011,2,2023-02-06,50
12440,5476,1088,9,2023-03-12,20
12441,5477,1072,2,2023-09-19,50
12442,5265,1032,6,2023-08-25,0
12443,5372,1057,7,2023-11-03,20
12444,5486,1038,6,2023-12-21,20
12445,5434,1060,8,2023-06-27,40
12446,5134,1086,9,2023-04-06,40
12447,5211,1098,8,2023-08-15,40
12448,5060,1019,5,2023-01-11,20
12449,5428,1084,8,2023-09-23,40
12450,5377,1056,9,2023-07-08,0
12451,5395,1014,8,2023-07-28,10
12452,5450,1033,2,2023-01-13,40
12453,5431,1010,2,2023-06-11,50
12454,5364,1080,3,2023-03-01,40
12455,5364,1064,7,2023-01-05,0
12456,5457,1064,9,2023-07-21,50
12457,5213,1062,8,2023-01-12,50
12458,5216,1068,9,2023-12-07,50
12459,5226,1091,6,2023-08-28,50
12460,5470,1092,1,2023-08-13,30
12461,5131,1043,4,2023-07-01,30
12462,5076,1080,6,2023-10-24,50
12463,5476,1059,6,2023-10-31,50
12464,5286,1052,8,2023-11-03,50
12465,5474,1097,1,2023-06-27,0
12466,5496,1019,2,2023-04-28,40
12467,5277,1021,2,2023-12-18,10
12468,5156,1022,6,2023-03-17,50
12469,5248,1009,7,2023-02-15,40
12470,5218,1009,2,2023-08-15,0
12471,5190,1073,5,2023-12-22,0
12472,5417,1027,6,2023-10-21,50
12473,5469,1017,4,2023-08-28,20
12474,5163,1044,1,2023-12-14,0
12475,5180,1045,3,2023-05-21,20
12476,5034,1008,9,2023-07-23,0
12477,5041,1080,6,2023-05-30,20
12478,5307,1018,2,2023-05-10,20
12479,5431,1033,9,2023-12-15,50
12480,5338,1001,4,2023-11-29,50
12481,5314,1076,8,2023-09-26,40
12482,5075,1006,7,2023-11-09,20
12483,5441,1041,3,2023-05-17,30
12484,5279,1055,8,2023-04-26,0
12485,5176,1005,4,2023-12-17,50
12486,5384,1059,2,2023-06-10,10
12487,5150,1080,5,2023-06-04,0
12488,5273,1018,1,2023-06-22,40
12489,5325,1049,8,2023-05-10,40
12490,5108,1082,8,2023-03-20,20
12491,5139,1065,3,2023-02-26,40
12492,5350,1083,1,2023-12-17,50
12493,5271,1054,4,2023-02-26,40
12494,5347,1061,9,2023-12-29,0
12495,5419,1008,9,2023-12-01,30
12496,5289,1003,1,2023-05-14,30
12497,5212,1025,7,2023-01-14,20
12498,5381,1069,6,2023-10-10,40
12499,5272,1055,7,2023-10-21,40
12500,5418,1040,7,2023-05-27,30
12501,5066,1083,8,2023-05-07,20
12502,5483,1082,8,2023-09-17,40
12503,5424,1050,2,2023-11-10,20
12504,5248,1095,4,2023-08-06,50
12505,5156,1033,4,2023-08-21,0
12506,5047,1018,8,2023-06-17,50
12507,5423,1057,3,2023-05-23,40
12508,5454,1016,3,2023-09-17,40
12509,5201,1080,2,2023-08-06,40
12510,5148,1038,1,2023-11-04,30
12511,5124,1041,8,2023-05-26,30
12512,5001,1007,9,2023-04-09,40
12513,5456,1078,9,2023-07-01,40
12514,5247,1053,8,2023-06-18,0
12515,5343,1063,5,2023-08-21,0
12516,5128,1089,1,2023-04-03,20
12517,5191,1032,9,2023-04-27,20
12518,5067,1038,6,2023-01-04,30
12519,5004,1022,7,2023-03-26,10
12520,5442,1016,8,2023-06-16,0
12521,5409,1052,5,2023-01-07,20
12522,5303,1029,6,2023-08-20,0
12523,5294,1016,7,2023-09-08,0
12524,5143,1076,7,2023-03-26,50
12525,5191,1017,2,2023-11-15,10
12526,5021,1064,1,2023-07-12,0
12527,5227,1091,8,2023-05-03,50
12528,5313,1089,5,2023-03-30,10
12529,5117,1013,2,2023-04-05,50
12530,5437,1072,3,2023-10-27,50
12531,5302,1056,6,2023-12-24,10
12532,5500,1005,6,2023-02-14,0
12533,5142,1012,8,2023-09-10,0
12534,5484,1041,5,2023-02-20,20
12535,5460,1003,5,2023-03-06,0
12536,5401,1099,7,2023-02-23,0
12537,5039,1033,5,2023-08-10,0
12538,5393,1086,9,2023-03-13,20
12539,5355,1050,6,2023-06-17,10
12540,5252,1056,7,2023-07-05,20
12541,5333,1009,8,2023-05-23,0
12542,5207,1082,5,2023-01-19,40
12543,5210,1050,4,2023-01-10,0
12544,5115,1029,8,2023-09-29,20
12545,5225,1039,9,2023-06-20,50
12546,5134,1091,1,2023-12-30,50
12547,5251,1100,3,2023-01-16,20
12548,5219,1045,4,2023-03-21,30
12549,5407,1017,7,2023-10-11,50
12550,5443,1056,6,2023-07-09,40
12551,5091,1098,1,2023-05-28,20
12552,5354,1046,4,2023-06-12,50
12553,5376,1067,6,2023-09-22,50
12554,5046,1069,3,2023-12-26,10
12555,5038,1014,2,2023-05-18,0
12556,5142,1067,2,2023-10-28,50
12557,5100,1023,4,2023-12-31,50
12558,5328,1094,1,2023-01-30,10
12559,5190,1061,2,2023-10-31,20
12560,5035,1023,2,2023-06-17,20
12561,5147,1027,4,2023-04-01,10
12562,5030,1054,4,2023-04-01,10
12563,5334,1010,1,2023-07-30,30
12564,5084,1089,7,2023-11-26,0
12565,5369,1077,7,2023-10-27,10
12566,5281,1016,1,2023-06-23,0
12567,5424,1041,8,2023-05-14,50
12568,5344,1098,7,2023-01-24,40
12569,5270,1055,7,2023-07-20,20
12570,5154,1061,6,2023-08-07,10
12571,5102,1086,4,2023-01-07,40
12572,5215,1081,8,2023-01-06,20
12573,5150,1087,2,2023-04-28,30
12574,5432,1100,7,2023-06-10,20
12575,5083,1049,3,2023-03-26,10
12576,5110,1073,3,2023-09-05,40
12577,5435,1052,7,2023-06-15,40
12578,5387,1002,3,2023-05-25,40
12579,5426,1096,5,2023-01-31,20
12580,5275,1050,8,2023-08-08,0
12581,5201,1086,4,2023-05-13,0
12582,5284,1043,7,2023-03-05,20
12583,5468,1077,7,2023-03-17,10
12584,5173,1008,2,2023-05-11,20
12585,5327,1059,8,2023-11-08,0
12586,5206,1065,9,2023-11-15,20
12587,5063,1081,6,2023-12-27,40
12588,5073,1012,5,2023-02-07,10
12589,5251,1004,1,2023-02-23,10
12590,5124,1077,1,2023-05-10,30
12591,5375,1095,9,2023-08-06,20
12592,5121,1041,4,2023-01-02,50
12593,5275,1007,1,2023-09-03,50
12594,5431,1087,3,2023-05-20,50
12595,5500,1088,6,2023-10-23,40
12596,5398,1069,8,2023-09-15,50
12597,5120,1069,2,2023-04-15,20
12598,5422,1081,8,2023-12-02,30
12599,5437,1030,1,2023-07-04,30
12600,5317,1073,2,2023-10-30,20
12601,5164,1006,8,2023-09-01,50
12602,5424,1089,7,2023-06-13,20
12603,5465,1019,5,2023-05-12,20
12604,5286,1080,2,2023-07-22,0
12605,5265,1085,9,2023-07-29,30
12606,5320,1066,5,2023-12-13,10
12607,5161,1010,8,2023-04-11,50
12608,5376,1016,4,2023-09-28,50
12609,5308,1037,9,2023-02-18,0
12610,5089,1079,7,2023-08-27,40
12611,5142,1077,2,2023-08-03,10
12612,5203,1077,3,2023-10-18,10
12613,5309,1032,2,2023-12-16,10
12614,5227,1047,5,2023-10-07,30
12615,5489,1072,2,2023-11-12,40
12616,5443,1043,5,2023-03-18,0
12617,5334,1082,9,2023-10-31,40
12618,5222,1036,2,2023-05-31,50
12619,5041,1026,9,2023-10-24,0
12620,5196,1010,7,2023-06-06,30
12621,5068,1031,7,2023-07-17,50
12622,5476,1097,5,2023-10-14,40
12623,5264,1029,8,2023-01-24,10
12624,5002,1005,7,2023-01-09,40
12625,5361,1077,6,2023-05-12,50
12626,5125,1001,2,2023-03-18,30
12627,5110,1087,6,2023-08-14,30
12628,5086,1003,2,2023-05-11,30
12629,5425,1067,1,2023-03-31,0
12630,5120,1071,9,2023-04-27,40
12631,5127,1100,5,2023-04-20,10
12632,5255,1035,4,2023-12-20,10
12633,5183,1015,8,2023-09-28,20
12634,5016,1067,5,2023-08-15,30
12635,5477,1093,7,2023-09-01,50
12636,5062,1030,3,2023-11-04,10
12637,5369,1082,8,2023-02-24,30
12638,5432,1075,8,2023-02-06,10
12639,5158,1043,3,2023-02-24,40
12640,5268,1060,9,2023-01-12,20
12641,5035,1040,8,2023-07-04,30
12642,5267,1065,1,2023-08-25,0
12643,5064,1029,8,2023-10-20,0
12644,5494,1074,4,2023-07-23,10
12645,5050,1092,6,2023-07-30,40
12646,5469,1095,9,2023-08-14,50
12647,5255,1019,5,2023-01-07,30
12648,5149,1003,7,2023-08-08,20
12649,5325,1036,1,2023-11-07,40
12650,5304,1043,9,2023-01-28,10
12651,5276,1015,6,2023-10-20,40
12652,5357,1097,4,2023-07-31,20
12653,5451,1041,6,2023-07-08,40
12654,5172,1090,5,2023-03-16,30
12655,5417,1080,3,2023-08-30,10
12656,5201,1036,7,2023-04-24,20
12657,5445,1097,3,2023-06-16,10
12658,5393,1084,2,2023-04-16,50
12659,5324,1077,4,2023-05-31,30
12660,5035,1033,7,2023-03-25,20
12661,5465,1005,5,2023-07-31,50
12662,5482,1078,9,2023-09-24,50
12663,5216,1091,7,2023-11-18,50
12664,5480,1087,9,2023-09-26,20
12665,5065,1014,9,2023-06-26,10
12666,5008,1068,2,2023-09-28,40
12667,5301,1083,1,2023-11-08,40
12668,5343,1047,4,2023-07-01,50
12669,5431,1054,4,2023-06-08,0
12670,5424,1004,2,2023-07-08,0
12671,5332,1094,3,2023-07-05,20
12672,5438,1083,3,2023-11-05,10
12673,5076,1095,5,2023-09-03,20
12674,5174,1095,1,2023-11-13,10
12675,5047,1009,9,2023-02-11,30
12676,5015,1053,8,2023-10-12,0
12677,5361,1077,8,2023-10-27,20
12678,5147,1078,3,2023-12-28,30
12679,5026,1060,2,2023-10-21,40
12680,5308,1046,1,2023-06-30,0
12681,5093,1054,6,2023-12-31,10
12682,5406,1074,1,2023-07-01,50
12683,5232,1095,5,2023-12-06,40
12684,5021,1037,9,2023-08-06,40
12685,5307,1023,9,2023-06-12,30
12686,5038,1027,4,2023-02-15,20
12687,5276,1070,7,2023-04-02,50
12688,5157,1090,7,2023-04-15,20
12689,5179,1066,4,2023-07-26,30
12690,5132,1061,5,2023-11-24,40
12691,5311,1077,9,2023-05-19,0
12692,5455,1051,7,2023-01-29,40
12693,5348,1050,7,2023-09-08,30
12694,5028,1019,7,2023-07-10,40
12695,5260,1001,9,2023-02-16,50
12696,5406,1040,5,2023-09-08,40
12697,5076,1032,6,2023-09-20,40
12698,5429,1022,3,2023-03-05,40
12699,5067,1093,1,2023-12-04,0
12700,5342,1066,2,2023-11-16,10
12701,5492,1040,8,2023-12-14,10
12702,5194,1038,1,2023-09-25,20
12703,5472,1048,7,2023-01-12,10
12704,5162,1055,5,2023-10-19,10
12705,5347,1075,6,2023-01-29,10
12706,5439,1081,8,2023-05-19,40
12707,5361,1055,4,2023-03-26,40
12708,5257,1051,6,2023-03-15,50
12709,5072,1060,3,2023-09-08,0
12710,5087,1008,7,2023-08-12,40
12711,5422,1086,2,2023-02-16,40
12712,5262,1068,8,2023-03-22,10
12713,5214,1075,7,2023-05-01,0
12714,5153,1072,8,2023-02-12,0
12715,5210,1009,2,2023-05-26,10
12716,5401,1090,3,2023-03-15,10
12717,5061,1002,4,2023-02-22,0
12718,5268,1080,9,2023-08-21,30
12719,5262,1095,5,2023-10-22,10
12720,5218,1070,6,2023-12-29,10
12721,5283,1085,1,2023-07-19,0
12722,5136,1090,4,2023-06-11,30
12723,5467,1059,4,2023-02-06,50
12724,5380,1019,8,2023-04-07,30
12725,5362,1028,8,2023-02-18,20
12726,5449,1072,6,2023-01-10,30
12727,5441,1014,8,2023-02-09,10
12728,5093,1024,9,2023-06-02,40
12729,5109,1044,5,2023-04-16,0
12730,5241,1056,1,2023-02-10,50
12731,5355,1090,1,2023-06-13,10
12732,5424,1095,2,2023-09-15,50
12733,5142,1051,2,2023-07-30,0
12734,5291,1032,5,2023-07-21,50
12735,5432,1050,7,2023-07-14,30
12736,5237,1041,7,2023-02-22,0
12737,5340,1066,4,2023-05-27,10
12738,5312,1025,4,2023-10-09,40
12739,5177,1061,3,2023-11-06,10
12740,5141,1066,2,2023-08-31,20
12741,5189,1042,3,2023-02-20,0
12742,5486,1065,8,2023-04-24,10
12743,5049,1036,1,2023-09-30,30
12744,5302,1076,4,2023-04-30,30
12745,5369,1009,7,2023-07-08,50
12746,5190,1036,5,2023-02-15,10
12747,5136,1092,2,2023-08-31,50
12748,5043,1038,1,2023-11-07,20
12749,5404,1033,6,2023-02-19,0
12750,5380,1042,5,2023-11-27,20
12751,5353,1061,3,2023-01-11,40
12752,5090,1046,9,2023-02-17,50
12753,5295,1086,3,2023-02-25,10
12754,5341,1089,2,2023-01-08,50
12755,5245,1061,5,2023-01-14,20
12756,5433,1018,9,2023-08-03,40
12757,5192,1070,8,2023-09-02,20
12758,5318,1082,6,2023-02-23,40
12759,5106,1080,3,2023-09-30,30
12760,5363,1015,6,2023-05-11,30
12761,5310,1048,5,2023-01-09,10
12762,5382,1072,1,2023-07-31,20
12763,5233,1013,5,2023-05-02,30
12764,5265,1043,7,2023-04-24,50
12765,5344,1060,9,2023-01-20,0
12766,5037,1057,1,2023-12-05,50
12767,5305,1071,3,2023-01-21,30
12768,5041,1017,8,2023-07-27,30
12769,5017,1050,6,2023-02-02,20
12770,5344,1032,5,2023-05-13,40
12771,5277,1022,2,2023-07-10,0
12772,5307,1055,3,2023-01-26,0
12773,5059,1057,2,2023-12-30,40
12774,5423,1013,1,2023-03-30,20
12775,5183,1047,7,2023-04-02,30
12776,5041,1087,3,2023-02-02,40
12777,5039,1062,7,2023-08-26,0
12778,5397,1054,7,2023-01-18,0
12779,5192,1029,8,2023-10-01,30
12780,5267,1022,1,2023-10-16,30
12781,5494,1065,5,2023-01-27,10
12782,5147,1029,9,2023-11-01,50
12783,5395,1048,7,2023-04-18,40
12784,5333,1005,1,2023-08-14,30
12785,5127,1035,8,2023-11-20,10
12786,5046,1074,3,2023-12-21,20
12787,5045,1083,4,2023-01-19,0
12788,5001,1071,4,2023-08-11,40
12789,5168,1046,8,2023-10-08,50
12790,5108,1035,1,2023-04-14,20
12791,5019,1045,8,2023-11-28,40
12792,5332,1013,9,2023-11-28,40
12793,5072,1010,9,2023-12-28,30
12794,5456,1066,5,2023-10-16,10
12795,5445,1070,4,2023-02-06,40
12796,5109,1072,4,2023-12-14,50
12797,5268,1100,9,2023-09-01,20
12798,5445,1025,8,2023-02-12,50
12799,5240,1044,7,2023-05-06,40
12800,5417,1060,3,2023-01-09,50
12801,5301,1047,4,2023-01-14,50
12802,5090,1040,9,2023-05-11,10
12803,5103,1007,8,2023-11-21,0
12804,5476,1046,1,2023-07-03,40
12805,5250,1023,3,2023-10-09,20
12806,5453,1083,2,2023-02-22,0
12807,5008,1046,2,2023-02-10,50
12808,5153,1086,8,2023-12-04,0
12809,5347,1013,6,2023-12-24,30
12810,5174,1021,6,2023-01-21,30
12811,5343,1001,4,2023-10-22,40
12812,5158,1019,1,2023-07-27,20
12813,5493,1060,7,2023-05-31,30
12814,5431,1033,8,2023-03-10,50
12815,5215,1004,2,2023-11-27,10
12816,5177,1003,2,2023-11-14,10
12817,5175,1091,1,2023-10-28,50
12818,5340,1052,4,2023-01-27,0
12819,5338,1099,6,2023-04-26,50
12820,5146,1028,5,2023-05-22,0
12821,5450,1070,4,2023-02-10,0
12822,5324,1070,4,2023-04-16,10
12823,5478,1055,7,2023-03-15,30
12824,5161,1057,7,2023-03-01,50
12825,5127,1087,2,2023-10-25,30
12826,5420,1097,7,2023-05-02,40
12827,5082,1016,2,2023-07-22,20
12828,5485,1024,4,2023-01-11,10
12829,5147,1069,1,2023-05-27,0
12830,5239,1041,5,2023-08-04,20
12831,5412,1077,1,2023-11-17,0
12832,5424,1047,4,2023-10-30,20
12833,5084,1076,9,2023-01-14,20
12834,5113,1069,8,2023-03-08,30
12835,5225,1031,6,2023-06-29,40
12836,5332,1092,8,2023-12-31,40
12837,5378,1092,5,2023-08-30,0
12838,5243,1030,7,2023-06-09,10
12839,5143,1018,8,2023-01-10,40
12840,5041,1044,7,2023-05-04,10
12841,5423,1027,4,2023-09-30,0
12842,5258,1099,5,2023-08-29,10
12843,5447,1026,6,2023-05-23,20
12844,5285,1060,6,2023-12-19,20
12845,5105,1018,9,2023-06-16,0
12846,5202,1097,2,2023-02-26,10
12847,5450,1089,6,2023-05-18,10
12848,5307,1056,3,2023-11-23,0
12849,5331,1031,2,2023-12-19,40
12850,5461,1059,6,2023-01-17,30
12851,5266,1002,4,2023-11-28,40
12852,5398,1097,5,2023-09-30,50
12853,5210,1039,5,2023-11-30,30
12854,5051,1061,3,2023-01-03,10
12855,5118,1063,4,2023-08-31,30
12856,5201,1096,3,2023-04-18,30
12857,5377,1018,7,2023-02-20,10
12858,5039,1017,1,2023-12-16,20
12859,5028,1098,6,2023-06-23,30
12860,5259,1039,4,2023-04-26,0
12861,5084,1071,1,2023-07-02,40
12862,5454,1054,1,2023-12-27,10
12863,5155,1099,5,2023-12-21,10
12864,5117,1094,5,2023-06-03,30
12865,5002,1076,7,2023-09-04,20
12866,5093,1035,4,2023-03-17,20
12867,5166,1011,9,2023-09-01,40
12868,5387,1061,4,2023-03-22,40
12869,5400,1044,7,2023-08-17,20
12870,5350,1068,5,2023-03-13,50
12871,5296,1025,5,2023-08-06,20
12872,5258,1048,6,2023-08-31,20
12873,5081,1032,8,2023-11-10,30
12874,5425,1084,5,2023-03-19,0
12875,5268,1095,3,2023-06-07,40
12876,5419,1004,6,2023-02-17,50
12877,5235,1038,2,2023-11-08,50
12878,5321,1063,8,2023-10-25,10
12879,5311,1047,8,2023-01-24,20
12880,5301,1001,3,2023-04-20,20
12881,5463,1003,8,2023-02-21,0
12882,5474,1086,9,2023-10-17,20
12883,5357,1062,5,2023-09-16,40
12884,5213,1064,5,2023-11-20,50
12885,5062,1017,6,2023-05-19,20
12886,5049,1078,7,2023-11-02,0
12887,5127,1062,3,2023-12-04,30
12888,5223,1035,5,2023-10-02,40
12889,5409,1013,1,2023-02-13,30
12890,5279,1035,5,2023-09-16,10
12891,5408,1043,4,2023-04-23,0
12892,5294,1002,1,2023-08-15,10
12893,5284,1056,7,2023-03-06,10
12894,5277,1077,1,2023-06-12,50
12895,5438,1051,8,2023-06-13,10
12896,5107,1054,2,2023-06-15,10
12897,5146,1016,5,2023-02-08,0
12898,5420,1018,6,2023-06-02,30
12899,5099,1007,9,2023-11-16,20
12900,5429,1045,7,2023-12-26,10
12901,5375,1036,6,2023-09-26,50
12902,5073,1041,5,2023-11-20,20
12903,5437,1094,6,2023-11-22,50
12904,5486,1042,4,2023-03-16,20
12905,5122,1007,1,2023-09-14,10
12906,5030,1015,9,2023-07-19,40
12907,5188,1060,5,2023-04-08,20
12908,5364,1040,8,2023-04-14,40
12909,5354,1083,7,2023-06-13,30
12910,5288,1037,8,2023-04-23,20
12911,5451,1066,1,2023-04-13,0
12912,5195,1055,9,2023-02-06,50
12913,5156,1077,1,2023-04-16,30
12914,5172,1095,3,2023-07-06,30
12915,5335,1080,8,2023-12-30,40
12916,5041,1056,1,2023-01-21,10
12917,5063,1044,1,2023-05-28,50
12918,5023,1057,6,2023-05-09,0
12919,5360,1006,5,2023-07-06,0
12920,5075,1092,6,2023-10-11,40
12921,5048,1032,3,2023-07-18,40
12922,5160,1074,6,2023-08-23,30
12923,5313,1018,2,2023-04-18,40
12924,5118,1068,8,2023-01-09,10
12925,5100,1073,6,2023-08-14,30
12926,5380,1007,4,2023-07-28,30
12927,5417,1008,4,2023-09-02,30
12928,5408,1064,7,2023-10-15,0
12929,5167,1007,3,2023-03-07,50
12930,5290,1041,3,2023-12-22,50
12931,5440,1040,6,2023-06-02,0
12932,5156,1003,9,2023-07-10,30
12933,5421,1017,1,2023-08-06,10
12934,5007,1066,5,2023-06-03,20
12935,5196,1079,1,2023-10-04,30
12936,5421,1093,1,2023-03-23,40
12937,5056,1052,3,2023-08-09,50
12938,5321,1022,3,2023-10-07,20
12939,5193,1004,4,2023-04-21,0
12940,5047,1006,3,2023-04-02,0
12941,5148,1038,6,2023-01-12,20
12942,5275,1026,4,2023-05-19,50
12943,5157,1011,8,2023-06-04,50
12944,5202,1090,1,2023-01-23,40
12945,5444,1017,8,2023-08-08,0
12946,5402,1088,1,2023-12-14,0
12947,5476,1092,1,2023-08-25,30
12948,5419,1099,7,2023-09-10,10
12949,5427,1031,1,2023-07-02,40
12950,5495,1077,9,2023-07-17,30
12951,5479,1035,8,2023-06-19,10
12952,5475,1016,1,2023-05-03,0
12953,5126,1079,2,2023-02-03,10
12954,5395,1018,2,2023-11-09,0
12955,5305,1062,2,2023-01-03,50
12956,5369,1027,6,2023-01-06,30
12957,5294,1035,4,2023-10-31,0
12958,5064,1045,8,2023-04-12,10
12959,5325,1035,1,2023-07-11,30
12960,5392,1028,4,2023-01-13,10
12961,5418,1009,5,2023-02-05,10
12962,5176,1076,9,2023-03-11,20
12963,5116,1015,5,2023-10-16,0
12964,5440,1021,3,2023-04-15,0
12965,5204,1052,4,2023-07-23,10
12966,5486,1035,7,2023-11-09,50
12967,5321,1097,1,2023-02-24,0
12968,5031,1051,6,2023-04-17,40
12969,5388,1083,8,2023-05-21,50
12970,5113,1055,1,2023-08-13,50
12971,5365,1087,8,2023-11-03,50
12972,5434,1077,7,2023-12-14,0
12973,5325,1044,1,2023-11-05,50
12974,5414,1065,9,2023-02-05,50
12975,5376,1093,3,2023-05-13,30
12976,5344,1088,2,2023-01-25,0
12977,5443,1080,7,2023-12-03,50
12978,5067,1025,3,2023-02-06,40
12979,5075,1087,1,2023-01-19,50
12980,5045,1092,3,2023-02-04,10
12981,5260,1047,6,2023-12-29,0
12982,5154,1080,3,2023-11-06,30
12983,5155,1056,5,2023-01-06,40
12984,5430,1038,9,2023-07-18,20
12985,5363,1011,7,2023-02-03,10
12986,5448,1067,2,2023-02-25,10
12987,5475,1015,1,2023-09-13,10
12988,5234,1001,7,2023-07-30,40
12989,5051,1007,4,2023-04-07,0
12990,5306,1001,7,2023-10-09,0
12991,5262,1049,6,2023-08-29,50
12992,5315,1096,7,2023-06-19,50
12993,5125,1073,4,2023-12-13,0
12994,5399,1029,3,2023-10-21,50
12995,5245,1026,5,2023-08-15,0
12996,5030,1087,3,2023-11-11,10
12997,5426,1045,3,2023-05-07,20
12998,5485,1093,4,2023-10-07,10
12999,5122,1097,8,2023-01-21,50
13000,5125,1071,2,2023-11-12,20
13001,5037,1012,4,2023-09-03,20
13002,5170,1095,3,2023-03-31,0
13003,5124,1032,7,2023-01-06,30
13004,5357,1020,2,2023-09-23,40
13005,5035,1051,1,2023-04-07,30
13006,5087,1081,1,2023-05-30,20
13007,5134,1036,6,2023-03-21,30
13008,5196,1067,3,2023-01-17,50
13009,5274,1001,7,2023-05-18,20
13010,5201,1027,8,2023-05-20,10
13011,5369,1040,5,2023-12-05,50
13012,5285,1097,5,2023-02-09,10
13013,5077,1084,2,2023-06-17,50
13014,5059,1014,8,2023-03-15,0
13015,5431,1100,1,2023-03-15,50
13016,5126,1069,9,2023-02-19,40
13017,5500,1087,1,2023-01-10,10
13018,5401,1079,1,2023-04-13,50
13019,5109,1006,1,2023-12-16,40
13020,5224,1033,7,2023-10-26,0
13021,5496,1055,4,2023-12-05,50
13022,5278,1019,7,2023-04-14,40
13023,5068,1077,5,2023-10-17,50
13024,5069,1029,7,2023-10-07,10
13025,5165,1061,7,2023-05-22,10
13026,5489,1070,4,2023-10-24,30
13027,5305,1079,2,2023-06-19,30
13028,5397,1080,8,2023-01-13,50
13029,5162,1024,2,2023-06-06,30
13030,5365,1023,9,2023-06-23,50
13031,5342,1010,5,2023-06-11,50
13032,5309,1054,9,2023-05-12,40
13033,5379,1041,9,2023-01-28,10
13034,5343,1049,8,2023-03-24,0
13035,5435,1017,8,2023-12-29,20
13036,5387,1056,4,2023-09-26,10
13037,5042,1045,4,2023-09-08,30
13038,5354,1030,2,2023-04-16,50
13039,5416,1044,4,2023-09-18,30
13040,5109,1074,4,2023-12-19,40
13041,5051,1055,6,2023-01-14,30
13042,5250,1019,3,2023-03-21,40
13043,5497,1029,2,2023-06-09,0
13044,5341,1002,8,2023-06-27,50
13045,5430,1036,2,2023-06-04,30
13046,5383,1019,8,2023-02-04,40
13047,5492,1007,7,2023-09-16,30
13048,5021,1026,3,2023-09-17,40
13049,5300,1079,6,2023-05-15,50
13050,5139,1038,6,2023-05-11,50
13051,5359,1003,5,2023-03-22,10
13052,5324,1080,8,2023-02-28,40
13053,5499,1066,5,2023-03-15,20
13054,5385,1095,7,2023-08-27,0
13055,5092,1092,6,2023-05-09,10
13056,5447,1071,7,2023-11-11,0
13057,5280,1094,9,2023-05-18,10
13058,5125,1043,3,2023-04-13,30
13059,5483,1062,7,2023-01-09,40
13060,5397,1071,3,2023-08-20,30
13061,5111,1100,2,2023-04-09,0
13062,5354,1093,7,2023-08-06,50
13063,5139,1024,4,2023-08-25,0
13064,5484,1039,1,2023-08-10,10
13065,5435,1068,6,2023-06-17,0
13066,5273,1093,6,2023-03-03,40
13067,5099,1044,6,2023-11-14,0
13068,5252,1005,2,2023-01-10,30
13069,5338,1055,1,2023-08-22,50
13070,5104,1093,3,2023-03-28,40
13071,5214,1030,2,2023-09-24,0
13072,5249,1029,6,2023-07-23,20
13073,5152,1026,6,2023-11-14,20
13074,5250,1083,5,2023-11-29,50
13075,5275,1026,5,2023-12-26,30
13076,5165,1037,9,2023-08-29,10
13077,5487,1091,5,2023-02-25,10
13078,5341,1094,6,2023-04-20,50
13079,5008,1053,4,2023-02-18,0
13080,5284,1030,1,2023-08-31,40
13081,5005,1003,4,2023-01-16,50
13082,5145,1043,2,2023-03-14,10
13083,5101,1007,3,2023-07-21,20
13084,5164,1049,7,2023-04-03,10
13085,5374,1073,7,2023-05-17,20
13086,5147,1041,1,2023-02-02,10
13087,5064,1077,8,2023-03-29,30
13088,5091,1079,7,2023-07-22,50
13089,5117,1054,1,2023-02-08,40
13090,5354,1069,8,2023-04-24,50
13091,5267,1093,2,2023-11-29,0
13092,5310,1099,8,2023-09-04,20
13093,5173,1091,3,2023-12-09,10
13094,5047,1027,7,2023-07-27,0
13095,5140,1008,6,2023-11-08,20
13096,5246,1032,5,2023-10-24,50
13097,5149,1084,2,2023-12-26,20
13098,5246,1064,2,2023-07-30,30
13099,5395,1010,1,2023-12-21,10
13100,5487,1013,9,2023-02-28,50
13101,5476,1063,8,2023-06-05,0
13102,5005,1093,8,2023-05-02,10
13103,5465,1035,1,2023-04-30,50
13104,5184,1061,5,2023-10-24,10
13105,5020,1054,6,2023-11-18,40
13106,5425,1008,2,2023-03-03,20
13107,5046,1029,5,2023-06-07,20
13108,5012,1095,6,2023-02-09,40
13109,5070,1041,9,2023-08-30,40
13110,5017,1030,1,2023-02-09,10
13111,5371,1086,3,2023-12-24,20
13112,5147,1021,9,2023-07-09,0
13113,5154,1076,1,2023-08-22,30
13114,5304,1011,1,2023-01-15,50
13115,5108,1002,1,2023-05-04,40
13116,5236,1050,7,2023-08-16,0
13117,5308,1041,5,2023-10-07,0
13118,5352,1066,6,2023-02-17,10
13119,5070,1098,8,2023-07-08,40
13120,5183,1003,2,2023-10-31,0
13121,5250,1080,2,2023-02-16,30
13122,5228,1051,3,2023-07-03,0
13123,5102,1068,3,2023-04-15,30
13124,5075,1087,3,2023-09-04,30
13125,5417,1084,4,2023-09-21,30
13126,5446,1025,3,2023-07-25,40
13127,5216,1030,2,2023-01-18,30
13128,5407,1082,9,2023-12-30,40
13129,5399,1011,6,2023-09-08,0
13130,5411,1093,3,2023-08-26,30
13131,5203,1017,9,2023-12-06,20
13132,5192,1026,4,2023-11-17,0
13133,5249,1023,4,2023-12-31,50
13134,5499,1056,8,2023-10-29,20
13135,5242,1052,7,2023-03-07,20
13136,5465,1048,7,2023-12-02,10
13137,5179,1020,7,2023-05-30,40
13138,5437,1002,5,2023-07-12,10
13139,5462,1088,7,2023-05-27,40
13140,5219,1031,4,2023-07-02,10
13141,5082,1027,8,2023-04-16,0
13142,5092,1002,9,2023-08-24,20
13143,5435,1078,3,2023-05-06,0
13144,5175,1004,7,2023-06-28,40
13145,5239,1013,9,2023-01-13,20
13146,5260,1100,1,2023-08-19,20
13147,5391,1035,2,2023-01-28,40
13148,5365,1072,7,2023-11-19,0
13149,5163,1066,2,2023-09-18,20
13150,5048,1006,7,2023-04-10,50
13151,5329,1031,1,2023-07-07,0
13152,5328,1010,3,2023-12-03,0
13153,5116,1021,5,2023-10-27,0
13154,5429,1074,6,2023-04-29,20
13155,5337,1023,9,2023-02-15,30
13156,5337,1003,9,2023-03-09,10
13157,5369,1032,3,2023-11-01,40
13158,5225,1020,8,2023-06-20,0
13159,5352,1074,4,2023-12-24,20
13160,5328,1029,7,2023-07-15,40
13161,5147,1052,6,2023-11-29,30
13162,5063,1046,8,2023-01-20,50
13163,5294,1034,6,2023-04-21,30
13164,5323,1084,4,2023-05-26,20
13165,5443,1061,2,2023-07-11,0
13166,5325,1072,7,2023-08-17,30
13167,5013,1071,4,2023-01-12,30
13168,5431,1070,9,2023-08-05,30
13169,5494,1011,9,2023-03-20,50
13170,5189,1082,7,2023-02-05,20
13171,5287,1093,5,2023-09-21,40
13172,5208,1089,3,2023-01-28,10
13173,5114,1063,3,2023-03-27,20
13174,5480,1021,9,2023-07-07,0
13175,5022,1003,9,2023-11-01,20
13176,5349,1082,4,2023-09-11,20
13177,5214,1088,1,2023-03-21,50
13178,5171,1010,5,2023-07-05,10
13179,5323,1027,8,2023-01-05,10
13180,5054,1012,4,2023-02-15,10
13181,5394,1007,4,2023-12-20,40
13182,5298,1017,9,2023-04-12,20
13183,5320,1065,9,2023-01-02,50
13184,5126,1064,7,2023-08-05,0
13185,5277,1026,8,2023-01-25,10
13186,5464,1015,4,2023-09-14,10
13187,5204,1033,8,2023-08-11,20
13188,5194,1062,6,2023-11-20,0
13189,5169,1047,3,2023-03-10,50
13190,5152,1095,7,2023-07-16,10
13191,5035,1035,3,2023-09-29,20
13192,5184,1065,7,2023-07-01,30
13193,5286,1072,5,2023-01-18,50
13194,5057,1076,4,2023-04-17,40
13195,5222,1083,3,2023-01-17,50
13196,5303,1025,8,2023-05-05,20
13197,5163,1057,4,2023-03-23,10
13198,5019,1032,8,2023-01-04,50
13199,5370,1063,3,2023-04-25,0
13200,5264,1012,9,2023-12-17,30
13201,5282,1063,6,2023-12-17,0
13202,5113,1077,5,2023-05-17,0
13203,5488,1092,5,2023-10-14,0
13204,5327,1001,3,2023-08-16,20
13205,5030,1051,2,2023-01-16,20
13206,5135,1070,6,2023-10-25,50
13207,5067,1008,1,2023-07-31,40
13208,5065,1068,7,2023-09-03,30
13209,5292,1005,5,2023-10-13,50
13210,5025,1089,4,2023-10-09,0
13211,5037,1086,9,2023-06-26,50
13212,5001,1092,1,2023-01-31,10
13213,5399,1039,4,2023-02-19,50
13214,5037,1023,3,2023-05-23,50
13215,5141,1068,6,2023-02-21,0
13216,5232,1052,5,2023-08-21,50
13217,5136,1004,7,2023-06-15,30
13218,5389,1047,1,2023-02-07,0
13219,5188,1021,5,2023-01-20,20
13220,5128,1056,2,2023-04-09,20
13221,5201,1066,2,2023-08-03,50
13222,5127,1059,2,2023-02-13,50
13223,5257,1007,9,2023-04-21,30
13224,5164,1049,3,2023-03-30,40
13225,5035,1016,4,2023-11-15,0
13226,5194,1017,5,2023-04-28,30
13227,5191,1084,4,2023-08-27,50
13228,5104,1087,4,2023-03-13,50
13229,5023,1098,5,2023-11-06,50
13230,5265,1075,9,2023-10-31,50
13231,5290,1034,9,2023-06-12,10
13232,5430,1033,6,2023-09-08,50
13233,5462,1026,3,2023-12-23,50
13234,5384,1066,6,2023-07-14,10
13235,5260,1063,4,2023-03-01,40
13236,5414,1087,3,2023-04-08,20
13237,5479,1041,6,2023-12-22,50
13238,5358,1086,6,2023-12-21,50
13239,5075,1058,2,2023-03-14,30
13240,5355,1098,9,2023-08-10,0
13241,5072,1079,8,2023-04-29,30
13242,5259,1010,6,2023-07-01,50
13243,5398,1015,1,2023-08-06,40
13244,5188,1042,2,2023-09-13,30
13245,5461,1093,4,2023-03-29,40
13246,5173,1057,7,2023-12-27,40
13247,5480,1087,9,2023-10-02,50
13248,5290,1017,5,2023-12-02,40
13249,5045,1060,2,2023-01-26,30
13250,5061,1009,1,2023-05-01,10
13251,5083,1036,1,2023-10-16,0
13252,5123,1073,5,2023-12-28,40
13253,5358,1080,7,2023-01-30,50
13254,5016,1036,9,2023-07-21,20
13255,5066,1048,9,2023-02-05,40
13256,5424,1051,8,2023-05-05,30
13257,5145,1097,1,2023-08-11,40
13258,5375,1095,5,2023-08-23,20
13259,5162,1070,6,2023-05-04,10
13260,5234,1074,6,2023-06-20,30
13261,5380,1080,4,2023-06-30,30
13262,5144,1068,1,2023-08-03,50
13263,5358,1022,3,2023-04-28,30
13264,5188,1077,4,2023-08-15,20
13265,5322,1080,4,2023-02-06,30
13266,5450,1093,4,2023-11-13,10
13267,5474,1006,5,2023-04-06,0
13268,5013,1026,9,2023-04-30,0
13269,5184,1075,4,2023-01-12,40
13270,5111,1088,9,2023-05-02,0
13271,5415,1093,9,2023-02-04,20
13272,5290,1003,1,2023-09-08,0
13273,5295,1052,5,2023-03-08,20
13274,5451,1074,9,2023-02-07,20
13275,5392,1060,4,2023-10-07,40
13276,5215,1063,5,2023-08-18,0
13277,5462,1065,4,2023-12-03,40
13278,5120,1052,2,2023-06-17,30
13279,5382,1090,2,2023-11-24,10
13280,5055,1076,2,2023-09-03,0
13281,5027,1014,1,2023-03-20,30
13282,5118,1089,3,2023-04-24,50
13283,5221,1072,1,2023-10-28,30
13284,5231,1068,4,2023-08-05,40
13285,5053,1028,1,2023-07-19,40
13286,5295,1071,4,2023-12-18,10
13287,5321,1010,3,2023-08-30,10
13288,5401,1057,9,2023-01-13,10
13289,5233,1100,1,2023-07-26,10
13290,5158,1066,8,2023-09-19,40
13291,5437,1090,9,2023-04-07,20
13292,5269,1050,7,2023-03-12,40
13293,5021,1014,1,2023-10-30,20
13294,5403,1016,4,2023-12-15,40
13295,5053,1054,1,2023-08-18,50
13296,5275,1043,4,2023-12-23,40
13297,5313,1042,3,2023-10-27,10
13298,5281,1081,2,2023-02-01,20
13299,5214,1022,1,2023-09-07,30
13300,5031,1068,6,2023-09-11,50
13301,5337,1019,7,2023-09-16,30
13302,5183,1066,6,2023-07-01,50
13303,5023,1039,9,2023-12-06,30
13304,5032,1073,9,2023-06-15,10
13305,5446,1019,2,2023-01-04,30
13306,5074,1016,2,2023-05-25,40
13307,5010,1054,9,2023-06-14,10
13308,5484,1025,1,2023-12-10,30
13309,5456,1018,5,2023-12-28,10
13310,5054,1023,1,2023-04-15,40
13311,5052,1085,7,2023-02-05,10
13312,5148,1011,9,2023-11-10,30
13313,5160,1039,6,2023-06-18,10
13314,5370,1068,2,2023-01-08,50
13315,5014,1025,6,2023-03-27,0
13316,5178,1063,9,2023-04-07,30
13317,5412,1096,3,2023-11-11,40
13318,5366,1030,9,2023-01-30,20
13319,5500,1045,8,2023-04-11,10
13320,5053,1090,7,2023-03-08,50
13321,5408,1061,8,2023-12-15,10
13322,5335,1100,6,2023-03-04,30
13323,5022,1051,3,2023-02-01,50
13324,5030,1098,7,2023-03-28,30
13325,5191,1009,4,2023-07-30,0
13326,5260,1076,5,2023-02-20,40
13327,5205,1002,8,2023-03-04,50
13328,5059,1005,7,2023-03-21,50
13329,5471,1062,7,2023-12-09,10
13330,5264,1069,8,2023-08-20,10
13331,5466,1052,3,2023-04-11,20
13332,5012,1086,3,2023-05-09,50
13333,5119,1005,2,2023-01-19,10
13334,5415,1059,1,2023-12-23,10
13335,5462,1068,6,2023-04-04,0
13336,5290,1009,6,2023-03-22,20
13337,5338,1093,8,2023-04-13,10
13338,5248,1022,6,2023-06-03,10
13339,5354,1027,6,2023-09-26,40
13340,5127,1010,1,2023-04-28,50
13341,5075,1080,7,2023-12-08,10
13342,5361,1061,7,2023-10-06,0
13343,5204,1051,9,2023-12-29,10
13344,5049,1010,7,2023-08-13,50
13345,5079,1006,8,2023-09-25,10
13346,5441,1062,4,2023-05-17,30
13347,5479,1005,9,2023-08-14,10
13348,5241,1070,1,2023-11-30,20
13349,5349,1063,8,2023-08-17,50
13350,5154,1056,3,2023-11-19,50
13351,5274,1059,1,2023-04-18,30
13352,5096,1063,2,2023-10-27,20
13353,5214,1089,6,2023-01-07,20
13354,5294,1059,5,2023-05-08,50
13355,5209,1051,3,2023-12-19,0
13356,5343,1050,9,2023-09-24,10
13357,5088,1004,8,2023-06-22,20
13358,5306,1048,3,2023-08-02,10
13359,5264,1032,2,2023-09-04,10
13360,5425,1051,8,2023-04-16,0
13361,5390,1052,5,2023-03-24,0
13362,5325,1099,9,2023-10-19,20
13363,5428,1074,1,2023-07-22,20
13364,5377,1034,3,2023-02-10,50
13365,5320,1036,5,2023-07-24,30
13366,5157,1070,2,2023-12-14,10
13367,5156,1043,3,2023-02-18,50
13368,5139,1016,4,2023-05-23,10
13369,5121,1059,4,2023-05-21,0
13370,5065,1053,9,2023-02-22,0
13371,5107,1019,1,2023-04-17,50
13372,5147,1098,9,2023-02-02,20
13373,5137,1089,9,2023-07-19,30
13374,5411,1095,6,2023-04-29,30
13375,5162,1041,1,2023-10-15,0
13376,5428,1081,6,2023-08-17,0
13377,5452,1047,8,2023-04-28,30
13378,5100,1094,5,2023-06-25,30
13379,5338,1054,5,2023-07-04,20
13380,5399,1055,1,2023-11-14,30
13381,5307,1095,1,2023-12-04,10
13382,5141,1019,8,2023-08-03,30
13383,5083,1062,5,2023-08-09,40
13384,5177,1099,8,2023-05-10,30
13385,5198,1093,2,2023-11-29,0
13386,5112,1059,4,2023-09-29,0
13387,5056,1065,9,2023-09-03,40
13388,5460,1068,3,2023-05-03,10
13389,5179,1028,6,2023-01-08,30
13390,5421,1018,7,2023-03-08,30
13391,5401,1026,3,2023-04-25,40
13392,5186,1019,1,2023-10-15,20
13393,5471,1055,2,2023-04-15,20
13394,5218,1057,7,2023-01-25,10
13395,5413,1006,7,2023-02-22,30
13396,5417,1001,1,2023-09-04,30
13397,5316,1008,7,2023-12-03,30
13398,5475,1097,6,2023-10-08,0
13399,5217,1051,6,2023-02-02,50
13400,5120,1085,7,2023-10-14,20
13401,5439,1088,7,2023-02-05,50
13402,5394,1025,1,2023-12-09,40
13403,5175,1047,5,2023-08-27,50
13404,5023,1055,8,2023-08-05,0
13405,5213,1064,8,2023-06-26,0
13406,5405,1083,3,2023-02-13,20
13407,5235,1093,3,2023-10-31,30
13408,5013,1010,7,2023-06-07,10
13409,5101,1056,4,2023-09-26,50
13410,5417,1012,6,2023-06-20,40
13411,5024,1033,9,2023-08-09,20
13412,5364,1071,2,2023-08-18,10
13413,5011,1017,2,2023-04-01,20
13414,5273,1061,6,2023-05-11,20
13415,5452,1010,3,2023-08-14,20
13416,5431,1031,1,2023-08-13,20
13417,5281,1060,2,2023-05-23,30
13418,5094,1070,7,2023-03-07,0
13419,5201,1017,4,2023-01-28,50
13420,5021,1050,2,2023-05-05,20
13421,5340,1037,8,2023-07-31,10
13422,5467,1082,4,2023-03-21,50
13423,5211,1062,4,2023-08-26,10
13424,5140,1090,2,2023-05-12,10
13425,5293,1080,1,2023-11-24,0
13426,5298,1072,1,2023-10-27,0
13427,5401,1088,3,2023-04-29,10
13428,5101,1077,6,2023-02-15,30
13429,5304,1029,7,2023-03-25,0
13430,5359,1032,9,2023-10-09,0
13431,5028,1088,5,2023-12-18,30
13432,5041,1080,9,2023-01-13,20
13433,5355,1011,8,2023-05-05,0
13434,5303,1096,1,2023-11-21,50
13435,5496,1006,3,2023-06-21,10
13436,5146,1035,8,2023-08-22,10
13437,5256,1033,9,2023-06-30,30
13438,5462,1018,4,2023-02-20,10
13439,5227,1037,6,2023-09-26,40
13440,5236,1013,4,2023-06-18,10
13441,5361,1074,9,2023-11-12,30
13442,5380,1090,2,2023-10-15,30
13443,5455,1081,6,2023-10-01,30
13444,5489,1064,3,2023-12-15,50
13445,5013,1001,4,2023-07-26,40
13446,5210,1063,2,2023-05-28,0
13447,5229,1089,8,2023-10-27,20
13448,5397,1034,8,2023-02-06,10
13449,5100,1010,1,2023-06-10,50
13450,5031,1084,6,2023-10-02,0
13451,5386,1007,1,2023-10-15,30
13452,5016,1056,6,2023-04-16,0
13453,5137,1080,7,2023-01-22,0
13454,5329,1037,2,2023-08-21,40
13455,5166,1029,9,2023-05-02,30
13456,5459,1012,8,2023-05-09,50
13457,5310,1017,9,2023-11-06,50
13458,5440,1048,4,2023-08-05,30
13459,5470,1084,4,2023-05-28,10
13460,5481,1026,8,2023-02-27,50
13461,5100,1083,1,2023-08-25,50
13462,5109,1012,8,2023-03-11,10
13463,5343,1021,7,2023-07-08,10
13464,5173,1042,7,2023-08-30,50
13465,5237,1061,9,2023-03-04,50
13466,5162,1058,7,2023-08-29,50
13467,5393,1054,2,2023-07-04,10
13468,5216,1034,1,2023-09-16,50
13469,5264,1007,1,2023-08-17,0
13470,5263,1035,7,2023-08-11,0
13471,5292,1015,5,2023-04-09,10
13472,5274,1065,4,2023-09-04,10
13473,5003,1090,5,2023-02-14,10
13474,5028,1099,6,2023-09-30,20
13475,5326,1025,6,2023-01-05,10
13476,5492,1059,1,2023-01-11,20
13477,5428,1079,2,2023-12-14,10
13478,5149,1086,3,2023-02-08,30
13479,5028,1006,4,2023-02-11,40
13480,5488,1052,6,2023-07-22,50
13481,5310,1079,9,2023-04-04,50
13482,5438,1088,2,2023-01-05,0
13483,5065,1021,8,2023-02-21,30
13484,5356,1071,9,2023-05-30,40
13485,5021,1093,2,2023-07-24,50
13486,5252,1096,9,2023-10-27,50
13487,5235,1032,7,2023-07-06,20
13488,5227,1053,9,2023-06-02,0
13489,5013,1059,6,2023-04-26,20
13490,5313,1069,2,2023-05-29,20
13491,5049,1062,8,2023-08-08,0
13492,5118,1004,9,2023-07-11,40
13493,5054,1086,8,2023-08-21,0
13494,5138,1018,2,2023-11-20,10
13495,5053,1099,8,2023-08-09,20
13496,5044,1081,3,2023-02-16,10
13497,5303,1056,3,2023-05-07,0
13498,5053,1024,9,2023-10-18,0
13499,5074,1066,9,2023-08-03,50
13500,5046,1013,9,2023-01-07,40
13501,5013,1062,4,2023-07-03,20
13502,5165,1054,7,2023-04-26,30
13503,5102,1015,8,2023-02-21,0
13504,5280,1069,5,2023-02-15,50
13505,5258,1003,1,2023-01-23,30
13506,5470,1037,9,2023-05-11,20
13507,5337,1037,6,2023-05-07,10
13508,5356,1003,3,2023-09-22,20
13509,5398,1063,3,2023-11-05,40
13510,5138,1035,1,2023-07-15,30
13511,5163,1052,8,2023-02-17,50
13512,5409,1087,2,2023-03-23,30
13513,5387,1028,1,2023-04-19,10
13514,5111,1094,7,2023-09-20,50
13515,5102,1018,9,2023-12-21,10
13516,5017,1036,6,2023-01-31,0
13517,5268,1033,8,2023-12-24,20
13518,5182,1064,8,2023-02-25,40
13519,5372,1026,9,2023-12-21,0
13520,5024,1048,7,2023-07-08,20
13521,5029,1040,9,2023-01-05,10
13522,5171,1017,9,2023-10-13,40
13523,5409,1040,1,2023-10-05,10
13524,5228,1007,6,2023-05-25,50
13525,5378,1057,8,2023-07-15,10
13526,5188,1008,9,2023-01-27,30
13527,5346,1056,4,2023-05-07,20
13528,5230,1031,2,2023-05-15,0
13529,5321,1059,9,2023-01-23,30
13530,5340,1058,9,2023-11-27,50
13531,5119,1012,8,2023-04-27,20
13532,5156,1048,3,2023-01-08,50
13533,5272,1031,5,2023-04-11,20
13534,5175,1083,2,2023-09-18,20
13535,5465,1063,3,2023-07-18,40
13536,5104,1074,1,2023-03-27,30
13537,5092,1039,4,2023-08-16,0
13538,5186,1076,5,2023-06-28,30
13539,5460,1020,2,2023-08-28,50
13540,5283,1048,3,2023-01-12,10
13541,5181,1071,6,2023-10-30,50
13542,5170,1054,6,2023-08-22,20
13543,5187,1078,7,2023-07-02,10
13544,5175,1075,9,2023-10-09,30
13545,5222,1071,4,2023-12-24,0
13546,5233,1029,5,2023-07-09,10
13547,5162,1074,2,2023-11-22,10
13548,5421,1093,6,2023-08-03,40
13549,5134,1073,4,2023-09-15,30
13550,5391,1100,5,2023-01-26,10
13551,5480,1048,7,2023-09-27,30
13552,5224,1074,6,2023-03-23,0
13553,5153,1083,8,2023-12-24,10
13554,5033,1056,6,2023-07-04,0
13555,5055,1095,8,2023-10-15,50
13556,5442,1017,4,2023-03-03,10
13557,5007,1009,7,2023-01-30,20
13558,5244,1097,3,2023-01-31,40
13559,5313,1034,1,2023-10-20,40
13560,5126,1045,9,2023-06-22,40
13561,5012,1088,9,2023-04-12,0
13562,5016,1009,6,2023-05-08,30
13563,5208,1007,2,2023-03-27,40
13564,5043,1016,8,2023-11-11,50
13565,5373,1019,6,2023-01-28,10
13566,5484,1006,7,2023-05-02,10
13567,5461,1011,1,2023-09-08,20
13568,5135,1076,3,2023-03-02,0
13569,5228,1061,1,2023-06-20,10
13570,5111,1042,1,2023-09-29,10
13571,5307,1013,1,2023-11-21,20
13572,5457,1012,4,2023-10-27,20
13573,5160,1085,7,2023-04-23,30
13574,5331,1074,7,2023-07-13,30
13575,5264,1020,5,2023-01-19,30
13576,5225,1050,6,2023-12-06,10
13577,5471,1036,2,2023-04-03,20
13578,5217,1092,5,2023-08-05,50
13579,5456,1088,7,2023-06-28,0
13580,5045,1069,9,2023-07-10,30
13581,5214,1037,6,2023-06-12,50
13582,5059,1012,4,2023-04-10,40
13583,5132,1099,3,2023-07-06,10
13584,5104,1040,9,2023-10-22,0
13585,5195,1054,7,2023-03-08,10
13586,5413,1002,6,2023-03-14,50
13587,5489,1050,7,2023-08-20,30
13588,5157,1041,8,2023-07-08,50
13589,5098,1045,5,2023-02-19,50
13590,5226,1009,3,2023-11-05,10
13591,5412,1062,3,2023-10-29,30
13592,5205,1086,2,2023-11-04,10
13593,5079,1047,8,2023-05-04,30
13594,5124,1005,1,2023-06-06,20
13595,5471,1076,8,2023-09-18,20
13596,5428,1001,3,2023-07-14,20
13597,5218,1044,9,2023-11-26,20
13598,5004,1022,2,2023-12-17,20
13599,5090,1038,9,2023-11-27,40
13600,5104,1019,6,2023-09-13,10
13601,5393,1080,1,2023-07-19,50
13602,5119,1031,5,2023-03-09,20
13603,5133,1067,9,2023-03-21,40
13604,5312,1087,6,2023-08-21,40
13605,5096,1042,7,2023-07-05,10
13606,5468,1082,4,2023-04-15,10
13607,5434,1026,1,2023-11-21,30
13608,5331,1013,5,2023-05-22,30
13609,5143,1058,2,2023-09-29,20
13610,5288,1018,8,2023-12-09,0
13611,5028,1067,4,2023-05-04,30
13612,5278,1087,1,2023-08-11,0
13613,5233,1003,7,2023-06-23,50
13614,5017,1055,2,2023-07-10,30
13615,5059,1089,3,2023-05-20,50
13616,5090,1091,9,2023-10-24,40
13617,5492,1058,9,2023-04-29,40
13618,5199,1063,2,2023-10-02,50
13619,5362,1091,3,2023-03-17,40
13620,5441,1052,9,2023-04-19,50
13621,5026,1089,1,2023-04-29,0
13622,5025,1024,2,2023-09-15,20
13623,5394,1072,2,2023-01-20,50
13624,5301,1009,3,2023-04-29,30
13625,5339,1037,3,2023-12-17,30
13626,5267,1094,2,2023-05-17,0
13627,5461,1083,8,2023-10-04,50
13628,5181,1053,8,2023-09-12,40
13629,5456,1080,8,2023-09-21,20
13630,5360,1024,2,2023-06-16,30
13631,5068,1021,9,2023-06-14,20
13632,5495,1100,7,2023-01-29,20
13633,5351,1040,5,2023-02-04,10
13634,5412,1062,7,2023-08-25,20
13635,5459,1070,8,2023-10-21,50
13636,5491,1069,9,2023-03-31,10
13637,5321,1014,2,2023-07-22,0
13638,5049,1042,6,2023-08-16,40
13639,5175,1050,9,2023-03-09,10
13640,5052,1061,6,2023-05-11,20
13641,5102,1004,2,2023-12-31,40
13642,5216,1072,1,2023-04-21,20
13643,5438,1088,3,2023-01-12,20
13644,5188,1075,5,2023-10-15,10
13645,5057,1017,7,2023-06-24,0
13646,5047,1085,3,2023-11-15,20
13647,5159,1057,9,2023-06-03,50
13648,5489,1090,4,2023-02-12,10
13649,5174,1048,2,2023-12-29,50
13650,5242,1044,3,2023-07-24,50
13651,5282,1045,5,2023-06-21,20
13652,5241,1091,3,2023-10-21,50
13653,5370,1080,5,2023-10-12,40
13654,5005,1090,4,2023-11-07,0
13655,5084,1033,3,2023-02-21,20
13656,5308,1031,6,2023-04-25,50
13657,5361,1047,8,2023-01-19,0
13658,5459,1006,4,2023-02-04,0
13659,5248,1072,9,2023-02-17,40
13660,5054,1071,6,2023-08-21,40
13661,5161,1034,5,2023-08-07,30
13662,5434,1053,3,2023-04-20,0
13663,5422,1014,5,2023-09-11,20
13664,5411,1016,5,2023-07-07,40
13665,5226,1043,4,2023-01-31,20
13666,5015,1073,6,2023-09-16,0
13667,5224,1074,3,2023-06-12,40
13668,5061,1081,1,2023-12-10,30
13669,5122,1012,7,2023-11-04,0
13670,5277,1070,7,2023-03-12,20
13671,5046,1019,4,2023-11-03,30
13672,5453,1041,9,2023-02-25,0
13673,5390,1053,2,2023-04-09,40
13674,5294,1029,1,2023-01-21,50
13675,5062,1070,3,2023-04-18,0
13676,5086,1059,7,2023-02-22,10
13677,5446,1089,9,2023-01-06,20
13678,5210,1064,2,2023-08-19,40
13679,5078,1024,6,2023-03-23,40
13680,5202,1089,3,2023-08-05,10
13681,5302,1016,5,2023-12-01,50
13682,5397,1052,9,2023-02-16,30
13683,5223,1080,3,2023-12-18,40
13684,5222,1006,1,2023-12-28,30
13685,5003,1037,5,2023-08-29,30
13686,5478,1085,1,2023-06-27,30
13687,5006,1004,8,2023-03-23,50
13688,5093,1098,7,2023-10-14,0
13689,5008,1092,2,2023-07-11,10
13690,5428,1038,9,2023-05-23,20
13691,5493,1041,5,2023-11-10,10
13692,5235,1092,7,2023-10-06,40
13693,5108,1081,4,2023-02-10,10
13694,5161,1014,1,2023-09-28,20
13695,5209,1071,8,2023-03-28,0
13696,5240,1086,1,2023-01-03,40
13697,5331,1051,3,2023-07-30,0
13698,5333,1065,6,2023-01-01,40
13699,5050,1093,8,2023-03-16,20
13700,5011,1052,8,2023-08-19,0
13701,5351,1095,2,2023-03-17,20
13702,5156,1030,9,2023-09-17,20
13703,5492,1057,4,2023-01-25,50
13704,5070,1079,4,2023-07-19,10
13705,5169,1082,2,2023-04-04,40
13706,5272,1099,1,2023-12-18,30
13707,5068,1030,7,2023-04-18,30
13708,5355,1098,3,2023-12-21,0
13709,5252,1042,4,2023-04-05,20
13710,5048,1011,9,2023-12-22,10
13711,5184,1027,6,2023-04-01,40
13712,5320,1024,1,2023-02-13,0
13713,5187,1099,9,2023-01-23,20
13714,5090,1039,9,2023-07-09,50
13715,5446,1072,5,2023-01-23,30
13716,5332,1018,8,2023-08-22,30
13717,5139,1077,7,2023-07-05,40
13718,5357,1045,8,2023-11-07,40
13719,5089,1088,9,2023-11-29,40
13720,5274,1087,2,2023-03-04,0
13721,5019,1012,5,2023-04-13,40
13722,5471,1049,8,2023-11-12,0
13723,5311,1094,3,2023-07-08,10
13724,5358,1031,6,2023-12-02,20
13725,5374,1092,6,2023-07-08,30
13726,5466,1022,7,2023-12-17,0
13727,5154,1044,3,2023-03-10,20
13728,5390,1092,8,2023-04-24,50
13729,5260,1064,8,2023-04-14,40
13730,5108,1077,9,2023-04-18,30
13731,5371,1025,8,2023-12-11,50
13732,5285,1051,3,2023-01-21,0
13733,5059,1007,6,2023-09-23,40
13734,5125,1006,9,2023-12-09,20
13735,5354,1024,1,2023-07-28,10
13736,5273,1019,3,2023-06-19,20
13737,5107,1083,2,2023-07-13,0
13738,5299,1100,8,2023-12-13,10
13739,5245,1009,6,2023-05-03,10
13740,5336,1036,8,2023-06-26,40
13741,5450,1040,2,2023-01-04,20
13742,5418,1093,6,2023-07-07,0
13743,5247,1024,7,2023-12-12,50
13744,5008,1048,8,2023-12-18,50
13745,5141,1063,9,2023-01-29,10
13746,5362,1069,5,2023-03-27,40
13747,5008,1053,3,2023-02-16,50
13748,5478,1054,2,2023-03-18,10
13749,5352,1042,8,2023-12-09,20
13750,5484,1045,1,2023-07-10,50
13751,5495,1090,6,2023-01-31,30
13752,5094,1014,2,2023-11-03,0
13753,5321,1029,3,2023-06-18,30
13754,5427,1006,8,2023-02-05,20
13755,5039,1007,1,2023-09-02,30
13756,5081,1037,6,2023-12-17,20
13757,5187,1053,3,2023-07-07,20
13758,5084,1018,6,2023-01-15,40
13759,5088,1087,3,2023-11-30,30
13760,5242,1038,8,2023-08-04,10
13761,5342,1059,5,2023-06-07,20
13762,5093,1001,4,2023-06-04,30
13763,5086,1068,9,2023-08-29,10
13764,5044,1044,5,2023-10-23,0
13765,5137,1047,4,2023-02-14,10
13766,5421,1035,8,2023-06-24,30
13767,5074,1087,8,2023-12-12,30
13768,5036,1091,8,2023-02-25,10
13769,5101,1060,4,2023-02-23,10
13770,5476,1090,1,2023-12-07,50
13771,5156,1052,2,2023-09-22,20
13772,5426,1008,4,2023-08-27,30
13773,5255,1080,2,2023-11-17,20
13774,5171,1041,3,2023-04-18,20
13775,5469,1003,9,2023-07-17,0
13776,5216,1096,9,2023-08-02,30
13777,5170,1069,9,2023-09-03,20
13778,5252,1084,7,2023-02-07,0
13779,5360,1014,4,2023-06-22,50
13780,5322,1096,1,2023-04-15,20
13781,5055,1026,3,2023-02-09,20
13782,5456,1070,8,2023-05-10,50
13783,5432,1058,4,2023-06-30,30
13784,5091,1100,2,2023-07-13,10
13785,5278,1040,8,2023-11-27,50
13786,5101,1051,7,2023-10-16,10
13787,5155,1005,9,2023-12-07,30
13788,5377,1077,2,2023-02-28,10
13789,5349,1032,5,2023-12-17,40
13790,5451,1080,6,2023-01-26,10
13791,5364,1001,2,2023-04-13,50
13792,5141,1077,2,2023-01-21,20
13793,5173,1054,4,2023-03-21,20
13794,5010,1011,8,2023-11-23,0
13795,5228,1053,5,2023-07-18,50
13796,5265,1008,9,2023-11-18,30
13797,5438,1025,4,2023-02-06,0
13798,5248,1040,3,2023-01-14,20
13799,5247,1032,8,2023-08-09,20
13800,5155,1088,1,2023-12-30,0
13801,5034,1028,9,2023-06-15,50
13802,5499,1078,4,2023-06-22,40
13803,5129,1003,9,2023-05-30,10
13804,5160,1100,8,2023-06-21,40
13805,5089,1091,3,2023-03-22,40
13806,5093,1084,3,2023-12-02,40
13807,5327,1079,9,2023-08-13,50
13808,5241,1062,3,2023-12-25,40
13809,5323,1027,4,2023-02-04,10
13810,5468,1045,9,2023-12-24,30
13811,5404,1092,4,2023-07-07,0
13812,5117,1025,3,2023-08-12,40
13813,5094,1061,7,2023-05-11,40
13814,5163,1044,6,2023-12-17,0
13815,5099,1097,1,2023-11-07,0
13816,5113,1046,8,2023-01-09,30
13817,5359,1014,1,2023-03-10,20
13818,5091,1008,4,2023-01-28,30
13819,5346,1048,6,2023-08-22,20
13820,5206,1014,6,2023-01-31,50
13821,5017,1065,7,2023-11-11,10
13822,5274,1080,5,2023-08-20,30
13823,5173,1082,5,2023-12-04,10
13824,5116,1007,4,2023-02-23,0
13825,5349,1079,6,2023-06-24,30
13826,5468,1088,7,2023-10-25,50
13827,5181,1049,1,2023-10-06,0
13828,5091,1055,9,2023-12-31,50
13829,5082,1013,8,2023-03-27,50
13830,5324,1073,7,2023-03-06,40
13831,5449,1056,9,2023-03-30,0
13832,5114,1056,3,2023-02-23,50
13833,5257,1015,4,2023-04-28,40
13834,5058,1057,7,2023-12-27,20
13835,5154,1058,6,2023-08-17,40
13836,5365,1035,2,2023-09-24,20
13837,5404,1088,2,2023-11-15,40
13838,5116,1097,7,2023-01-22,40
13839,5343,1016,9,2023-09-04,10
13840,5266,1008,9,2023-11-10,10
13841,5315,1093,7,2023-01-20,0
13842,5203,1087,8,2023-07-03,50
13843,5041,1045,3,2023-12-15,10
13844,5105,1095,1,2023-02-19,20
13845,5389,1040,7,2023-03-31,10
13846,5378,1054,8,2023-04-14,0
13847,5193,1014,2,2023-07-13,30
13848,5401,1059,9,2023-03-15,20
13849,5278,1094,4,2023-09-26,30
13850,5354,1053,9,2023-01-15,20
13851,5237,1027,3,2023-11-25,50
13852,5425,1047,8,2023-10-10,50
13853,5221,1080,2,2023-07-17,50
13854,5068,1006,3,2023-12-10,0
13855,5197,1055,1,2023-07-14,10
13856,5256,1097,5,2023-02-05,30
13857,5139,1044,4,2023-07-24,30
13858,5312,1018,1,2023-11-04,10
13859,5435,1016,9,2023-05-19,0
13860,5149,1012,6,2023-09-21,10
13861,5099,1020,6,2023-02-26,40
13862,5076,1045,2,2023-04-20,40
13863,5282,1064,7,2023-06-23,50
13864,5371,1059,9,2023-07-25,40
13865,5403,1093,6,2023-08-13,30
13866,5109,1094,8,2023-03-05,50
13867,5188,1090,5,2023-09-09,30
13868,5199,1022,2,2023-09-24,0
13869,5303,1097,4,2023-12-18,20
13870,5327,1047,1,2023-11-28,10
13871,5154,1029,1,2023-11-16,20
13872,5040,1086,6,2023-12-23,30
13873,5133,1045,2,2023-04-03,10
13874,5405,1077,6,2023-07-02,30
13875,5462,1009,1,2023-10-27,0
13876,5132,1024,3,2023-08-02,50
13877,5279,1015,9,2023-05-22,10
13878,5362,1036,2,2023-03-24,30
13879,5084,1013,8,2023-04-09,40
13880,5399,1091,6,2023-10-08,40
13881,5242,1044,6,2023-04-12,30
13882,5116,1071,7,2023-11-25,20
13883,5109,1072,5,2023-03-12,50
13884,5221,1078,4,2023-12-04,0
13885,5392,1076,6,2023-09-23,0
13886,5041,1036,8,2023-05-10,30
13887,5368,1061,4,2023-03-01,0
13888,5147,1081,5,2023-10-28,10
13889,5112,1040,7,2023-04-29,0
13890,5103,1093,6,2023-09-20,40
13891,5046,1027,4,2023-11-24,30
13892,5412,1001,4,2023-01-21,10
13893,5494,1034,4,2023-04-07,0
13894,5475,1068,1,2023-10-30,40
13895,5324,1088,5,2023-01-01,50
13896,5378,1021,8,2023-07-22,20
13897,5271,1033,7,2023-05-08,0
13898,5483,1007,5,2023-12-16,40
13899,5421,1065,3,2023-05-12,50
13900,5385,1003,1,2023-02-03,50
13901,5195,1051,7,2023-03-28,40
13902,5367,1079,3,2023-02-01,40
13903,5280,1095,4,2023-09-16,40
13904,5283,1054,5,2023-11-20,20
13905,5040,1080,8,2023-11-09,30
13906,5447,1074,7,2023-02-02,40
13907,5189,1093,9,2023-10-13,30
13908,5164,1059,3,2023-11-22,50
13909,5482,1006,1,2023-02-18,20
13910,5477,1029,1,2023-10-13,50
13911,5024,1017,1,2023-03-23,20
13912,5024,1060,2,2023-05-24,50
13913,5490,1022,2,2023-10-07,10
13914,5004,1024,7,2023-04-02,10
13915,5323,1081,9,2023-08-12,40
13916,5290,1085,8,2023-08-05,30
13917,5441,1051,4,2023-06-05,50
13918,5433,1050,2,2023-10-04,20
13919,5471,1011,3,2023-01-08,0
13920,5181,1056,5,2023-02-05,10
13921,5248,1071,9,2023-05-04,10
13922,5116,1042,8,2023-01-09,50
13923,5279,1039,3,2023-02-09,0
13924,5365,1069,9,2023-06-28,30
13925,5069,1048,3,2023-05-09,30
13926,5351,1057,8,2023-03-09,30
13927,5254,1021,1,2023-06-03,40
13928,5181,1082,4,2023-01-03,40
13929,5318,1099,4,2023-12-30,50
13930,5169,1020,6,2023-09-22,0
13931,5313,1015,2,2023-01-04,50
13932,5249,1069,7,2023-09-19,20
13933,5188,1077,5,2023-11-25,0
13934,5054,1051,6,2023-10-09,20
13935,5326,1076,6,2023-03-26,0
13936,5357,1062,6,2023-12-08,40
13937,5313,1085,8,2023-02-04,30
13938,5138,1037,4,2023-04-24,10
13939,5168,1006,8,2023-02-28,0
13940,5391,1071,9,2023-02-07,0
13941,5103,1026,4,2023-02-02,10
13942,5422,1008,1,2023-07-22,0
13943,5085,1073,3,2023-07-21,30
13944,5317,1091,1,2023-04-10,50
13945,5212,1004,7,2023-10-28,10
13946,5003,1021,1,2023-10-31,10
13947,5384,1031,4,2023-04-28,30
13948,5179,1021,1,2023-08-31,30
13949,5342,1025,2,2023-01-29,10
13950,5303,1015,1,2023-08-15,30
13951,5452,1035,5,2023-12-06,50
13952,5476,1049,7,2023-08-01,30
13953,5332,1043,3,2023-07-06,50
13954,5038,1041,8,2023-04-23,30
13955,5499,1037,5,2023-10-26,10
13956,5420,1057,5,2023-06-10,0
13957,5239,1042,5,2023-01-19,20
13958,5169,1047,8,2023-09-21,10
13959,5453,1092,2,2023-06-08,20
13960,5397,1061,2,2023-01-11,30
13961,5343,1014,8,2023-01-08,30
13962,5314,1068,9,2023-06-02,0
13963,5306,1053,2,2023-04-23,30
13964,5030,1084,4,2023-05-28,20
13965,5190,1034,8,2023-02-07,10
13966,5357,1076,2,2023-05-15,10
13967,5025,1097,4,2023-08-23,50
13968,5112,1024,1,2023-09-12,0
13969,5411,1020,2,2023-03-15,20
13970,5435,1069,7,2023-11-24,30
13971,5206,1030,1,2023-12-28,40
13972,5185,1088,1,2023-10-03,0
13973,5382,1007,2,2023-07-28,0
13974,5496,1036,4,2023-09-24,40
13975,5379,1038,7,2023-05-24,10
13976,5047,1080,4,2023-02-11,50
13977,5374,1052,5,2023-08-12,10
13978,5228,1015,4,2023-12-12,10
13979,5039,1046,4,2023-02-21,40
13980,5016,1023,9,2023-11-04,30
13981,5022,1012,6,2023-05-17,30
13982,5213,1093,3,2023-07-14,50
13983,5310,1044,6,2023-04-05,50
13984,5149,1015,7,2023-09-15,20
13985,5456,1093,7,2023-01-25,20
13986,5241,1049,8,2023-08-20,10
13987,5272,1021,4,2023-11-28,40
13988,5059,1015,1,2023-04-04,50
13989,5287,1014,6,2023-12-16,0
13990,5426,1042,8,2023-08-09,30
13991,5202,1080,5,2023-10-24,40
13992,5032,1015,3,2023-07-22,50
13993,5443,1063,4,2023-12-09,20
13994,5162,1068,8,2023-03-22,50
13995,5255,1027,6,2023-07-24,30
13996,5254,1087,5,2023-03-18,50
13997,5009,1093,9,2023-02-07,30
13998,5465,1053,3,2023-07-14,40
13999,5139,1052,7,2023-02-11,50
14000,5480,1063,9,2023-07-01,50
14001,5010,1073,4,2023-09-02,20
14002,5214,1053,3,2023-07-14,40
14003,5273,1057,1,2023-03-19,0
14004,5324,1052,9,2023-11-16,30
14005,5048,1043,1,2023-05-05,40
14006,5436,1007,2,2023-05-21,40
14007,5111,1042,9,2023-01-27,0
14008,5153,1004,5,2023-11-11,40
14009,5123,1069,4,2023-11-17,30
14010,5405,1005,9,2023-10-08,10
14011,5357,1075,9,2023-10-20,10
14012,5102,1092,2,2023-08-30,20
14013,5241,1080,3,2023-08-24,0
14014,5321,1041,3,2023-07-22,20
14015,5191,1094,5,2023-11-23,10
14016,5217,1004,3,2023-05-22,0
14017,5051,1002,6,2023-04-04,40
14018,5292,1067,2,2023-06-01,40
14019,5081,1021,6,2023-09-10,30
14020,5489,1070,6,2023-03-08,50
14021,5383,1043,2,2023-06-25,10
14022,5088,1082,6,2023-04-13,40
14023,5194,1069,6,2023-04-01,0
14024,5104,1009,6,2023-07-12,50
14025,5271,1084,5,2023-06-15,50
14026,5096,1028,7,2023-03-31,40
14027,5423,1026,5,2023-11-22,20
14028,5379,1082,1,2023-11-11,20
14029,5198,1083,9,2023-09-25,20
14030,5001,1003,3,2023-02-20,50
14031,5495,1073,2,2023-06-15,20
14032,5407,1100,6,2023-06-23,20
14033,5378,1095,8,2023-08-15,50
14034,5167,1049,2,2023-09-23,30
14035,5126,1017,4,2023-01-09,20
14036,5313,1063,2,2023-03-28,30
14037,5081,1055,9,2023-04-04,30
14038,5418,1023,2,2023-02-21,40
14039,5251,1034,2,2023-06-28,50
14040,5169,1069,5,2023-10-05,0
14041,5477,1015,5,2023-08-27,20
14042,5073,1047,7,2023-03-14,0
14043,5141,1003,1,2023-12-05,10
14044,5070,1083,2,2023-03-13,30
14045,5262,1028,6,2023-03-09,10
14046,5340,1003,2,2023-01-05,30
14047,5308,1004,4,2023-12-05,20
14048,5245,1088,6,2023-08-26,10
14049,5003,1031,7,2023-05-01,50
14050,5337,1045,5,2023-07-30,40
14051,5063,1059,8,2023-09-19,10
14052,5049,1045,6,2023-11-21,30
14053,5076,1075,5,2023-02-27,50
14054,5368,1037,4,2023-02-12,30
14055,5175,1065,6,2023-07-16,0
14056,5109,1009,6,2023-03-13,10
14057,5183,1017,6,2023-04-01,40
14058,5192,1065,1,2023-02-06,20
14059,5065,1003,6,2023-11-10,0
14060,5337,1026,1,2023-08-25,10
14061,5451,1053,5,2023-10-20,0
14062,5474,1031,7,2023-06-03,10
14063,5271,1026,1,2023-06-19,20
14064,5100,1023,1,2023-09-29,20
14065,5032,1030,6,2023-04-20,40
14066,5352,1010,7,2023-05-31,0
14067,5128,1072,6,2023-05-11,40
14068,5452,1089,5,2023-09-25,10
14069,5402,1064,6,2023-01-23,20
14070,5369,1022,3,2023-05-19,20
14071,5339,1015,9,2023-11-04,30
14072,5043,1056,5,2023-08-27,30
14073,5372,1074,2,2023-07-11,40
14074,5419,1020,7,2023-05-07,0
14075,5488,1047,3,2023-01-29,10
14076,5078,1087,1,2023-05-01,40
14077,5314,1053,3,2023-07-17,20
14078,5289,1053,9,2023-06-23,20
14079,5270,1001,5,2023-05-24,20
14080,5162,1002,7,2023-06-28,10
14081,5189,1058,3,2023-12-23,40
14082,5247,1019,4,2023-01-11,10
14083,5388,1062,1,2023-05-19,50
14084,5216,1078,3,2023-09-10,20
14085,5315,1072,7,2023-12-11,30
14086,5413,1012,4,2023-11-10,40
14087,5339,1026,2,2023-01-19,30
14088,5390,1027,5,2023-06-09,40
14089,5377,1029,5,2023-11-02,20
14090,5481,1015,2,2023-05-02,30
14091,5433,1046,6,2023-03-13,30
14092,5168,1001,4,2023-02-24,40
14093,5339,1060,1,2023-06-18,50
14094,5193,1092,3,2023-04-09,50
14095,5453,1057,9,2023-03-11,30
14096,5283,1003,7,2023-05-29,30
14097,5336,1018,6,2023-04-27,20
14098,5390,1052,1,2023-01-26,40
14099,5488,1060,9,2023-09-05,40
14100,5013,1034,9,2023-07-28,0
14101,5240,1096,1,2023-08-15,40
14102,5320,1093,6,2023-04-24,20
14103,5446,1089,7,2023-07-13,30
14104,5483,1060,2,2023-11-17,0
14105,5147,1026,8,2023-01-10,30
14106,5204,1072,8,2023-04-05,40
14107,5080,1019,6,2023-05-01,10
14108,5379,1022,9,2023-05-06,30
14109,5043,1093,3,2023-02-06,50
14110,5458,1033,2,2023-03-10,40
14111,5089,1038,2,2023-10-24,50
14112,5148,1035,6,2023-06-23,20
14113,5095,1067,7,2023-02-14,50
14114,5452,1083,6,2023-05-03,40
14115,5428,1010,3,2023-01-27,0
14116,5151,1091,5,2023-07-12,50
14117,5002,1015,8,2023-12-06,10
14118,5376,1011,6,2023-05-16,10
14119,5022,1090,2,2023-07-14,10
14120,5371,1024,7,2023-02-18,50
14121,5313,1077,8,2023-04-06,20
14122,5485,1096,4,2023-05-01,10
14123,5328,1004,1,2023-09-06,30
14124,5007,1013,2,2023-08-05,20
14125,5206,1073,4,2023-04-24,40
14126,5440,1057,7,2023-01-14,0
14127,5375,1098,2,2023-03-03,20
14128,5451,1037,6,2023-02-12,0
14129,5114,1048,2,2023-08-28,20
14130,5272,1071,7,2023-04-06,40
14131,5083,1001,2,2023-01-27,0
14132,5179,1060,3,2023-11-20,20
14133,5210,1012,9,2023-08-30,0
14134,5500,1021,4,2023-08-28,10
14135,5464,1011,5,2023-10-31,10
14136,5328,1044,9,2023-03-08,50
14137,5124,1058,7,2023-10-08,10
14138,5481,1044,8,2023-07-11,30
14139,5113,1078,3,2023-04-29,10
14140,5012,1098,4,2023-06-01,10
14141,5126,1034,7,2023-09-22,40
14142,5053,1025,4,2023-08-19,0
14143,5331,1004,2,2023-12-17,0
14144,5389,1064,6,2023-09-06,10
14145,5283,1090,9,2023-02-28,0
14146,5140,1016,2,2023-01-17,20
14147,5401,1010,1,2023-06-20,50
14148,5390,1066,8,2023-12-17,10
14149,5097,1035,1,2023-05-12,50
14150,5005,1083,1,2023-12-23,10
14151,5057,1006,3,2023-05-16,30
14152,5412,1019,5,2023-02-11,50
14153,5334,1059,9,2023-11-01,20
14154,5069,1053,2,2023-01-06,10
14155,5118,1008,1,2023-11-25,10
14156,5376,1078,1,2023-06-19,0
14157,5059,1010,8,2023-10-15,10
14158,5033,1067,2,2023-12-04,50
14159,5318,1038,9,2023-08-03,50
14160,5050,1029,9,2023-03-10,10
14161,5368,1015,2,2023-01-27,10
14162,5489,1087,3,2023-08-13,10
14163,5019,1023,2,2023-11-18,30
14164,5214,1082,6,2023-08-22,20
14165,5197,1046,7,2023-02-20,50
14166,5379,1083,6,2023-05-29,30
14167,5450,1028,3,2023-03-16,0
14168,5478,1026,3,2023-11-02,40
14169,5047,1010,2,2023-04-02,10
14170,5167,1047,2,2023-03-09,50
14171,5452,1004,5,2023-08-23,0
14172,5289,1055,8,2023-12-28,50
14173,5141,1066,6,2023-05-24,40
14174,5084,1067,9,2023-03-17,10
14175,5182,1007,5,2023-03-27,50
14176,5391,1055,4,2023-08-15,10
14177,5079,1080,9,2023-12-29,40
14178,5215,1031,5,2023-02-25,30
14179,5014,1074,1,2023-03-21,40
14180,5215,1019,5,2023-01-24,40
14181,5403,1028,5,2023-08-15,50
14182,5128,1081,5,2023-01-28,20
14183,5310,1028,2,2023-05-01,10
14184,5477,1019,6,2023-04-03,50
14185,5248,1087,5,2023-12-07,10
14186,5404,1020,2,2023-04-22,30
14187,5029,1013,8,2023-12-11,30
14188,5280,1077,6,2023-01-31,20
14189,5338,1043,3,2023-05-23,20
14190,5319,1011,9,2023-10-25,20
14191,5202,1048,4,2023-08-15,30
14192,5361,1015,3,2023-12-24,40
14193,5057,1017,7,2023-09-07,50
14194,5392,1054,8,2023-02-19,10
14195,5218,1050,7,2023-08-02,10
14196,5062,1028,1,2023-09-26,50
14197,5157,1083,1,2023-10-15,0
14198,5202,1004,5,2023-07-14,30
14199,5017,1022,8,2023-09-11,30
14200,5322,1086,3,2023-03-20,20
14201,5006,1039,8,2023-09-01,50
14202,5058,1034,3,2023-04-01,0
14203,5325,1097,4,2023-01-06,0
14204,5412,1044,7,2023-10-08,30
14205,5318,1042,3,2023-05-30,20
14206,5169,1040,4,2023-11-20,10
14207,5453,1097,8,2023-10-09,20
14208,5082,1012,4,2023-07-10,10
14209,5474,1002,9,2023-10-01,30
14210,5468,1028,4,2023-03-14,20
14211,5425,1074,4,2023-11-14,0
14212,5433,1086,5,2023-03-09,50
14213,5219,1081,1,2023-10-31,40
14214,5177,1090,7,2023-03-04,0
14215,5204,1067,9,2023-05-14,50
14216,5071,1071,9,2023-11-03,10
14217,5387,1072,1,2023-09-25,30
14218,5266,1084,6,2023-08-11,20
14219,5098,1076,3,2023-05-06,30
14220,5345,1099,4,2023-09-22,30
14221,5291,1081,8,2023-01-07,10
14222,5208,1092,4,2023-07-25,30
14223,5002,1010,8,2023-06-28,20
14224,5124,1086,4,2023-07-02,0
14225,5280,1057,9,2023-08-16,30
14226,5074,1097,6,2023-08-24,20
14227,5166,1086,1,2023-05-26,20
14228,5022,1037,2,2023-02-27,10
14229,5154,1077,7,2023-10-23,30
14230,5427,1091,7,2023-08-29,10
14231,5439,1064,3,2023-12-11,0
14232,5295,1079,1,2023-10-14,0
14233,5219,1086,8,2023-06-12,50
14234,5157,1094,7,2023-01-26,20
14235,5495,1040,8,2023-04-16,30
14236,5230,1098,1,2023-08-28,50
14237,5020,1060,3,2023-12-06,20
14238,5475,1098,2,2023-11-28,30
14239,5041,1048,1,2023-02-11,10
14240,5438,1099,5,2023-05-13,0
14241,5148,1019,3,2023-11-13,50
14242,5108,1072,8,2023-02-13,50
14243,5403,1033,6,2023-02-04,0
14244,5084,1044,9,2023-12-30,10
14245,5483,1092,9,2023-12-13,40
14246,5367,1037,6,2023-01-01,40
14247,5322,1089,2,2023-08-14,40
14248,5414,1036,9,2023-10-26,30
14249,5309,1081,2,2023-10-15,50
14250,5290,1088,3,2023-08-24,10
14251,5406,1021,6,2023-12-25,30
14252,5323,1002,2,2023-02-02,30
14253,5134,1031,5,2023-04-05,10
14254,5207,1097,2,2023-07-24,30
14255,5283,1030,4,2023-04-19,50
14256,5266,1076,3,2023-11-18,10
14257,5073,1044,5,2023-01-30,40
14258,5481,1012,6,2023-09-23,40
14259,5352,1051,7,2023-01-23,30
14260,5048,1049,8,2023-04-07,0
14261,5326,1024,9,2023-02-08,10
14262,5233,1024,4,2023-06-22,20
14263,5443,1060,4,2023-09-05,20
14264,5100,1011,7,2023-06-11,30
14265,5059,1013,9,2023-06-29,0
14266,5258,1091,2,2023-04-13,10
14267,5413,1072,6,2023-07-28,40
14268,5452,1074,8,2023-01-22,30
14269,5065,1072,5,2023-01-05,10
14270,5083,1064,5,2023-05-19,10
14271,5154,1020,8,2023-08-02,10
14272,5473,1072,1,2023-06-09,0
14273,5266,1073,6,2023-05-19,10
14274,5309,1071,9,2023-05-25,0
14275,5079,1078,6,2023-06-09,0
14276,5315,1028,7,2023-03-24,50
14277,5150,1002,4,2023-06-04,10
14278,5435,1043,1,2023-10-15,50
14279,5048,1008,9,2023-11-13,40
14280,5405,1013,6,2023-10-08,50
14281,5379,1085,3,2023-03-05,50
14282,5248,1092,4,2023-07-11,10
14283,5278,1035,6,2023-06-05,40
14284,5356,1023,6,2023-04-01,30
14285,5098,1046,9,2023-05-22,20
14286,5414,1015,4,2023-02-11,30
14287,5025,1002,5,2023-09-06,0
14288,5493,1061,5,2023-10-22,30
14289,5284,1076,3,2023-09-15,20
14290,5449,1064,2,2023-12-03,20
14291,5369,1052,8,2023-01-01,40
14292,5301,1036,9,2023-04-19,30
14293,5068,1067,9,2023-05-05,0
14294,5007,1069,5,2023-03-05,50
14295,5305,1067,9,2023-07-25,50
14296,5137,1047,4,2023-12-04,0
14297,5164,1083,2,2023-09-01,40
14298,5083,1002,3,2023-03-19,50
14299,5385,1044,1,2023-04-21,40
14300,5138,1064,5,2023-05-22,50
14301,5420,1081,1,2023-08-04,50
14302,5073,1078,1,2023-01-16,30
14303,5237,1028,7,2023-02-23,40
14304,5046,1091,2,2023-05-21,20
14305,5106,1054,8,2023-12-02,0
14306,5416,1074,6,2023-03-20,50
14307,5288,1067,4,2023-05-29,20
14308,5262,1036,9,2023-05-07,10
14309,5176,1063,8,2023-06-07,20
14310,5166,1025,3,2023-10-06,0
14311,5145,1086,3,2023-02-07,10
14312,5330,1048,4,2023-06-06,30
14313,5370,1039,9,2023-11-29,10
14314,5283,1047,9,2023-10-15,40
14315,5054,1094,5,2023-04-22,0
14316,5178,1021,9,2023-07-09,40
14317,5419,1030,6,2023-04-16,20
14318,5244,1092,8,2023-04-01,30
14319,5341,1031,8,2023-12-20,0
14320,5127,1026,7,2023-10-28,30
14321,5409,1022,4,2023-02-18,50
14322,5412,1021,4,2023-06-10,0
14323,5367,1001,6,2023-01-04,40
14324,5271,1037,9,2023-07-17,20
14325,5132,1077,7,2023-11-16,10
14326,5093,1085,5,2023-12-30,30
14327,5379,1046,5,2023-09-11,0
14328,5073,1009,8,2023-03-31,0
14329,5411,1017,6,2023-11-08,50
14330,5410,1047,1,2023-01-20,30
14331,5403,1085,1,2023-03-18,10
14332,5248,1095,9,2023-08-08,20
14333,5348,1059,8,2023-06-11,0
14334,5273,1054,6,2023-12-09,0
14335,5043,1086,1,2023-04-25,30
14336,5377,1012,2,2023-04-04,30
14337,5041,1064,3,2023-05-13,0
14338,5170,1006,3,2023-06-21,0
14339,5434,1053,2,2023-04-24,50
14340,5212,1016,2,2023-01-09,0
14341,5493,1090,6,2023-10-26,40
14342,5168,1005,7,2023-09-17,0
14343,5039,1073,4,2023-06-19,20
14344,5369,1046,1,2023-11-17,20
14345,5245,1014,6,2023-04-08,50
14346,5151,1044,7,2023-06-18,10
14347,5111,1063,4,2023-11-07,30
14348,5480,1094,6,2023-08-06,10
14349,5436,1052,9,2023-12-09,0
14350,5047,1026,4,2023-12-12,30
14351,5063,1053,4,2023-02-13,0
14352,5225,1029,5,2023-09-18,30
14353,5366,1019,3,2023-10-12,50
14354,5069,1047,2,2023-05-06,40
14355,5299,1008,9,2023-09-17,40
14356,5432,1023,1,2023-12-21,40
14357,5290,1035,5,2023-08-02,50
14358,5296,1095,5,2023-11-01,10
14359,5203,1053,8,2023-07-19,30
14360,5061,1099,6,2023-08-24,10
14361,5434,1096,6,2023-12-07,30
14362,5451,1058,6,2023-05-16,0
14363,5318,1005,4,2023-04-26,40
14364,5314,1016,1,2023-06-04,40
14365,5161,1017,3,2023-12-07,30
14366,5331,1032,6,2023-11-13,10
14367,5016,1096,5,2023-12-08,10
14368,5338,1052,1,2023-01-18,20
14369,5094,1020,5,2023-01-04,40
14370,5304,1066,2,2023-06-14,40
14371,5138,1084,1,2023-05-07,10
14372,5338,1082,4,2023-08-01,40
14373,5038,1001,6,2023-02-17,10
14374,5127,1058,7,2023-02-15,20
14375,5275,1093,9,2023-02-15,30
14376,5164,1093,5,2023-02-17,30
14377,5443,1083,8,2023-07-06,20
14378,5319,1044,8,2023-04-30,40
14379,5077,1006,9,2023-05-12,0
14380,5174,1050,3,2023-01-19,40
14381,5387,1072,3,2023-10-02,10
14382,5458,1088,9,2023-08-20,50
14383,5358,1020,7,2023-02-11,0
14384,5321,1014,4,2023-04-02,20
14385,5376,1005,1,2023-09-18,30
14386,5091,1041,7,2023-02-17,30
14387,5238,1040,6,2023-10-09,40
14388,5264,1034,3,2023-03-15,30
14389,5179,1080,5,2023-08-04,40
14390,5494,1045,3,2023-08-09,10
14391,5490,1071,8,2023-04-19,10
14392,5209,1080,5,2023-05-15,20
14393,5073,1071,6,2023-12-09,50
14394,5390,1027,2,2023-08-26,10
14395,5107,1078,8,2023-06-04,40
14396,5345,1078,9,2023-11-25,30
14397,5295,1044,3,2023-02-25,10
14398,5369,1033,6,2023-07-17,10
14399,5444,1033,6,2023-11-11,40
14400,5284,1044,2,2023-02-07,10
14401,5353,1020,8,2023-12-07,30
14402,5182,1036,5,2023-12-05,50
14403,5037,1007,8,2023-08-05,30
14404,5137,1032,8,2023-08-19,50
14405,5338,1067,3,2023-12-08,30
14406,5056,1039,5,2023-09-14,30
14407,5187,1093,7,2023-07-28,0
14408,5341,1024,5,2023-07-20,30
14409,5258,1086,6,2023-05-17,0
14410,5445,1070,2,2023-05-08,30
14411,5058,1088,8,2023-02-22,30
14412,5363,1087,5,2023-12-10,40
14413,5123,1054,6,2023-03-25,50
14414,5188,1038,1,2023-07-28,30
14415,5230,1074,2,2023-11-29,10
14416,5168,1080,4,2023-10-12,30
14417,5420,1075,9,2023-02-05,20
14418,5114,1032,6,2023-08-03,40
14419,5252,1045,8,2023-01-27,40
14420,5107,1061,2,2023-05-26,30
14421,5037,1070,5,2023-01-18,20
14422,5335,1088,1,2023-04-28,50
14423,5092,1097,4,2023-05-17,30
14424,5018,1053,1,2023-03-08,10
14425,5354,1051,9,2023-11-10,40
14426,5063,1076,2,2023-01-30,40
14427,5150,1056,7,2023-03-14,50
14428,5139,1027,3,2023-05-03,20
14429,5186,1038,2,2023-08-16,0
14430,5185,1062,4,2023-12-04,50
14431,5205,1018,7,2023-09-30,20
14432,5260,1064,7,2023-09-03,10
14433,5214,1077,9,2023-02-08,20
14434,5256,1030,3,2023-06-19,50
14435,5135,1049,7,2023-11-11,0
14436,5061,1041,6,2023-04-12,10
14437,5363,1013,7,2023-10-21,10
14438,5310,1034,7,2023-08-31,0
14439,5088,1100,5,2023-06-06,30
14440,5324,1094,9,2023-12-26,20
14441,5476,1025,7,2023-09-22,50
14442,5207,1066,7,2023-09-14,10
14443,5129,1100,3,2023-12-24,50
14444,5311,1018,1,2023-12-09,20
14445,5003,1005,5,2023-05-03,0
14446,5462,1019,8,2023-02-16,40
14447,5422,1042,5,2023-11-28,0
14448,5242,1018,3,2023-01-10,20
14449,5121,1032,9,2023-05-24,10
14450,5385,1021,2,2023-10-26,20
14451,5102,1010,3,2023-06-01,40
14452,5038,1037,4,2023-05-16,10
14453,5341,1049,1,2023-03-16,40
14454,5496,1086,4,2023-12-27,30
14455,5413,1013,4,2023-01-26,50
14456,5133,1055,9,2023-01-07,0
14457,5497,1017,8,2023-03-20,30
14458,5202,1009,2,2023-01-15,20
14459,5348,1088,7,2023-07-26,30
14460,5021,1044,6,2023-03-30,0
14461,5242,1078,7,2023-04-07,10
14462,5455,1046,4,2023-08-04,50
14463,5451,1008,5,2023-09-16,40
14464,5109,1037,6,2023-11-25,10
14465,5303,1019,9,2023-10-14,50
14466,5084,1063,2,2023-03-16,30
14467,5083,1092,9,2023-08-30,20
14468,5291,1046,1,2023-01-17,30
14469,5452,1094,4,2023-06-26,0
14470,5069,1071,5,2023-09-16,0
14471,5129,1026,9,2023-05-03,20
14472,5196,1046,6,2023-11-07,50
14473,5140,1046,4,2023-04-21,10
14474,5444,1075,2,2023-09-13,0
14475,5283,1014,5,2023-08-22,0
14476,5312,1085,8,2023-12-22,20
14477,5234,1063,8,2023-02-09,10
14478,5023,1072,6,2023-05-02,30
14479,5153,1003,1,2023-08-03,40
14480,5277,1028,8,2023-10-23,20
14481,5061,1029,4,2023-10-13,10
14482,5319,1087,2,2023-10-08,40
14483,5378,1018,1,2023-01-07,20
14484,5052,1035,7,2023-04-02,30
14485,5344,1077,2,2023-12-27,30
14486,5153,1076,4,2023-05-03,10
14487,5237,1047,4,2023-12-03,10
14488,5311,1005,1,2023-04-06,30
14489,5302,1075,2,2023-01-01,30
14490,5032,1059,1,2023-04-01,20
14491,5055,1075,6,2023-01-07,50
14492,5352,1059,3,2023-04-30,50
14493,5389,1047,1,2023-12-16,10
14494,5036,1095,8,2023-05-09,40
14495,5110,1095,4,2023-06-28,30
14496,5490,1013,7,2023-04-08,40
14497,5177,1078,2,2023-02-12,10
14498,5362,1089,6,2023-07-02,10
14499,5314,1033,6,2023-07-04,0
14500,5295,1097,7,2023-02-22,30
14501,5336,1062,1,2023-08-16,50
14502,5097,1079,1,2023-06-10,50
14503,5369,1016,2,2023-08-23,10
14504,5213,1044,2,2023-12-24,10
14505,5317,1058,5,2023-07-19,30
14506,5137,1006,1,2023-01-01,0
14507,5006,1089,2,2023-01-14,0
14508,5499,1015,6,2023-08-01,0
14509,5109,1004,3,2023-10-04,0
14510,5035,1056,4,2023-02-03,20
14511,5039,1064,1,2023-12-27,30
14512,5150,1068,5,2023-09-27,30
14513,5425,1094,4,2023-06-17,30
14514,5118,1034,8,2023-06-19,50
14515,5261,1091,3,2023-03-23,0
14516,5426,1095,1,2023-11-12,0
14517,5087,1056,5,2023-05-17,50
14518,5465,1032,1,2023-08-21,50
14519,5076,1009,5,2023-04-25,10
14520,5471,1063,9,2023-09-09,20
14521,5464,1072,5,2023-10-16,50
14522,5451,1078,2,2023-02-18,30
14523,5414,1033,2,2023-01-04,20
14524,5313,1087,9,2023-06-25,50
14525,5383,1021,5,2023-09-29,30
14526,5214,1055,8,2023-01-26,0
14527,5457,1076,4,2023-03-11,0
14528,5285,1057,2,2023-10-20,30
14529,5239,1002,4,2023-08-22,40
14530,5165,1013,4,2023-08-19,0
14531,5087,1004,9,2023-09-20,10
14532,5141,1084,6,2023-10-13,50
14533,5160,1050,6,2023-03-15,0
14534,5046,1048,5,2023-05-01,10
14535,5372,1078,6,2023-01-06,20
14536,5495,1030,1,2023-01-24,0
14537,5112,1029,5,2023-07-13,50
14538,5407,1008,6,2023-06-17,0
14539,5045,1012,8,2023-12-07,50
14540,5401,1041,4,2023-07-29,20
14541,5247,1026,5,2023-05-13,50
14542,5104,1050,4,2023-12-11,10
14543,5085,1002,7,2023-10-19,40
14544,5450,1055,6,2023-06-23,50
14545,5485,1056,4,2023-05-31,50
14546,5134,1014,6,2023-03-29,10
14547,5108,1006,4,2023-10-28,30
14548,5018,1095,8,2023-09-23,30
14549,5094,1081,3,2023-11-06,30
14550,5150,1089,8,2023-03-11,50
14551,5246,1061,2,2023-07-24,20
14552,5289,1096,6,2023-12-07,10
14553,5414,1012,8,2023-02-01,50
14554,5209,1013,1,2023-02-12,0
14555,5126,1019,6,2023-04-28,50
14556,5235,1044,9,2023-01-15,30
14557,5416,1089,2,2023-11-18,10
14558,5426,1095,1,2023-04-25,0
14559,5499,1059,2,2023-12-03,10
14560,5462,1037,5,2023-01-20,20
14561,5122,1025,6,2023-06-27,30
14562,5138,1016,1,2023-09-19,40
14563,5495,1038,7,2023-03-20,50
14564,5115,1043,4,2023-04-30,30
14565,5420,1087,9,2023-01-26,30
14566,5162,1014,6,2023-01-22,20
14567,5201,1006,9,2023-07-20,0
14568,5234,1089,1,2023-03-05,30
14569,5028,1023,4,2023-08-02,0
14570,5011,1060,2,2023-11-10,0
14571,5206,1012,6,2023-10-20,20
14572,5167,1013,4,2023-03-19,30
14573,5247,1100,9,2023-08-04,50
14574,5047,1098,3,2023-08-12,20
14575,5246,1006,1,2023-01-28,20
14576,5127,1063,1,2023-11-01,40
14577,5147,1038,9,2023-07-20,50
14578,5118,1050,9,2023-03-08,20
14579,5399,1052,5,2023-12-25,40
14580,5382,1040,2,2023-05-06,0
14581,5412,1008,9,2023-12-15,50
14582,5152,1061,8,2023-07-14,50
14583,5072,1008,6,2023-06-23,0
14584,5363,1097,7,2023-03-28,10
14585,5137,1034,6,2023-12-09,50
14586,5175,1079,5,2023-11-07,10
14587,5289,1100,4,2023-06-03,0
14588,5446,1060,7,2023-07-29,30
14589,5481,1057,4,2023-01-13,10
14590,5019,1099,9,2023-06-13,20
14591,5195,1046,5,2023-09-12,50
14592,5330,1022,8,2023-03-05,10
14593,5424,1087,6,2023-11-03,50
14594,5175,1040,4,2023-03-17,0
14595,5490,1045,3,2023-01-22,30
14596,5449,1055,6,2023-03-01,0
14597,5413,1051,1,2023-02-25,30
14598,5434,1086,2,2023-06-17,50
14599,5354,1005,7,2023-07-24,10
14600,5499,1095,4,2023-12-19,20
14601,5141,1013,5,2023-09-16,20
14602,5246,1028,1,2023-07-10,0
14603,5385,1084,2,2023-02-24,50
14604,5418,1097,4,2023-12-06,30
14605,5093,1080,8,2023-10-11,10
14606,5432,1062,4,2023-09-21,30
14607,5239,1093,3,2023-09-16,30
14608,5205,1087,3,2023-12-16,30
14609,5048,1024,5,2023-03-30,50
14610,5433,1098,3,2023-08-10,10
14611,5245,1007,8,2023-12-16,50
14612,5320,1038,5,2023-03-30,30
14613,5317,1037,7,2023-02-28,50
14614,5413,1068,8,2023-06-01,20
14615,5295,1098,5,2023-01-28,0
14616,5128,1042,8,2023-08-13,40
14617,5344,1086,3,2023-11-14,30
14618,5282,1005,7,2023-02-20,20
14619,5017,1064,8,2023-09-20,50
14620,5071,1050,7,2023-10-06,20
14621,5269,1087,2,2023-02-15,0
14622,5325,1015,8,2023-11-30,0
14623,5282,1095,6,2023-04-16,40
14624,5305,1073,3,2023-10-11,40
14625,5451,1053,4,2023-01-24,40
14626,5007,1025,7,2023-01-07,10
14627,5314,1089,3,2023-12-01,10
14628,5305,1085,1,2023-01-03,20
14629,5103,1009,6,2023-09-15,50
14630,5309,1038,3,2023-09-20,0
14631,5193,1022,6,2023-05-01,30
14632,5241,1087,3,2023-07-27,0
14633,5062,1049,6,2023-01-21,10
14634,5017,1068,4,2023-05-20,20
14635,5171,1093,4,2023-10-07,30
14636,5025,1015,2,2023-10-16,40
14637,5251,1065,4,2023-07-25,40
14638,5253,1054,4,2023-02-12,10
14639,5387,1030,7,2023-12-04,20
14640,5207,1093,5,2023-04-28,50
14641,5029,1020,8,2023-01-05,0
14642,5117,1033,7,2023-07-26,10
14643,5491,1100,9,2023-05-03,50
14644,5416,1086,8,2023-11-23,50
14645,5282,1077,9,2023-12-11,0
14646,5380,1007,1,2023-05-22,30
14647,5144,1008,3,2023-08-20,0
14648,5025,1028,5,2023-06-13,30
14649,5310,1045,9,2023-02-04,50
14650,5156,1073,8,2023-12-30,20
14651,5073,1089,7,2023-12-01,10
14652,5120,1080,2,2023-01-11,0
14653,5312,1074,6,2023-03-16,20
14654,5321,1011,4,2023-10-27,20
14655,5093,1031,5,2023-07-17,0
14656,5086,1012,5,2023-12-07,40
14657,5336,1095,4,2023-09-21,50
14658,5425,1078,4,2023-12-01,40
14659,5499,1051,4,2023-08-12,30
14660,5364,1044,2,2023-05-02,20
14661,5435,1096,1,2023-03-15,10
14662,5118,1050,2,2023-01-28,10
14663,5233,1017,7,2023-06-20,20
14664,5199,1035,1,2023-12-30,40
14665,5206,1001,6,2023-08-04,50
14666,5413,1029,4,2023-11-15,20
14667,5339,1051,2,2023-04-11,30
14668,5147,1064,3,2023-09-03,20
14669,5450,1004,7,2023-04-03,0
14670,5425,1087,6,2023-03-04,40
14671,5429,1028,6,2023-09-23,0
14672,5271,1016,8,2023-07-25,0
14673,5387,1063,8,2023-03-21,20
14674,5139,1076,6,2023-02-06,50
14675,5181,1053,1,2023-01-11,20
14676,5430,1085,7,2023-04-25,50
14677,5030,1017,8,2023-03-31,10
14678,5057,1040,5,2023-08-20,50
14679,5232,1013,4,2023-01-19,0
14680,5146,1052,7,2023-02-21,20
14681,5435,1058,6,2023-10-01,10
14682,5384,1096,6,2023-04-04,0
14683,5048,1037,3,2023-02-01,10
14684,5194,1079,4,2023-05-31,40
14685,5224,1076,5,2023-05-20,30
14686,5136,1061,9,2023-02-27,0
14687,5022,1079,8,2023-01-21,20
14688,5006,1034,3,2023-05-29,50
14689,5204,1070,6,2023-08-09,40
14690,5239,1017,1,2023-08-09,10
14691,5185,1020,3,2023-08-30,30
14692,5360,1073,7,2023-08-07,50
14693,5292,1059,7,2023-01-29,0
14694,5335,1069,2,2023-02-16,30
14695,5220,1087,3,2023-02-27,40
14696,5116,1033,7,2023-10-02,30
14697,5313,1078,6,2023-05-20,0
14698,5049,1017,7,2023-01-23,40
14699,5173,1057,9,2023-03-04,10
14700,5082,1083,8,2023-02-21,0
14701,5322,1097,6,2023-09-23,30
14702,5333,1001,4,2023-12-08,0
14703,5045,1013,9,2023-06-16,40
14704,5335,1027,7,2023-05-31,30
14705,5020,1070,5,2023-01-11,10
14706,5448,1059,2,2023-04-05,50
14707,5221,1006,9,2023-03-13,20
14708,5123,1097,7,2023-02-17,10
14709,5234,1094,9,2023-12-14,0
14710,5221,1099,9,2023-09-29,20
14711,5323,1023,5,2023-04-05,50
14712,5339,1010,7,2023-08-21,50
14713,5003,1051,5,2023-02-17,40
14714,5182,1019,3,2023-07-27,50
14715,5206,1051,8,2023-08-15,30
14716,5320,1092,8,2023-03-18,30
14717,5040,1087,9,2023-12-15,40
14718,5059,1068,6,2023-08-07,50
14719,5439,1084,2,2023-12-26,0
14720,5062,1083,3,2023-03-22,10
14721,5132,1042,6,2023-02-06,20
14722,5060,1091,1,2023-04-12,40
14723,5372,1057,2,2023-07-10,50
14724,5331,1098,8,2023-01-29,0
14725,5122,1068,8,2023-11-10,0
14726,5479,1038,6,2023-09-10,20
14727,5107,1062,3,2023-09-08,40
14728,5096,1007,2,2023-08-14,10
14729,5347,1071,6,2023-04-04,10
14730,5414,1050,1,2023-03-27,40
14731,5235,1052,6,2023-04-20,30
14732,5386,1026,9,2023-08-05,50
14733,5062,1026,7,2023-07-15,10
14734,5256,1019,9,2023-10-24,30
14735,5049,1009,2,2023-02-13,40
14736,5393,1061,5,2023-03-31,50
14737,5348,1020,9,2023-06-04,0
14738,5159,1050,7,2023-04-19,40
14739,5124,1080,9,2023-02-28,0
14740,5482,1081,6,2023-04-20,40
14741,5317,1022,7,2023-04-16,30
14742,5207,1013,5,2023-08-09,50
14743,5048,1012,6,2023-09-20,30
14744,5409,1010,1,2023-03-23,50
14745,5420,1065,1,2023-09-29,40
14746,5136,1096,2,2023-02-18,0
14747,5201,1030,4,2023-02-01,40
14748,5250,1008,9,2023-03-30,0
14749,5314,1021,7,2023-01-19,30
14750,5357,1022,6,2023-01-03,20
14751,5368,1018,1,2023-03-01,10
14752,5429,1066,5,2023-08-30,30
14753,5318,1048,4,2023-01-29,40
14754,5295,1044,5,2023-03-16,40
14755,5480,1009,9,2023-03-11,0
14756,5314,1067,3,2023-03-24,10
14757,5500,1054,4,2023-12-23,50
14758,5209,1026,8,2023-06-22,30
14759,5355,1085,3,2023-07-16,10
14760,5485,1094,3,2023-12-12,10
14761,5211,1092,9,2023-05-27,30
14762,5192,1100,5,2023-09-30,0
14763,5044,1026,1,2023-02-04,50
14764,5029,1034,7,2023-04-23,0
14765,5059,1008,7,2023-07-25,0
14766,5071,1010,6,2023-06-07,20
14767,5092,1048,6,2023-09-10,10
14768,5265,1055,3,2023-05-02,20
14769,5383,1054,3,2023-02-17,0
14770,5220,1078,9,2023-07-04,50
14771,5390,1040,1,2023-09-30,30
14772,5413,1015,7,2023-04-11,10
14773,5442,1081,7,2023-01-15,30
14774,5401,1018,8,2023-05-08,40
14775,5400,1096,6,2023-07-29,10
14776,5215,1023,8,2023-04-22,30
14777,5479,1062,1,2023-09-27,0
14778,5387,1046,1,2023-05-22,20
14779,5277,1087,9,2023-06-22,30
14780,5064,1099,4,2023-12-19,50
14781,5346,1039,3,2023-06-15,40
14782,5292,1015,6,2023-04-29,0
14783,5490,1053,9,2023-07-22,40
14784,5485,1088,4,2023-01-11,50
14785,5245,1064,9,2023-09-06,50
14786,5470,1063,5,2023-10-31,20
14787,5062,1092,7,2023-09-05,40
14788,5426,1080,3,2023-06-03,50
14789,5332,1016,3,2023-11-19,30
14790,5170,1070,3,2023-01-25,50
14791,5445,1066,8,2023-12-08,50
14792,5269,1013,6,2023-08-09,30
14793,5267,1047,9,2023-04-20,0
14794,5054,1009,9,2023-03-31,20
14795,5016,1063,8,2023-09-22,20
14796,5008,1034,1,2023-02-09,10
14797,5104,1081,6,2023-09-20,10
14798,5059,1091,4,2023-06-07,30
14799,5313,1029,4,2023-04-28,50
14800,5040,1037,3,2023-09-13,40
14801,5237,1043,9,2023-07-15,50
14802,5443,1086,2,2023-11-10,50
14803,5386,1064,1,2023-11-07,40
14804,5094,1024,3,2023-01-14,0
14805,5222,1071,4,2023-04-28,20
14806,5204,1034,4,2023-08-05,30
14807,5138,1048,6,2023-07-24,40
14808,5300,1012,1,2023-03-18,10
14809,5395,1023,1,2023-06-21,30
14810,5207,1079,2,2023-01-26,0
14811,5336,1097,4,2023-05-08,30
14812,5081,1013,7,2023-05-22,40
14813,5218,1087,6,2023-01-24,0
14814,5002,1096,9,2023-08-20,50
14815,5178,1045,7,2023-06-26,10
14816,5396,1099,5,2023-12-07,10
14817,5371,1065,6,2023-08-23,40
14818,5346,1047,9,2023-11-15,0
14819,5279,1058,1,2023-01-26,10
14820,5146,1005,9,2023-09-23,0
14821,5318,1077,6,2023-12-28,30
14822,5224,1005,4,2023-04-27,20
14823,5369,1060,5,2023-02-27,20
14824,5384,1096,1,2023-09-27,20
14825,5062,1021,7,2023-11-25,10
14826,5294,1024,8,2023-10-22,40
14827,5239,1018,5,2023-05-02,20
14828,5195,1021,2,2023-06-08,50
14829,5166,1054,8,2023-06-27,40
14830,5451,1010,7,2023-05-24,20
14831,5222,1024,9,2023-11-24,30
14832,5061,1085,4,2023-11-03,20
14833,5129,1089,9,2023-03-30,40
14834,5478,1060,4,2023-08-27,10
14835,5173,1057,3,2023-02-07,50
14836,5480,1023,3,2023-12-27,30
14837,5156,1022,2,2023-03-20,40
14838,5405,1068,3,2023-12-11,0
14839,5378,1034,8,2023-11-23,20
14840,5110,1070,8,2023-12-12,30
14841,5269,1028,2,2023-09-09,10
14842,5411,1095,2,2023-11-24,0
14843,5356,1099,2,2023-05-29,20
14844,5391,1039,7,2023-01-16,30
14845,5278,1042,6,2023-11-19,50
14846,5074,1023,1,2023-11-17,40
14847,5487,1070,2,2023-09-26,20
14848,5437,1080,1,2023-04-28,30
14849,5463,1002,7,2023-07-11,20
14850,5207,1024,6,2023-11-13,50
14851,5388,1017,2,2023-10-15,30
14852,5480,1065,2,2023-12-17,40
14853,5279,1070,2,2023-10-24,20
14854,5375,1069,8,2023-07-13,30
14855,5326,1060,7,2023-10-08,0
14856,5472,1050,1,2023-10-28,10
14857,5340,1093,4,2023-09-07,50
14858,5357,1012,4,2023-08-19,30
14859,5340,1047,7,2023-01-03,30
14860,5204,1067,2,2023-06-23,30
14861,5161,1065,4,2023-08-28,20
14862,5028,1027,1,2023-04-14,50
14863,5392,1048,4,2023-10-16,10
14864,5257,1088,1,2023-09-01,50
14865,5165,1062,2,2023-10-15,20
14866,5063,1044,2,2023-09-30,30
14867,5022,1019,3,2023-04-30,50
14868,5070,1059,8,2023-12-04,30
14869,5381,1008,6,2023-09-16,10
14870,5405,1055,6,2023-03-11,0
14871,5096,1047,9,2023-07-02,20
14872,5163,1002,8,2023-09-04,0
14873,5079,1094,2,2023-04-28,50
14874,5005,1094,6,2023-01-31,30
14875,5316,1039,1,2023-05-29,30
14876,5120,1045,9,2023-01-16,40
14877,5302,1032,4,2023-09-30,40
14878,5178,1065,4,2023-12-18,0
14879,5176,1038,9,2023-04-12,40
14880,5390,1077,3,2023-03-13,50
14881,5217,1011,5,2023-07-12,10
14882,5056,1010,1,2023-11-18,50
14883,5366,1059,6,2023-04-21,0
14884,5187,1090,3,2023-10-20,50
14885,5232,1055,1,2023-12-13,40
14886,5255,1020,6,2023-12-06,40
14887,5413,1081,2,2023-11-14,10
14888,5455,1017,8,2023-10-04,50
14889,5104,1068,2,2023-04-16,10
14890,5077,1005,4,2023-02-06,0
14891,5230,1060,3,2023-10-18,20
14892,5402,1023,9,2023-06-30,50
14893,5258,1046,2,2023-05-23,50
14894,5264,1052,3,2023-04-24,10
14895,5331,1010,7,2023-08-26,40
14896,5481,1046,4,2023-04-04,0
14897,5182,1028,6,2023-09-17,20
14898,5381,1097,3,2023-04-17,50
14899,5256,1043,1,2023-09-01,0
14900,5038,1026,6,2023-12-01,40
14901,5176,1055,4,2023-01-23,20
14902,5027,1048,2,2023-12-27,20
14903,5276,1029,7,2023-09-28,10
14904,5140,1027,5,2023-05-20,30
14905,5299,1018,6,2023-03-23,40
14906,5445,1060,6,2023-12-10,30
14907,5287,1074,9,2023-06-05,40
14908,5091,1069,2,2023-12-01,0
14909,5480,1074,6,2023-01-19,30
14910,5061,1021,9,2023-03-10,50
14911,5458,1024,4,2023-05-12,50
14912,5451,1003,6,2023-09-13,50
14913,5365,1095,7,2023-07-28,20
14914,5347,1062,1,2023-01-10,10
14915,5163,1002,5,2023-05-20,40
14916,5351,1066,4,2023-05-15,10
14917,5143,1042,2,2023-09-12,40
14918,5400,1034,2,2023-10-27,50
14919,5253,1042,2,2023-09-15,20
14920,5269,1020,7,2023-04-04,20
14921,5369,1097,4,2023-08-29,20
14922,5291,1068,6,2023-08-25,20
14923,5500,1045,7,2023-06-14,20
14924,5459,1075,9,2023-11-21,50
14925,5187,1042,2,2023-05-28,10
14926,5405,1047,9,2023-08-06,0
14927,5499,1005,5,2023-04-18,30
14928,5438,1089,6,2023-08-19,10
14929,5459,1049,6,2023-03-11,50
14930,5414,1037,3,2023-08-09,30
14931,5304,1034,7,2023-03-15,0
14932,5291,1073,7,2023-06-28,40
14933,5086,1070,8,2023-03-21,0
14934,5166,1018,5,2023-12-20,0
14935,5415,1078,2,2023-06-08,50
14936,5462,1019,3,2023-12-22,40
14937,5408,1078,9,2023-06-18,30
14938,5114,1040,6,2023-11-10,20
14939,5433,1017,8,2023-06-10,40
14940,5480,1060,8,2023-02-01,40
14941,5356,1099,5,2023-05-01,0
14942,5416,1093,1,2023-08-03,40
14943,5183,1042,6,2023-01-03,10
14944,5207,1081,7,2023-08-16,20
14945,5256,1072,9,2023-02-17,0
14946,5235,1065,2,2023-06-16,30
14947,5442,1053,2,2023-11-29,30
14948,5355,1100,1,2023-01-11,30
14949,5003,1007,5,2023-08-26,30
14950,5208,1005,2,2023-10-05,30
14951,5197,1024,3,2023-08-29,0
14952,5341,1028,2,2023-07-11,10
14953,5125,1062,4,2023-01-12,10
14954,5138,1017,3,2023-02-22,30
14955,5339,1020,9,2023-02-24,10
14956,5025,1003,2,2023-11-05,20
14957,5068,1037,7,2023-01-21,10
14958,5061,1090,3,2023-01-19,40
14959,5029,1015,8,2023-12-10,30
14960,5383,1051,4,2023-12-16,40
14961,5019,1048,4,2023-11-18,40
14962,5171,1008,9,2023-11-11,30
14963,5450,1013,3,2023-02-28,50
14964,5074,1048,7,2023-05-31,0
14965,5061,1003,1,2023-09-16,50
14966,5427,1065,7,2023-02-27,10
14967,5153,1073,2,2023-08-04,50
14968,5276,1031,6,2023-03-03,20
14969,5048,1026,9,2023-05-26,50
14970,5211,1081,6,2023-08-27,50
14971,5343,1056,3,2023-10-20,0
14972,5408,1034,1,2023-07-01,20
14973,5139,1009,4,2023-04-05,50
14974,5110,1062,4,2023-03-19,30
14975,5482,1013,8,2023-05-22,10
14976,5183,1069,7,2023-04-15,50
14977,5028,1041,7,2023-09-18,0
14978,5197,1077,7,2023-04-05,30
14979,5191,1001,2,2023-08-11,0
14980,5315,1089,9,2023-07-09,40
14981,5389,1047,6,2023-05-09,50
14982,5051,1004,2,2023-11-15,10
14983,5149,1100,1,2023-07-14,10
14984,5268,1063,1,2023-01-20,30
14985,5050,1052,1,2023-10-26,30
14986,5388,1010,4,2023-08-28,30
14987,5246,1028,4,2023-08-23,10
14988,5113,1006,9,2023-03-26,50
14989,5170,1027,1,2023-04-04,40
14990,5468,1012,3,2023-02-11,10
14991,5166,1062,3,2023-12-30,30
14992,5409,1052,8,2023-12-16,20
14993,5014,1048,2,2023-03-15,50
14994,5203,1067,6,2023-12-31,40
14995,5288,1046,4,2023-04-25,10
14996,5395,1097,6,2023-07-09,20
14997,5189,1074,5,2023-05-05,50
14998,5402,1095,9,2023-01-06,40
14999,5155,1015,9,2023-02-11,10
15000,5055,1071,1,2023-02-27,50
15001,5182,1036,3,2023-01-10,50
15002,5210,1014,1,2023-03-30,30
15003,5376,1078,6,2023-11-30,10
15004,5471,1003,3,2023-04-21,50
15005,5075,1067,1,2023-02-08,40
15006,5277,1086,6,2023-06-16,30
15007,5428,1019,5,2023-01-11,50
15008,5133,1099,8,2023-04-20,0
15009,5343,1076,2,2023-01-16,20
15010,5425,1054,8,2023-02-02,50
15011,5059,1069,5,2023-08-21,30
15012,5345,1010,8,2023-07-07,30
15013,5489,1033,4,2023-08-12,40
15014,5182,1013,4,2023-02-28,50
15015,5458,1099,4,2023-02-20,50
15016,5406,1051,6,2023-09-28,40
15017,5339,1032,4,2023-02-12,20
15018,5321,1075,9,2023-01-27,40
15019,5064,1024,9,2023-02-25,30
15020,5327,1035,3,2023-05-01,20
15021,5260,1083,7,2023-04-23,20
15022,5193,1070,5,2023-11-12,10
15023,5143,1040,9,2023-04-25,30
15024,5104,1054,2,2023-04-19,30
15025,5460,1044,3,2023-06-24,40
15026,5406,1062,5,2023-04-22,30
15027,5214,1099,5,2023-04-10,50
15028,5242,1068,7,2023-01-08,40
15029,5431,1033,8,2023-05-15,30
15030,5209,1077,8,2023-09-08,50
15031,5093,1056,1,2023-12-03,10
15032,5430,1036,1,2023-08-28,30
15033,5142,1054,3,2023-08-10,10
15034,5434,1019,1,2023-05-25,30
15035,5404,1043,1,2023-01-04,30
15036,5434,1012,8,2023-10-09,0
15037,5112,1011,1,2023-11-30,50
15038,5417,1070,9,2023-11-24,30
15039,5375,1012,2,2023-07-16,10
15040,5059,1091,9,2023-05-08,20
15041,5043,1041,7,2023-09-18,10
15042,5207,1025,9,2023-04-01,50
15043,5268,1003,3,2023-11-21,30
15044,5296,1003,1,2023-09-16,40
15045,5118,1084,1,2023-04-04,0
15046,5020,1028,6,2023-09-14,40
15047,5222,1023,7,2023-05-16,0
15048,5166,1048,9,2023-01-13,0
15049,5131,1067,6,2023-07-17,40
15050,5156,1042,5,2023-06-27,50
15051,5184,1088,2,2023-04-22,30
15052,5090,1040,2,2023-09-21,10
15053,5094,1006,8,2023-03-20,40
15054,5013,1020,1,2023-09-13,20
15055,5461,1011,8,2023-03-15,0
15056,5322,1096,7,2023-06-10,10
15057,5293,1027,7,2023-07-20,20
15058,5433,1021,5,2023-11-04,10
15059,5230,1013,3,2023-02-02,30
15060,5322,1086,7,2023-03-14,20
15061,5292,1035,7,2023-12-18,50
15062,5438,1047,7,2023-10-20,50
15063,5026,1086,2,2023-07-17,40
15064,5075,1028,3,2023-11-21,10
15065,5456,1021,3,2023-11-12,50
15066,5364,1018,4,2023-08-28,50
15067,5424,1031,9,2023-03-15,40
15068,5299,1060,1,2023-01-31,40
15069,5150,1037,7,2023-01-14,50
15070,5148,1021,7,2023-07-24,10
15071,5008,1014,4,2023-11-12,10
15072,5029,1089,1,2023-03-09,0
15073,5296,1091,3,2023-05-08,0
15074,5474,1060,5,2023-01-26,20
15075,5414,1023,2,2023-07-03,20
15076,5209,1095,7,2023-05-17,20
15077,5128,1029,7,2023-10-18,0
15078,5340,1047,5,2023-04-16,40
15079,5116,1030,6,2023-01-24,50
15080,5439,1090,1,2023-12-05,30
15081,5144,1084,4,2023-07-13,30
15082,5430,1038,4,2023-06-18,50
15083,5318,1083,8,2023-02-05,10
15084,5235,1027,2,2023-04-11,0
15085,5007,1089,1,2023-02-03,10
15086,5464,1087,7,2023-02-08,30
15087,5045,1093,6,2023-07-30,10
15088,5443,1015,5,2023-08-18,0
15089,5239,1059,8,2023-10-06,0
15090,5440,1003,2,2023-03-21,0
15091,5432,1010,2,2023-08-26,30
15092,5155,1079,9,2023-06-21,0
15093,5181,1080,1,2023-11-22,20
15094,5215,1017,6,2023-02-28,20
15095,5088,1083,3,2023-01-22,50
15096,5256,1011,5,2023-12-31,0
15097,5073,1048,8,2023-12-10,20
15098,5419,1005,7,2023-08-26,0
15099,5179,1069,4,2023-10-23,30
15100,5212,1064,8,2023-12-07,20
15101,5293,1014,2,2023-04-04,30
15102,5234,1050,7,2023-09-01,20
15103,5465,1026,5,2023-01-11,40
15104,5239,1072,6,2023-04-27,40
15105,5223,1069,3,2023-09-22,50
15106,5119,1007,7,2023-01-12,50
15107,5313,1016,7,2023-06-03,50
15108,5264,1055,2,2023-02-07,30
15109,5207,1078,1,2023-05-11,20
15110,5095,1056,2,2023-08-13,40
15111,5373,1004,8,2023-05-23,0
15112,5222,1100,3,2023-02-23,10
15113,5366,1048,4,2023-01-24,40
15114,5276,1017,8,2023-05-01,40
15115,5380,1036,3,2023-04-29,0
15116,5231,1070,6,2023-06-10,40
15117,5309,1080,2,2023-03-15,40
15118,5119,1093,3,2023-07-04,40
15119,5268,1100,1,2023-07-11,50
15120,5433,1038,9,2023-08-08,50
15121,5273,1062,4,2023-05-01,20
15122,5064,1048,6,2023-07-28,50
15123,5298,1010,7,2023-10-27,40
15124,5350,1036,2,2023-12-12,10
15125,5413,1029,8,2023-06-13,50
15126,5403,1078,9,2023-09-25,20
15127,5494,1004,2,2023-01-03,20
15128,5011,1044,5,2023-02-19,30
15129,5098,1056,2,2023-12-30,40
15130,5434,1042,5,2023-07-30,10
15131,5071,1100,7,2023-01-16,10
15132,5364,1013,6,2023-06-17,30
15133,5058,1046,4,2023-10-10,10
15134,5290,1082,2,2023-11-22,20
15135,5251,1033,7,2023-10-25,0
15136,5276,1021,9,2023-07-04,20
15137,5050,1080,1,2023-05-18,50
15138,5358,1079,3,2023-05-05,0
15139,5216,1057,7,2023-02-27,10
15140,5394,1069,9,2023-12-28,40
15141,5416,1070,5,2023-03-07,0
15142,5052,1067,7,2023-12-06,20
15143,5271,1048,7,2023-07-21,20
15144,5485,1076,4,2023-01-09,50
15145,5084,1100,5,2023-04-15,20
15146,5387,1033,2,2023-03-30,50
15147,5293,1036,8,2023-03-30,20
15148,5126,1033,1,2023-12-10,30
15149,5296,1031,2,2023-01-06,10
15150,5072,1021,3,2023-06-07,40
15151,5296,1027,7,2023-11-26,50
15152,5236,1091,6,2023-04-13,30
15153,5056,1072,7,2023-08-11,10
15154,5407,1062,5,2023-06-20,50
15155,5360,1096,4,2023-02-02,0
15156,5395,1026,7,2023-06-30,30
15157,5110,1066,3,2023-07-03,50
15158,5192,1012,7,2023-03-28,30
15159,5392,1022,2,2023-03-10,30
15160,5093,1017,8,2023-01-26,30
15161,5350,1007,6,2023-01-06,0
15162,5056,1068,3,2023-09-13,20
15163,5060,1037,3,2023-07-01,30
15164,5138,1038,5,2023-10-22,10
15165,5039,1096,3,2023-09-17,20
15166,5028,1011,6,2023-11-10,0
15167,5049,1001,2,2023-10-31,40
15168,5420,1025,8,2023-11-12,0
15169,5125,1042,9,2023-08-22,40
15170,5013,1052,7,2023-10-09,10
15171,5480,1024,3,2023-07-26,40
15172,5036,1053,4,2023-03-18,50
15173,5101,1056,2,2023-06-17,30
15174,5282,1063,9,2023-12-08,20
15175,5086,1081,5,2023-02-25,50
15176,5004,1008,2,2023-10-22,20
15177,5223,1059,6,2023-03-22,30
15178,5338,1045,7,2023-06-16,20
15179,5448,1027,2,2023-06-25,0
15180,5166,1052,1,2023-10-08,30
15181,5383,1018,7,2023-05-29,30
15182,5344,1091,1,2023-09-13,20
15183,5383,1086,3,2023-10-08,50
15184,5376,1016,4,2023-12-11,40
15185,5471,1066,2,2023-10-05,10
15186,5278,1005,7,2023-10-06,40
15187,5130,1082,5,2023-07-25,0
15188,5031,1003,1,2023-01-30,30
15189,5375,1091,8,2023-08-06,30
15190,5011,1081,7,2023-08-19,0
15191,5476,1080,4,2023-12-25,10
15192,5302,1070,2,2023-06-11,30
15193,5096,1007,7,2023-08-05,40
15194,5190,1050,2,2023-08-16,0
15195,5453,1014,6,2023-11-29,30
15196,5192,1038,1,2023-08-09,40
15197,5486,1079,7,2023-08-22,0
15198,5266,1047,7,2023-03-14,0
15199,5424,1033,4,2023-04-05,0
15200,5128,1043,4,2023-04-05,10
15201,5238,1091,5,2023-08-31,0
15202,5408,1029,2,2023-10-20,50
15203,5355,1057,9,2023-09-20,20
15204,5428,1005,4,2023-05-04,20
15205,5112,1093,9,2023-10-15,0
15206,5316,1096,3,2023-09-24,30
15207,5446,1060,9,2023-04-19,20
15208,5343,1070,1,2023-12-14,40
15209,5145,1002,7,2023-02-17,40
15210,5065,1070,4,2023-10-28,30
15211,5247,1043,7,2023-04-05,40
15212,5223,1004,6,2023-02-02,50
15213,5479,1056,4,2023-04-28,30
15214,5490,1093,4,2023-05-12,40
15215,5313,1059,8,2023-09-08,0
15216,5439,1089,7,2023-10-30,40
15217,5106,1009,4,2023-05-02,0
15218,5181,1003,6,2023-08-06,40
15219,5184,1090,6,2023-02-22,40
15220,5226,1048,1,2023-05-06,40
15221,5265,1043,2,2023-06-08,0
15222,5278,1091,4,2023-06-08,40
15223,5397,1100,6,2023-10-10,40
15224,5089,1096,6,2023-03-30,50
15225,5176,1001,1,2023-06-25,10
15226,5018,1057,8,2023-10-19,0
15227,5371,1053,2,2023-06-08,50
15228,5460,1016,5,2023-09-06,20
15229,5424,1051,4,2023-12-23,30
15230,5401,1075,5,2023-05-02,10
15231,5399,1090,5,2023-08-25,50
15232,5106,1055,8,2023-05-05,50
15233,5271,1001,7,2023-11-11,40
15234,5463,1090,9,2023-10-06,20
15235,5319,1028,1,2023-12-21,20
15236,5167,1053,6,2023-11-20,40
15237,5013,1058,6,2023-04-02,50
15238,5337,1073,2,2023-04-15,50
15239,5032,1060,8,2023-02-11,40
15240,5393,1059,6,2023-05-09,10
15241,5040,1022,9,2023-02-22,0
15242,5148,1008,5,2023-06-17,10
15243,5218,1049,7,2023-03-31,0
15244,5219,1042,6,2023-09-04,20
15245,5469,1027,5,2023-06-23,30
15246,5082,1039,6,2023-03-28,40
15247,5333,1083,4,2023-05-30,10
15248,5208,1025,3,2023-09-06,20
15249,5201,1038,1,2023-04-25,10
15250,5447,1085,1,2023-06-29,50
15251,5332,1024,6,2023-04-30,0
15252,5428,1024,9,2023-01-28,40
15253,5038,1060,8,2023-11-05,50
15254,5211,1083,2,2023-04-27,0
15255,5444,1050,9,2023-07-10,50
15256,5327,1066,8,2023-05-25,0
15257,5249,1014,9,2023-11-16,0
15258,5227,1053,4,2023-09-19,50
15259,5048,1032,9,2023-05-22,20
15260,5018,1096,2,2023-04-24,40
15261,5400,1092,1,2023-09-30,30
15262,5439,1048,9,2023-02-07,10
15263,5295,1039,8,2023-07-16,0
15264,5196,1040,7,2023-01-13,40
15265,5187,1042,8,2023-04-22,10
15266,5345,1077,1,2023-05-17,40
15267,5224,1076,9,2023-06-21,50
15268,5318,1008,9,2023-05-07,10
15269,5488,1079,9,2023-12-28,40
15270,5397,1026,6,2023-11-29,30
15271,5365,1012,4,2023-01-19,40
15272,5337,1043,2,2023-07-27,40
15273,5497,1051,4,2023-06-07,0
15274,5229,1091,7,2023-06-09,0
15275,5390,1082,1,2023-11-30,0
15276,5467,1100,9,2023-08-28,50
15277,5077,1063,3,2023-03-20,40
15278,5188,1049,4,2023-11-28,30
15279,5346,1027,5,2023-12-23,10
15280,5270,1009,3,2023-11-27,0
15281,5095,1039,4,2023-07-16,20
15282,5310,1065,5,2023-04-30,40
15283,5132,1071,1,2023-09-05,30
15284,5039,1090,9,2023-05-19,30
15285,5072,1071,4,2023-08-14,0
15286,5281,1007,9,2023-03-24,50
15287,5333,1072,4,2023-01-26,0
15288,5160,1080,1,2023-05-08,50
15289,5187,1067,5,2023-08-11,20
15290,5486,1010,9,2023-12-05,20
15291,5191,1071,3,2023-02-13,0
15292,5422,1085,5,2023-03-25,10
15293,5120,1053,3,2023-01-25,0
15294,5220,1095,3,2023-08-08,0
15295,5053,1087,1,2023-10-20,30
15296,5222,1057,2,2023-07-23,0
15297,5451,1091,2,2023-07-12,0
15298,5412,1086,9,2023-01-02,0
15299,5131,1027,7,2023-07-21,10
15300,5237,1054,8,2023-12-20,30
15301,5246,1004,2,2023-02-01,40
15302,5226,1088,9,2023-03-30,40
15303,5208,1023,3,2023-07-21,40
15304,5406,1048,2,2023-06-27,40
15305,5096,1083,1,2023-07-12,30
15306,5422,1042,9,2023-06-09,0
15307,5200,1003,8,2023-10-20,40
15308,5247,1091,4,2023-07-23,0
15309,5072,1003,7,2023-08-29,40
15310,5318,1028,3,2023-04-25,10
15311,5185,1063,3,2023-07-29,0
15312,5006,1081,4,2023-08-10,30
15313,5206,1031,2,2023-07-01,50
15314,5032,1010,4,2023-09-16,10
15315,5099,1049,3,2023-02-09,50
15316,5394,1086,8,2023-11-26,10
15317,5387,1094,2,2023-11-18,30
15318,5256,1021,9,2023-03-01,10
15319,5187,1100,3,2023-01-11,0
15320,5076,1053,4,2023-04-30,20
15321,5177,1087,3,2023-02-11,20
15322,5315,1076,3,2023-07-09,40
15323,5287,1089,8,2023-05-03,40
15324,5349,1054,8,2023-07-08,0
15325,5255,1057,6,2023-09-09,30
15326,5325,1020,4,2023-04-02,0
15327,5190,1049,1,2023-08-01,40
15328,5308,1007,4,2023-11-14,10
15329,5345,1029,8,2023-07-21,50
15330,5127,1048,6,2023-09-25,0
15331,5425,1093,2,2023-06-04,0
15332,5287,1013,3,2023-07-14,30
15333,5254,1003,7,2023-01-28,40
15334,5213,1002,4,2023-07-13,0
15335,5250,1016,4,2023-08-11,10
15336,5084,1094,5,2023-04-17,50
15337,5487,1006,8,2023-05-29,10
15338,5383,1045,7,2023-05-15,20
15339,5406,1071,9,2023-04-05,40
15340,5388,1005,5,2023-09-27,10
15341,5013,1056,1,2023-05-06,30
15342,5045,1071,4,2023-12-25,50
15343,5127,1098,6,2023-11-25,40
15344,5426,1032,6,2023-11-14,10
15345,5114,1049,9,2023-01-12,0
15346,5433,1013,5,2023-10-21,40
15347,5276,1030,5,2023-10-22,10
15348,5500,1025,6,2023-12-08,0
15349,5205,1085,6,2023-01-04,20
15350,5337,1060,3,2023-10-31,50
15351,5438,1059,6,2023-11-12,40
15352,5420,1085,8,2023-06-17,40
15353,5481,1028,6,2023-01-08,10
15354,5385,1058,5,2023-05-04,20
15355,5399,1020,3,2023-11-10,30
15356,5461,1034,1,2023-07-04,10
15357,5273,1005,5,2023-02-04,10
15358,5408,1082,6,2023-03-14,30
15359,5058,1060,6,2023-01-13,30
15360,5328,1043,6,2023-02-08,30
15361,5498,1057,3,2023-03-25,50
15362,5219,1057,4,2023-01-21,30
15363,5109,1075,3,2023-09-10,30
15364,5279,1054,2,2023-10-30,0
15365,5174,1081,8,2023-09-15,0
15366,5328,1045,7,2023-10-27,30
15367,5264,1086,8,2023-01-30,50
15368,5315,1037,6,2023-05-08,50
15369,5474,1084,7,2023-11-07,20
15370,5111,1048,1,2023-02-09,50
15371,5187,1054,5,2023-04-07,20
15372,5269,1048,4,2023-08-12,30
15373,5423,1006,3,2023-04-02,50
15374,5229,1034,2,2023-10-07,0
15375,5497,1063,9,2023-06-19,20
15376,5156,1078,8,2023-10-11,0
15377,5473,1048,2,2023-08-10,10
15378,5189,1023,6,2023-04-27,0
15379,5272,1084,3,2023-09-05,30
15380,5375,1013,3,2023-12-27,50
15381,5002,1047,5,2023-12-15,50
15382,5246,1044,7,2023-12-20,40
15383,5210,1032,7,2023-03-30,30
15384,5401,1026,1,2023-03-19,10
15385,5286,1053,7,2023-03-15,50
15386,5359,1014,7,2023-01-14,0
15387,5013,1052,6,2023-02-14,20
15388,5096,1036,6,2023-02-07,30
15389,5498,1008,2,2023-09-02,50
15390,5221,1040,3,2023-03-03,20
15391,5238,1086,3,2023-04-06,0
15392,5094,1022,3,2023-11-19,50
15393,5338,1016,2,2023-09-09,10
15394,5269,1091,9,2023-03-02,30
15395,5171,1060,6,2023-09-26,20
15396,5469,1060,2,2023-04-29,50
15397,5094,1010,3,2023-03-28,30
15398,5149,1025,6,2023-03-24,50
15399,5112,1031,4,2023-03-21,30
15400,5055,1021,7,2023-08-16,20
15401,5337,1091,6,2023-10-30,10
15402,5424,1081,6,2023-04-21,30
15403,5467,1033,3,2023-11-06,10
15404,5116,1031,8,2023-03-12,10
15405,5143,1090,9,2023-11-24,0
15406,5201,1021,6,2023-01-25,50
15407,5180,1036,2,2023-10-06,20
15408,5202,1065,1,2023-07-21,0
15409,5364,1004,3,2023-08-13,40
15410,5479,1068,3,2023-09-24,50
15411,5053,1090,8,2023-10-10,0
15412,5471,1004,5,2023-04-27,30
15413,5384,1009,1,2023-03-08,30
15414,5180,1030,4,2023-02-16,30
15415,5414,1045,7,2023-08-29,40
15416,5417,1004,5,2023-06-27,10
15417,5313,1069,6,2023-01-08,30
15418,5308,1023,4,2023-07-02,50
15419,5137,1016,2,2023-03-18,50
15420,5182,1022,9,2023-03-08,0
15421,5367,1072,2,2023-05-28,10
15422,5001,1048,2,2023-06-22,0
15423,5044,1062,2,2023-02-04,0
15424,5227,1097,1,2023-03-18,30
15425,5331,1060,3,2023-10-07,0
15426,5098,1080,6,2023-07-04,40
15427,5208,1005,7,2023-02-24,50
15428,5265,1080,1,2023-04-04,50
15429,5288,1007,5,2023-05-24,50
15430,5271,1051,5,2023-09-04,10
15431,5140,1065,1,2023-07-19,30
15432,5481,1009,4,2023-08-24,30
15433,5237,1082,1,2023-11-10,0
15434,5462,1045,1,2023-11-16,0
15435,5441,1047,7,2023-08-08,20
15436,5392,1067,7,2023-11-28,20
15437,5072,1024,3,2023-08-04,30
15438,5155,1092,7,2023-02-18,30
15439,5190,1010,3,2023-10-12,0
15440,5268,1073,2,2023-04-28,40
15441,5321,1077,4,2023-03-23,40
15442,5107,1048,3,2023-09-20,50
15443,5232,1035,7,2023-03-18,0
15444,5042,1054,1,2023-07-30,20
15445,5190,1087,6,2023-05-02,20
15446,5371,1081,2,2023-11-21,40
15447,5139,1071,8,2023-03-31,30
15448,5103,1016,5,2023-09-15,0
15449,5171,1053,3,2023-06-10,50
15450,5351,1040,7,2023-06-25,50
15451,5273,1100,2,2023-10-20,30
15452,5481,1020,5,2023-03-30,20
15453,5416,1088,8,2023-05-07,40
15454,5221,1069,1,2023-12-25,30
15455,5213,1045,1,2023-10-13,20
15456,5341,1006,3,2023-10-24,20
15457,5424,1092,3,2023-09-17,50
15458,5407,1069,7,2023-12-05,20
15459,5056,1049,6,2023-09-01,30
15460,5390,1039,7,2023-04-21,10
15461,5342,1002,4,2023-01-24,40
15462,5434,1039,2,2023-02-19,20
15463,5102,1021,2,2023-02-06,30
15464,5421,1040,1,2023-06-30,50
15465,5493,1082,9,2023-09-10,0
15466,5192,1054,7,2023-01-25,50
15467,5499,1012,3,2023-12-15,40
15468,5310,1081,2,2023-05-05,0
15469,5200,1037,3,2023-01-31,0
15470,5233,1038,7,2023-08-25,50
15471,5433,1015,5,2023-08-15,30
15472,5227,1007,3,2023-12-14,50
15473,5371,1078,9,2023-02-07,10
15474,5139,1050,2,2023-02-27,30
15475,5344,1065,7,2023-08-24,30
15476,5305,1067,6,2023-06-30,40
15477,5149,1044,6,2023-04-24,30
15478,5115,1031,7,2023-11-02,40
15479,5450,1043,6,2023-05-12,20
15480,5063,1077,2,2023-12-14,40
15481,5104,1048,5,2023-06-29,30
15482,5339,1082,3,2023-03-19,20
15483,5359,1081,9,2023-08-08,20
15484,5156,1081,8,2023-05-22,10
15485,5273,1061,2,2023-02-12,50
15486,5006,1075,1,2023-04-28,30
15487,5147,1084,4,2023-02-28,0
15488,5184,1010,4,2023-03-02,50
15489,5486,1029,2,2023-02-10,30
15490,5028,1048,7,2023-10-01,0
15491,5450,1098,3,2023-07-07,50
15492,5038,1081,7,2023-12-01,10
15493,5119,1062,7,2023-07-06,30
15494,5293,1013,1,2023-08-16,50
15495,5371,1044,6,2023-06-13,10
15496,5244,1047,4,2023-10-13,0
15497,5068,1064,8,2023-04-12,40
15498,5214,1091,8,2023-09-24,30
15499,5218,1053,3,2023-05-04,20
15500,5177,1090,4,2023-06-02,20
15501,5299,1092,1,2023-06-28,10
15502,5164,1077,2,2023-03-07,40
15503,5058,1076,7,2023-04-09,20
15504,5269,1044,7,2023-01-24,20
15505,5308,1028,9,2023-11-29,30
15506,5058,1002,9,2023-09-06,20
15507,5288,1057,9,2023-06-14,0
15508,5465,1057,6,2023-04-04,10
15509,5105,1034,8,2023-12-09,50
15510,5228,1087,9,2023-05-04,20
15511,5247,1058,7,2023-10-29,30
15512,5188,1052,4,2023-06-05,50
15513,5494,1029,4,2023-12-15,0
15514,5083,1035,6,2023-09-06,50
15515,5186,1075,4,2023-09-28,20
15516,5252,1048,7,2023-02-27,10
15517,5355,1033,8,2023-07-14,10
15518,5238,1075,8,2023-07-20,10
15519,5360,1073,8,2023-03-13,20
15520,5184,1078,2,2023-09-04,0
15521,5284,1009,2,2023-04-08,40
15522,5385,1048,2,2023-11-25,50
15523,5426,1067,2,2023-03-22,10
15524,5210,1093,4,2023-03-06,0
15525,5304,1083,5,2023-01-05,30
15526,5296,1036,4,2023-10-11,30
15527,5097,1096,5,2023-10-21,0
15528,5447,1071,4,2023-03-22,30
15529,5460,1092,7,2023-03-28,30
15530,5456,1044,1,2023-10-20,10
15531,5472,1082,1,2023-10-08,20
15532,5208,1060,2,2023-07-16,20
15533,5370,1063,1,2023-09-09,20
15534,5388,1005,3,2023-03-24,20
15535,5422,1087,6,2023-01-27,0
15536,5492,1086,6,2023-11-29,10
15537,5411,1090,1,2023-07-01,0
15538,5137,1076,6,2023-05-15,50
15539,5367,1040,5,2023-03-31,50
15540,5400,1019,7,2023-07-25,30
15541,5184,1047,6,2023-01-27,10
15542,5076,1065,7,2023-02-28,40
15543,5287,1067,2,2023-03-13,20
15544,5472,1091,1,2023-08-15,50
15545,5375,1018,7,2023-04-01,50
15546,5142,1050,9,2023-03-09,30
15547,5237,1030,2,2023-12-28,20
15548,5025,1066,7,2023-09-17,20
15549,5290,1005,3,2023-05-26,20
15550,5067,1093,6,2023-03-04,50
15551,5250,1097,3,2023-12-09,40
15552,5408,1042,5,2023-06-29,30
15553,5118,1084,2,2023-04-21,20
15554,5490,1094,8,2023-07-10,20
15555,5073,1005,8,2023-09-03,10
15556,5282,1050,7,2023-10-05,20
15557,5404,1085,6,2023-12-13,10
15558,5448,1058,1,2023-10-24,30
15559,5360,1079,8,2023-12-03,30
15560,5010,1084,1,2023-05-03,30
15561,5211,1008,8,2023-02-26,10
15562,5323,1031,2,2023-06-09,50
15563,5152,1012,8,2023-05-07,50
15564,5005,1021,4,2023-08-13,40
15565,5195,1094,7,2023-04-05,40
15566,5442,1062,5,2023-11-07,50
15567,5283,1091,8,2023-01-06,50
15568,5464,1090,6,2023-09-22,20
15569,5113,1033,5,2023-08-22,30
15570,5271,1026,1,2023-10-15,50
15571,5163,1090,3,2023-01-16,0
15572,5460,1100,9,2023-05-20,50
15573,5105,1040,9,2023-10-24,20
15574,5181,1065,5,2023-07-14,50
15575,5044,1059,3,2023-07-05,40
15576,5282,1015,6,2023-05-05,40
15577,5175,1001,5,2023-01-17,30
15578,5162,1011,1,2023-01-26,10
15579,5471,1055,2,2023-08-01,20
15580,5351,1002,5,2023-01-01,10
15581,5434,1065,9,2023-10-18,40
15582,5340,1095,4,2023-09-22,30
15583,5140,1044,9,2023-12-09,40
15584,5471,1016,3,2023-02-07,30
15585,5132,1022,1,2023-08-21,50
15586,5087,1018,6,2023-09-17,0
15587,5176,1047,7,2023-11-04,10
15588,5183,1081,4,2023-09-18,20
15589,5368,1030,5,2023-08-26,30
15590,5129,1010,4,2023-04-16,50
15591,5246,1099,3,2023-09-04,50
15592,5089,1058,1,2023-10-31,0
15593,5066,1062,6,2023-12-09,50
15594,5158,1085,5,2023-02-07,50
15595,5387,1080,1,2023-11-04,0
15596,5378,1006,5,2023-12-09,10
15597,5149,1067,6,2023-02-15,50
15598,5473,1041,5,2023-07-29,30
15599,5340,1043,1,2023-04-03,20
15600,5433,1085,5,2023-08-08,20
15601,5116,1077,1,2023-09-13,20
15602,5214,1018,3,2023-05-17,40
15603,5469,1058,2,2023-08-19,40
15604,5446,1060,1,2023-11-02,30
15605,5481,1088,4,2023-07-21,50
15606,5372,1027,2,2023-03-07,50
15607,5294,1068,5,2023-02-07,20
15608,5253,1022,1,2023-06-04,0
15609,5143,1024,1,2023-04-15,50
15610,5250,1040,4,2023-09-12,20
15611,5366,1074,7,2023-01-16,30
15612,5436,1066,2,2023-03-20,20
15613,5463,1040,2,2023-01-13,10
15614,5302,1006,1,2023-04-12,20
15615,5025,1018,5,2023-06-01,50
15616,5277,1081,6,2023-06-27,50
15617,5472,1087,6,2023-03-28,0
15618,5377,1030,2,2023-03-29,30
15619,5378,1021,7,2023-01-29,30
15620,5389,1062,6,2023-12-29,0
15621,5070,1010,8,2023-11-17,30
15622,5113,1013,6,2023-04-10,20
15623,5363,1076,9,2023-04-25,30
15624,5112,1009,2,2023-07-29,20
15625,5364,1068,7,2023-12-09,30
15626,5303,1039,5,2023-03-15,50
15627,5471,1024,1,2023-05-15,20
15628,5452,1034,3,2023-09-26,20
15629,5091,1061,4,2023-12-16,50
15630,5018,1041,2,2023-03-19,0
15631,5149,1005,7,2023-05-05,0
15632,5476,1079,1,2023-02-07,50
15633,5227,1050,3,2023-09-26,40
15634,5214,1004,9,2023-11-06,0
15635,5360,1051,2,2023-04-16,20
15636,5151,1052,5,2023-02-13,20
15637,5192,1039,4,2023-08-13,30
15638,5451,1008,3,2023-08-30,30
15639,5040,1045,5,2023-06-02,40
15640,5242,1088,6,2023-01-24,20
15641,5138,1028,1,2023-05-04,40
15642,5345,1027,2,2023-10-12,20
15643,5180,1065,1,2023-12-14,0
15644,5497,1034,3,2023-09-18,30
15645,5200,1081,8,2023-05-26,50
15646,5203,1062,8,2023-07-10,50
15647,5061,1062,4,2023-06-14,40
15648,5192,1038,6,2023-03-12,10
15649,5005,1026,9,2023-07-20,50
15650,5378,1024,7,2023-12-21,20
15651,5237,1039,2,2023-01-12,0
15652,5181,1021,2,2023-02-21,10
15653,5311,1094,3,2023-09-13,0
15654,5037,1047,8,2023-10-29,0
15655,5056,1048,9,2023-12-26,20
15656,5443,1013,3,2023-10-27,0
15657,5237,1003,9,2023-01-09,40
15658,5358,1032,8,2023-05-20,10
15659,5349,1035,5,2023-04-10,0
15660,5197,1019,3,2023-05-17,50
15661,5073,1014,7,2023-12-25,50
15662,5059,1048,9,2023-01-22,0
15663,5240,1086,6,2023-05-25,30
15664,5002,1081,3,2023-06-10,30
15665,5449,1068,5,2023-09-06,40
15666,5360,1045,7,2023-06-24,50
15667,5188,1019,8,2023-03-29,30
15668,5307,1064,4,2023-02-02,0
15669,5030,1066,2,2023-09-28,50
15670,5267,1079,2,2023-10-10,0
15671,5476,1066,3,2023-08-14,10
15672,5108,1075,8,2023-04-22,50
15673,5332,1045,1,2023-03-23,30
15674,5423,1087,7,2023-08-01,20
15675,5090,1074,6,2023-10-31,30
15676,5205,1067,2,2023-01-08,0
15677,5379,1069,9,2023-05-14,10
15678,5456,1003,5,2023-04-28,30
15679,5447,1038,2,2023-03-25,10
15680,5448,1077,3,2023-09-15,30
15681,5445,1042,7,2023-08-31,40
15682,5381,1083,7,2023-08-25,0
15683,5438,1040,1,2023-05-30,0
15684,5220,1050,4,2023-01-21,20
15685,5378,1035,6,2023-05-14,0
15686,5094,1024,8,2023-04-06,20
15687,5457,1088,3,2023-01-13,0
15688,5103,1017,3,2023-01-01,30
15689,5223,1040,8,2023-05-30,30
15690,5186,1074,8,2023-04-27,40
15691,5469,1066,8,2023-06-01,30
15692,5184,1044,1,2023-03-05,10
15693,5495,1023,8,2023-05-30,30
15694,5162,1006,8,2023-11-13,20
15695,5247,1066,2,2023-12-30,50
15696,5031,1021,9,2023-01-12,40
15697,5052,1035,7,2023-03-31,50
15698,5345,1029,8,2023-03-24,50
15699,5076,1007,2,2023-09-07,10
15700,5385,1093,4,2023-02-02,10
15701,5439,1053,7,2023-05-29,0
15702,5278,1037,6,2023-05-08,20
15703,5040,1023,7,2023-04-10,50
15704,5101,1097,1,2023-12-28,30
15705,5111,1008,8,2023-11-24,30
15706,5385,1076,7,2023-07-31,0
15707,5321,1048,4,2023-03-15,30
15708,5249,1010,1,2023-04-06,10
15709,5191,1079,8,2023-04-02,30
15710,5490,1024,7,2023-11-26,50
15711,5182,1090,8,2023-11-24,30
15712,5426,1047,1,2023-06-24,10
15713,5405,1053,5,2023-08-13,20
15714,5335,1039,9,2023-11-11,50
15715,5209,1067,5,2023-06-24,20
15716,5022,1066,3,2023-02-25,10
15717,5166,1006,9,2023-09-26,10
15718,5099,1021,9,2023-02-04,50
15719,5493,1073,4,2023-04-29,40
15720,5208,1074,4,2023-02-25,40
15721,5008,1036,8,2023-11-05,30
15722,5190,1003,7,2023-12-23,50
15723,5175,1088,5,2023-11-12,50
15724,5273,1086,6,2023-04-15,30
15725,5017,1078,3,2023-06-25,40
15726,5090,1042,6,2023-04-16,30
15727,5141,1045,8,2023-03-21,20
15728,5145,1044,9,2023-06-12,20
15729,5166,1091,3,2023-09-24,0
15730,5337,1033,8,2023-02-20,40
15731,5496,1060,3,2023-10-06,20
15732,5078,1086,2,2023-10-30,0
15733,5429,1093,5,2023-03-16,10
15734,5262,1083,4,2023-12-15,50
15735,5163,1083,5,2023-05-07,20
15736,5366,1070,6,2023-09-03,0
15737,5014,1083,3,2023-11-08,30
15738,5239,1077,1,2023-08-22,50
15739,5072,1026,4,2023-06-04,0
15740,5445,1086,6,2023-03-14,20
15741,5143,1021,2,2023-05-17,30
15742,5310,1100,2,2023-10-01,30
15743,5283,1002,1,2023-02-13,0
15744,5269,1047,9,2023-09-04,0
15745,5241,1030,3,2023-05-29,20
15746,5415,1027,2,2023-02-25,30
15747,5245,1071,4,2023-06-25,40
15748,5163,1020,6,2023-12-22,0
15749,5060,1050,1,2023-09-14,40
15750,5006,1095,9,2023-10-28,40
15751,5197,1023,9,2023-03-04,30
15752,5470,1013,8,2023-11-10,20
15753,5058,1081,6,2023-03-04,40
15754,5305,1004,4,2023-10-21,20
15755,5407,1014,2,2023-01-29,0
15756,5217,1020,8,2023-02-09,30
15757,5418,1013,7,2023-05-27,10
15758,5026,1003,4,2023-03-29,30
15759,5303,1090,3,2023-02-25,10
15760,5005,1090,6,2023-10-27,50
15761,5474,1082,1,2023-07-12,0
15762,5020,1096,2,2023-04-10,20
15763,5390,1078,7,2023-08-03,0
15764,5198,1047,3,2023-05-21,30
15765,5059,1003,1,2023-02-18,10
15766,5448,1001,2,2023-04-25,50
15767,5242,1090,9,2023-08-17,10
15768,5146,1024,7,2023-09-09,30
15769,5388,1035,7,2023-03-16,30
15770,5273,1014,8,2023-07-10,0
15771,5249,1067,8,2023-07-18,40
15772,5014,1013,9,2023-06-12,10
15773,5462,1047,2,2023-05-19,30
15774,5013,1050,8,2023-02-18,0
15775,5391,1078,8,2023-12-29,40
15776,5384,1085,5,2023-04-25,20
15777,5044,1026,5,2023-06-17,30
15778,5375,1003,4,2023-10-04,40
15779,5399,1051,5,2023-02-16,20
15780,5019,1040,2,2023-09-16,50
15781,5063,1068,2,2023-08-04,20
15782,5491,1036,5,2023-08-18,0
15783,5239,1051,3,2023-05-07,10
15784,5492,1001,1,2023-11-19,30
15785,5419,1033,9,2023-11-14,40
15786,5337,1007,2,2023-08-13,50
15787,5419,1052,2,2023-05-30,50
15788,5403,1011,4,2023-10-14,20
15789,5404,1027,2,2023-02-15,50
15790,5100,1014,7,2023-10-28,10
15791,5163,1086,1,2023-01-14,20
15792,5416,1080,2,2023-05-01,30
15793,5122,1046,5,2023-07-10,30
15794,5432,1076,2,2023-11-29,50
15795,5044,1010,9,2023-12-10,0
15796,5360,1024,4,2023-06-15,30
15797,5408,1061,9,2023-04-27,30
15798,5317,1018,1,2023-05-04,30
15799,5381,1086,1,2023-02-23,10
15800,5145,1009,1,2023-10-31,40
15801,5327,1017,4,2023-12-23,40
15802,5363,1058,9,2023-09-28,50
15803,5050,1013,8,2023-07-18,30
15804,5065,1050,7,2023-08-04,40
15805,5355,1006,1,2023-04-23,50
15806,5288,1085,3,2023-01-16,30
15807,5164,1051,9,2023-08-04,40
15808,5141,1036,9,2023-05-15,40
15809,5454,1071,5,2023-02-12,50
15810,5314,1100,6,2023-09-09,20
15811,5128,1025,6,2023-10-11,50
15812,5398,1011,4,2023-11-18,10
15813,5421,1044,1,2023-04-08,20
15814,5368,1014,5,2023-03-01,20
15815,5463,1029,1,2023-08-18,40
15816,5239,1074,1,2023-05-11,0
15817,5324,1050,5,2023-06-08,0
15818,5296,1005,5,2023-11-08,10
15819,5187,1072,7,2023-03-25,30
15820,5208,1069,2,2023-07-27,40
15821,5220,1088,6,2023-06-23,10
15822,5400,1057,2,2023-10-15,20
15823,5190,1026,5,2023-03-22,40
15824,5388,1006,4,2023-01-18,20
15825,5429,1016,5,2023-07-15,10
15826,5346,1060,2,2023-10-18,0
15827,5284,1100,8,2023-12-26,10
15828,5352,1012,8,2023-12-22,50
15829,5237,1075,6,2023-10-06,40
15830,5194,1003,3,2023-09-11,40
15831,5287,1063,4,2023-05-22,30
15832,5259,1064,1,2023-06-14,0
15833,5246,1062,9,2023-01-05,40
15834,5136,1006,5,2023-09-08,0
15835,5280,1019,8,2023-05-30,40
15836,5271,1018,3,2023-01-28,0
15837,5171,1080,4,2023-08-25,50
15838,5159,1087,4,2023-05-12,10
15839,5201,1043,8,2023-11-02,0
15840,5487,1073,9,2023-12-24,20
15841,5045,1003,3,2023-10-12,50
15842,5450,1072,7,2023-10-20,10
15843,5264,1038,9,2023-06-12,40
15844,5071,1068,2,2023-08-15,40
15845,5364,1076,4,2023-05-10,30
15846,5371,1044,3,2023-02-27,50
15847,5103,1095,8,2023-05-26,20
15848,5490,1089,4,2023-12-28,50
15849,5125,1080,9,2023-11-08,30
15850,5313,1063,1,2023-05-02,50
15851,5464,1042,1,2023-07-11,10
15852,5483,1064,4,2023-09-02,30
15853,5286,1054,3,2023-04-13,10
15854,5458,1078,3,2023-09-07,30
15855,5230,1077,2,2023-01-22,0
15856,5146,1071,2,2023-03-01,10
15857,5370,1076,8,2023-08-26,10
15858,5197,1037,1,2023-12-06,0
15859,5373,1004,8,2023-12-02,0
15860,5221,1002,3,2023-05-14,20
15861,5423,1099,2,2023-12-03,0
15862,5060,1044,9,2023-09-19,30
15863,5098,1067,5,2023-12-08,0
15864,5171,1068,5,2023-12-04,0
15865,5382,1076,6,2023-02-11,10
15866,5173,1083,4,2023-03-15,10
15867,5151,1074,7,2023-10-24,50
15868,5453,1062,7,2023-11-15,0
15869,5350,1001,9,2023-01-22,20
15870,5390,1017,6,2023-08-08,10
15871,5440,1016,1,2023-03-20,30
15872,5122,1009,9,2023-08-23,50
15873,5494,1053,9,2023-06-06,30
15874,5108,1073,5,2023-11-23,0
15875,5004,1059,7,2023-04-24,0
15876,5093,1009,1,2023-10-17,20
15877,5407,1012,4,2023-04-06,0
15878,5006,1041,4,2023-05-10,50
15879,5288,1015,5,2023-04-19,40
15880,5106,1066,6,2023-03-16,40
15881,5146,1075,4,2023-10-02,0
15882,5271,1011,6,2023-01-20,50
15883,5424,1008,7,2023-06-10,40
15884,5378,1055,3,2023-07-28,30
15885,5096,1096,9,2023-04-04,50
15886,5457,1006,8,2023-03-23,50
15887,5229,1053,1,2023-12-18,0
15888,5202,1020,2,2023-04-14,30
15889,5212,1039,2,2023-08-25,30
15890,5006,1099,9,2023-09-17,40
15891,5112,1072,9,2023-06-09,20
15892,5376,1034,9,2023-12-14,30
15893,5379,1057,1,2023-03-02,40
15894,5447,1019,7,2023-02-07,20
15895,5323,1071,3,2023-04-28,50
15896,5106,1031,9,2023-11-08,40
15897,5139,1082,8,2023-06-17,40
15898,5299,1040,3,2023-12-03,0
15899,5401,1014,1,2023-12-28,50
15900,5096,1100,9,2023-03-10,50
15901,5388,1081,1,2023-03-24,10
15902,5447,1037,3,2023-08-23,20
15903,5452,1044,6,2023-02-11,40
15904,5337,1009,6,2023-04-09,30
15905,5297,1058,4,2023-05-10,30
15906,5467,1020,2,2023-01-28,10
15907,5389,1092,6,2023-08-21,20
15908,5416,1050,5,2023-08-17,0
15909,5214,1020,6,2023-04-27,20
15910,5454,1036,7,2023-11-22,30
15911,5291,1027,9,2023-04-17,30
15912,5022,1072,7,2023-11-21,0
15913,5193,1032,4,2023-10-22,0
15914,5468,1001,5,2023-06-09,30
15915,5150,1017,6,2023-01-04,40
15916,5368,1009,9,2023-05-29,40
15917,5247,1084,5,2023-08-22,0
15918,5267,1045,5,2023-09-11,50
15919,5461,1096,7,2023-09-05,40
15920,5251,1066,2,2023-12-04,0
15921,5490,1032,3,2023-12-19,20
15922,5003,1045,2,2023-03-11,20
15923,5393,1009,2,2023-07-22,20
15924,5316,1030,3,2023-10-29,0
15925,5076,1084,6,2023-05-28,0
15926,5087,1038,5,2023-08-09,40
15927,5270,1060,5,2023-07-05,40
15928,5225,1001,2,2023-12-21,40
15929,5018,1005,2,2023-12-02,10
15930,5113,1063,1,2023-02-17,0
15931,5251,1099,3,2023-09-20,50
15932,5233,1036,7,2023-10-23,20
15933,5329,1065,5,2023-11-11,20
15934,5279,1078,7,2023-10-19,10
15935,5202,1073,9,2023-06-21,10
15936,5083,1094,6,2023-12-30,20
15937,5125,1024,2,2023-01-31,0
15938,5175,1004,1,2023-06-19,20
15939,5069,1078,1,2023-02-13,20
15940,5047,1089,9,2023-02-12,50
15941,5372,1068,6,2023-05-14,10
15942,5256,1025,6,2023-12-15,10
15943,5215,1074,4,2023-08-07,40
15944,5030,1099,2,2023-03-27,10
15945,5281,1007,3,2023-09-08,50
15946,5412,1013,3,2023-09-22,50
15947,5482,1068,8,2023-01-11,20
15948,5237,1043,6,2023-03-21,50
15949,5248,1057,7,2023-04-19,40
15950,5368,1036,9,2023-04-28,20
15951,5495,1014,1,2023-09-09,0
15952,5025,1082,2,2023-01-18,0
15953,5074,1072,9,2023-09-13,10
15954,5206,1096,5,2023-09-02,40
15955,5490,1027,4,2023-06-02,50
15956,5494,1037,1,2023-04-07,30
15957,5314,1087,9,2023-07-05,0
15958,5094,1071,9,2023-01-30,50
15959,5375,1076,4,2023-04-25,0
15960,5127,1025,9,2023-08-29,0
15961,5425,1067,1,2023-09-14,0
15962,5025,1090,5,2023-12-19,10
15963,5334,1004,1,2023-04-23,40
15964,5355,1100,4,2023-12-01,0
15965,5116,1079,5,2023-01-29,50
15966,5048,1096,3,2023-11-18,50
15967,5226,1093,2,2023-08-14,10
15968,5266,1074,6,2023-09-01,40
15969,5099,1085,3,2023-12-27,40
15970,5459,1016,1,2023-01-19,30
15971,5011,1019,5,2023-11-18,20
15972,5085,1029,2,2023-04-22,0
15973,5405,1051,2,2023-07-31,10
15974,5214,1018,4,2023-08-21,40
15975,5173,1058,4,2023-06-08,30
15976,5391,1044,4,2023-03-01,20
15977,5209,1016,7,2023-11-20,40
15978,5448,1065,1,2023-04-03,40
15979,5382,1002,8,2023-09-05,0
15980,5064,1056,9,2023-06-07,20
15981,5258,1079,6,2023-05-21,20
15982,5332,1028,4,2023-08-08,10
15983,5121,1065,6,2023-11-02,30
15984,5298,1005,7,2023-03-30,50
15985,5466,1022,6,2023-06-04,10
15986,5054,1100,1,2023-08-21,30
15987,5331,1013,5,2023-07-12,10
15988,5272,1065,8,2023-04-09,30
15989,5241,1016,8,2023-04-23,50
15990,5243,1086,9,2023-04-17,0
15991,5018,1064,4,2023-01-24,30
15992,5483,1032,6,2023-10-08,50
15993,5187,1080,7,2023-07-23,10
15994,5346,1051,5,2023-01-11,20
15995,5144,1079,8,2023-12-16,40
15996,5262,1058,3,2023-11-12,50
15997,5441,1046,8,2023-07-24,50
15998,5364,1052,5,2023-01-25,50
15999,5491,1063,1,2023-05-20,30
16000,5431,1076,6,2023-05-03,30
16001,5239,1060,2,2023-01-11,20
16002,5304,1065,7,2023-09-23,0
16003,5298,1081,9,2023-03-22,10
16004,5076,1055,3,2023-11-06,0
16005,5188,1057,4,2023-04-19,30
16006,5333,1092,4,2023-07-27,30
16007,5388,1071,4,2023-11-15,50
16008,5487,1073,3,2023-09-01,50
16009,5246,1086,5,2023-10-03,0
16010,5130,1026,9,2023-09-18,10
16011,5474,1012,8,2023-10-24,30
16012,5315,1071,2,2023-03-04,30
16013,5411,1046,9,2023-07-03,0
16014,5283,1047,2,2023-02-01,40
16015,5079,1079,7,2023-10-10,50
16016,5072,1038,5,2023-11-20,20
16017,5263,1021,7,2023-12-27,30
16018,5191,1014,5,2023-01-07,10
16019,5367,1002,6,2023-06-23,40
16020,5375,1072,8,2023-12-25,0
16021,5430,1070,1,2023-05-26,0
16022,5063,1033,1,2023-09-09,10
16023,5488,1006,5,2023-06-15,50
16024,5380,1090,1,2023-04-13,50
16025,5012,1037,3,2023-07-12,40
16026,5141,1014,9,2023-01-17,10
16027,5254,1037,7,2023-03-31,30
16028,5043,1008,6,2023-03-27,40
16029,5017,1077,8,2023-04-13,20
16030,5063,1013,8,2023-03-23,20
16031,5253,1040,6,2023-05-06,10
16032,5465,1092,4,2023-02-07,20
16033,5376,1058,4,2023-12-14,10
16034,5292,1018,4,2023-08-01,30
16035,5469,1057,6,2023-11-15,50
16036,5008,1083,1,2023-08-13,30
16037,5325,1038,2,2023-08-10,10
16038,5090,1032,6,2023-09-04,30
16039,5208,1086,1,2023-05-16,20
16040,5292,1066,9,2023-10-13,30
16041,5284,1077,6,2023-08-19,20
16042,5118,1087,7,2023-11-16,50
16043,5349,1025,1,2023-01-09,50
16044,5175,1092,8,2023-08-13,20
16045,5076,1058,5,2023-11-09,0
16046,5101,1075,5,2023-04-17,30
16047,5414,1033,6,2023-07-06,30
16048,5151,1088,7,2023-08-09,10
16049,5400,1066,7,2023-04-05,10
16050,5270,1030,5,2023-07-14,40
16051,5458,1081,1,2023-08-30,20
16052,5071,1034,9,2023-08-18,50
16053,5493,1086,6,2023-11-27,50
16054,5180,1069,9,2023-01-05,0
16055,5124,1048,4,2023-12-17,20
16056,5381,1040,2,2023-01-04,30
16057,5293,1051,3,2023-09-21,40
16058,5285,1080,4,2023-09-10,20
16059,5195,1013,8,2023-06-12,40
16060,5399,1090,3,2023-05-21,20
16061,5228,1031,8,2023-10-23,30
16062,5431,1039,6,2023-01-19,30
16063,5430,1063,4,2023-03-23,20
16064,5436,1048,7,2023-01-04,50
16065,5275,1087,5,2023-05-08,50
16066,5461,1048,5,2023-07-06,0
16067,5106,1061,9,2023-05-26,30
16068,5021,1012,3,2023-06-01,10
16069,5064,1078,4,2023-12-29,0
16070,5165,1056,5,2023-04-03,20
16071,5027,1018,1,2023-01-31,0
16072,5311,1027,7,2023-11-10,10
16073,5500,1028,8,2023-01-28,30
16074,5285,1082,6,2023-05-17,30
16075,5148,1080,9,2023-03-31,50
16076,5281,1052,3,2023-02-18,30
16077,5326,1016,2,2023-09-15,50
16078,5319,1077,5,2023-01-06,10
16079,5164,1058,9,2023-01-29,0
16080,5386,1093,1,2023-06-05,20
16081,5406,1009,1,2023-09-20,20
16082,5224,1026,3,2023-02-03,0
16083,5272,1028,3,2023-08-25,30
16084,5146,1077,5,2023-05-18,50
16085,5453,1036,4,2023-02-26,20
16086,5438,1009,6,2023-06-24,30
16087,5356,1047,8,2023-08-02,40
16088,5030,1078,8,2023-01-27,40
16089,5045,1051,4,2023-10-22,20
16090,5275,1076,1,2023-04-29,0
16091,5471,1057,7,2023-05-27,0
16092,5034,1032,6,2023-12-22,0
16093,5141,1067,5,2023-09-22,30
16094,5427,1057,4,2023-09-15,40
16095,5318,1054,6,2023-12-14,30
16096,5374,1016,8,2023-07-08,10
16097,5221,1062,6,2023-11-11,10
16098,5356,1084,3,2023-08-19,20
16099,5022,1096,9,2023-07-17,10
16100,5180,1056,3,2023-08-27,0
16101,5436,1023,4,2023-11-23,20
16102,5367,1017,5,2023-03-11,40
16103,5420,1080,2,2023-09-09,50
16104,5329,1038,2,2023-07-12,40
16105,5231,1072,6,2023-01-25,10
16106,5499,1083,2,2023-03-11,10
16107,5403,1030,1,2023-06-05,40
16108,5038,1058,8,2023-05-26,10
16109,5070,1098,1,2023-11-15,10
16110,5116,1078,6,2023-08-07,30
16111,5239,1022,1,2023-02-18,50
16112,5335,1017,8,2023-07-13,50
16113,5441,1015,5,2023-02-09,40
16114,5148,1048,3,2023-03-26,40
16115,5009,1032,5,2023-12-09,10
16116,5288,1077,1,2023-12-02,0
16117,5388,1085,1,2023-01-04,30
16118,5050,1040,4,2023-10-17,0
16119,5338,1097,9,2023-09-04,10
16120,5005,1057,9,2023-01-05,40
16121,5404,1058,1,2023-08-14,0
16122,5343,1091,3,2023-05-30,50
16123,5126,1099,4,2023-08-26,20
16124,5075,1016,2,2023-05-28,0
16125,5165,1028,7,2023-04-13,40
16126,5278,1098,3,2023-06-24,50
16127,5442,1001,1,2023-08-24,10
16128,5324,1041,1,2023-02-03,0
16129,5477,1048,3,2023-06-21,10
16130,5300,1031,6,2023-01-06,30
16131,5290,1036,4,2023-10-12,20
16132,5077,1033,1,2023-08-13,40
16133,5298,1033,7,2023-02-22,40
16134,5137,1082,2,2023-09-14,10
16135,5106,1023,5,2023-02-28,20
16136,5095,1060,8,2023-09-03,50
16137,5135,1087,7,2023-01-07,40
16138,5068,1079,8,2023-08-02,0
16139,5147,1090,6,2023-03-19,40
16140,5490,1030,7,2023-07-08,0
16141,5478,1089,9,2023-11-03,40
16142,5159,1045,6,2023-08-04,0
16143,5384,1080,9,2023-10-10,30
16144,5163,1039,2,2023-11-15,10
16145,5441,1045,2,2023-03-02,50
16146,5341,1078,2,2023-03-02,50
16147,5189,1081,6,2023-08-03,30
16148,5415,1012,2,2023-02-14,50
16149,5339,1093,3,2023-06-21,0
16150,5095,1032,8,2023-08-09,50
16151,5181,1056,8,2023-04-05,10
16152,5288,1024,4,2023-12-13,20
16153,5322,1013,9,2023-02-13,0
16154,5187,1020,8,2023-08-16,50
16155,5372,1079,1,2023-03-03,40
16156,5138,1056,8,2023-11-13,40
16157,5130,1053,1,2023-08-07,20
16158,5194,1068,4,2023-12-01,30
16159,5316,1054,6,2023-03-30,0
16160,5472,1034,7,2023-04-22,40
16161,5273,1028,4,2023-07-26,10
16162,5352,1050,8,2023-11-02,20
16163,5144,1002,8,2023-07-22,30
16164,5016,1094,9,2023-10-24,30
16165,5302,1026,6,2023-02-02,10
16166,5423,1051,4,2023-08-03,50
16167,5245,1047,2,2023-01-12,10
16168,5415,1026,7,2023-01-02,50
16169,5107,1084,3,2023-12-29,20
16170,5088,1092,3,2023-05-29,10
16171,5129,1084,3,2023-05-22,40
16172,5395,1075,4,2023-10-17,30
16173,5375,1074,2,2023-07-26,50
16174,5341,1061,5,2023-12-07,10
16175,5004,1023,3,2023-07-11,0
16176,5327,1037,5,2023-12-07,10
16177,5410,1041,7,2023-11-02,50
16178,5367,1052,9,2023-09-09,30
16179,5306,1083,2,2023-07-23,40
16180,5396,1082,9,2023-12-28,10
16181,5095,1049,6,2023-02-15,40
16182,5209,1027,6,2023-09-18,0
16183,5225,1006,3,2023-03-07,50
16184,5459,1074,9,2023-05-30,30
16185,5348,1066,4,2023-03-11,20
16186,5480,1024,5,2023-12-30,30
16187,5321,1038,3,2023-01-02,50
16188,5047,1028,5,2023-01-29,20
16189,5476,1028,8,2023-09-13,20
16190,5181,1066,8,2023-03-02,30
16191,5106,1061,8,2023-04-10,50
16192,5199,1046,6,2023-05-24,20
16193,5386,1069,1,2023-07-11,50
16194,5106,1075,6,2023-12-19,40
16195,5280,1074,7,2023-12-19,0
16196,5260,1043,9,2023-09-27,10
16197,5108,1059,8,2023-10-26,50
16198,5019,1002,8,2023-11-22,50
16199,5410,1015,7,2023-11-07,20
16200,5459,1037,2,2023-07-23,50
16201,5296,1071,1,2023-09-02,50
16202,5306,1020,2,2023-01-31,20
16203,5171,1098,6,2023-11-28,30
16204,5331,1035,2,2023-02-21,50
16205,5493,1034,4,2023-08-31,40
16206,5195,1086,3,2023-09-20,10
16207,5012,1031,6,2023-06-23,50
16208,5195,1087,8,2023-04-10,20
16209,5490,1019,6,2023-03-02,40
16210,5283,1068,2,2023-12-26,10
16211,5369,1024,5,2023-07-07,30
16212,5182,1084,6,2023-01-07,50
16213,5450,1039,9,2023-07-08,20
16214,5305,1092,6,2023-03-24,30
16215,5144,1054,5,2023-12-17,50
16216,5386,1039,1,2023-10-10,30
16217,5316,1017,5,2023-05-04,20
16218,5182,1019,5,2023-06-06,40
16219,5030,1048,6,2023-03-28,40
16220,5084,1035,7,2023-05-28,30
16221,5166,1032,4,2023-03-11,30
16222,5284,1047,7,2023-03-17,50
16223,5281,1047,5,2023-04-24,0
16224,5096,1064,6,2023-01-03,10
16225,5381,1046,4,2023-08-22,50
16226,5266,1035,8,2023-06-16,30
16227,5444,1094,9,2023-04-09,30
16228,5298,1017,2,2023-05-04,10
16229,5296,1042,4,2023-02-14,20
16230,5225,1029,8,2023-11-20,40
16231,5333,1070,8,2023-10-14,20
16232,5361,1017,9,2023-04-16,10
16233,5374,1081,3,2023-10-21,10
16234,5042,1014,1,2023-05-14,0
16235,5303,1024,9,2023-01-08,50
16236,5421,1057,1,2023-01-28,50
16237,5246,1050,3,2023-09-28,50
16238,5208,1057,3,2023-08-11,50
16239,5237,1061,9,2023-01-08,0
16240,5022,1039,1,2023-11-06,40
16241,5185,1055,7,2023-05-14,50
16242,5468,1096,2,2023-01-29,30
16243,5242,1036,7,2023-04-25,10
16244,5363,1037,1,2023-02-03,0
16245,5283,1014,8,2023-01-07,20
16246,5041,1027,2,2023-02-09,50
16247,5336,1083,3,2023-11-26,0
16248,5162,1031,8,2023-03-03,20
16249,5160,1073,3,2023-03-27,0
16250,5474,1081,1,2023-08-01,20
16251,5089,1083,9,2023-04-26,0
16252,5322,1044,8,2023-03-06,0
16253,5012,1068,4,2023-10-24,50
16254,5424,1048,8,2023-06-19,40
16255,5073,1057,5,2023-04-26,30
16256,5076,1075,3,2023-11-18,10
16257,5346,1022,1,2023-04-26,30
16258,5201,1004,5,2023-08-09,40
16259,5010,1081,6,2023-12-23,50
16260,5352,1072,4,2023-02-19,20
16261,5226,1046,7,2023-11-23,30
16262,5176,1059,3,2023-12-02,10
16263,5276,1034,7,2023-03-20,50
16264,5039,1011,1,2023-01-20,10
16265,5060,1031,7,2023-02-06,20
16266,5066,1011,1,2023-09-16,10
16267,5321,1056,1,2023-04-03,40
16268,5435,1038,2,2023-07-06,30
16269,5124,1021,2,2023-12-23,10
16270,5164,1094,4,2023-07-20,30
16271,5408,1010,1,2023-10-15,0
16272,5411,1026,4,2023-02-17,30
16273,5386,1091,2,2023-09-10,20
16274,5159,1008,4,2023-02-15,40
16275,5057,1008,4,2023-08-19,50
16276,5078,1060,9,2023-04-05,10
16277,5194,1072,9,2023-10-30,50
16278,5285,1034,1,2023-08-06,40
16279,5015,1016,5,2023-02-09,30
16280,5012,1013,7,2023-07-22,10
16281,5101,1087,4,2023-04-26,40
16282,5156,1076,5,2023-04-01,20
16283,5340,1091,2,2023-02-27,0
16284,5125,1022,3,2023-01-10,0
16285,5359,1096,7,2023-09-13,20
16286,5280,1027,7,2023-11-13,50
16287,5405,1064,4,2023-09-06,0
16288,5394,1002,1,2023-11-13,20
16289,5110,1097,1,2023-01-06,30
16290,5334,1026,4,2023-11-27,50
16291,5357,1092,4,2023-07-07,50
16292,5146,1083,6,2023-08-23,20
16293,5216,1069,7,2023-07-02,0
16294,5398,1097,9,2023-10-14,30
16295,5162,1084,9,2023-05-03,50
16296,5128,1030,5,2023-06-07,20
16297,5314,1008,3,2023-11-19,20
16298,5332,1038,3,2023-01-13,50
16299,5150,1061,6,2023-11-11,50
16300,5454,1081,1,2023-02-23,30
16301,5036,1065,7,2023-12-26,50
16302,5173,1067,3,2023-10-04,10
16303,5420,1046,5,2023-02-12,0
16304,5022,1090,7,2023-09-24,50
16305,5206,1095,7,2023-04-19,10
16306,5127,1072,9,2023-11-19,30
16307,5336,1043,1,2023-06-15,30
16308,5445,1059,3,2023-12-17,40
16309,5356,1046,9,2023-04-16,40
16310,5440,1072,8,2023-02-20,30
16311,5217,1035,2,2023-07-23,40
16312,5096,1039,8,2023-10-29,20
16313,5417,1092,8,2023-02-12,10
16314,5429,1051,2,2023-10-10,30
16315,5164,1004,8,2023-03-26,20
16316,5148,1080,3,2023-08-05,0
16317,5018,1077,7,2023-06-07,0
16318,5294,1084,9,2023-12-16,40
16319,5195,1051,4,2023-05-07,40
16320,5151,1005,6,2023-07-10,20
16321,5480,1055,9,2023-09-23,0
16322,5365,1020,5,2023-03-01,50
16323,5123,1024,1,2023-10-10,30
16324,5400,1036,3,2023-03-03,50
16325,5187,1034,9,2023-10-29,10
16326,5453,1054,3,2023-05-06,40
16327,5452,1034,2,2023-06-21,20
16328,5149,1083,4,2023-03-04,50
16329,5104,1017,5,2023-09-17,40
16330,5243,1005,7,2023-01-16,20
16331,5462,1089,7,2023-06-28,0
16332,5231,1018,9,2023-11-26,40
16333,5479,1055,8,2023-04-11,50
16334,5206,1053,2,2023-06-25,20
16335,5198,1050,8,2023-07-12,20
16336,5396,1072,8,2023-10-28,50
16337,5400,1091,5,2023-09-30,40
16338,5337,1079,3,2023-09-18,10
16339,5493,1045,9,2023-06-24,30
16340,5087,1013,7,2023-08-22,0
16341,5142,1016,1,2023-10-27,50
16342,5317,1086,8,2023-08-04,50
16343,5199,1084,5,2023-09-04,40
16344,5046,1013,6,2023-01-21,40
16345,5288,1020,9,2023-11-20,10
16346,5015,1066,8,2023-08-31,0
16347,5044,1099,3,2023-10-15,40
16348,5401,1047,5,2023-10-07,10
16349,5169,1019,4,2023-09-01,50
16350,5310,1045,1,2023-06-12,30
16351,5495,1037,5,2023-05-26,20
16352,5044,1054,7,2023-03-08,30
16353,5098,1006,1,2023-04-13,30
16354,5261,1014,4,2023-11-06,30
16355,5109,1004,6,2023-05-05,30
16356,5283,1086,9,2023-04-27,20
16357,5372,1055,8,2023-09-08,50
16358,5343,1100,2,2023-11-17,0
16359,5104,1034,3,2023-08-14,0
16360,5256,1027,5,2023-07-07,50
16361,5379,1007,7,2023-07-06,10
16362,5206,1003,3,2023-03-17,10
16363,5335,1047,7,2023-09-30,40
16364,5043,1097,5,2023-05-29,30
16365,5353,1002,6,2023-07-14,30
16366,5245,1080,6,2023-12-30,20
16367,5287,1025,4,2023-10-11,30
16368,5355,1060,8,2023-02-13,20
16369,5273,1079,9,2023-06-19,40
16370,5476,1024,2,2023-04-04,10
16371,5083,1015,9,2023-08-12,10
16372,5110,1095,4,2023-10-05,40
16373,5438,1014,6,2023-02-07,40
16374,5190,1054,7,2023-09-27,50
16375,5471,1078,4,2023-08-23,30
16376,5288,1006,8,2023-04-21,10
16377,5424,1078,8,2023-06-17,0
16378,5397,1081,1,2023-02-23,40
16379,5251,1018,8,2023-05-07,10
16380,5212,1020,3,2023-10-02,10
16381,5291,1062,5,2023-02-11,20
16382,5133,1081,8,2023-02-10,10
16383,5201,1080,6,2023-02-19,40
16384,5285,1040,4,2023-06-08,30
16385,5326,1039,4,2023-11-28,10
16386,5409,1052,4,2023-07-01,0
16387,5095,1032,6,2023-06-30,40
16388,5278,1073,7,2023-06-15,30
16389,5450,1027,5,2023-08-20,50
16390,5429,1052,8,2023-07-25,30
16391,5325,1097,7,2023-12-21,40
16392,5219,1063,8,2023-02-19,50
16393,5089,1074,4,2023-05-26,30
16394,5072,1063,8,2023-10-25,0
16395,5247,1017,6,2023-05-25,10
16396,5129,1049,3,2023-01-16,40
16397,5212,1100,8,2023-03-26,10
16398,5428,1081,7,2023-08-04,10
16399,5343,1082,5,2023-02-21,30
16400,5096,1023,4,2023-02-05,40
16401,5075,1098,1,2023-04-17,10
16402,5423,1072,3,2023-08-07,20
16403,5495,1013,2,2023-12-03,0
16404,5054,1023,8,2023-10-25,50
16405,5344,1057,8,2023-09-11,30
16406,5459,1062,5,2023-03-09,40
16407,5413,1054,5,2023-07-06,40
16408,5054,1020,4,2023-05-04,30
16409,5218,1086,1,2023-01-30,10
16410,5016,1052,1,2023-07-04,30
16411,5099,1023,6,2023-10-16,40
16412,5020,1035,4,2023-12-25,20
16413,5046,1067,4,2023-02-22,10
16414,5451,1034,3,2023-06-26,50
16415,5193,1033,9,2023-05-13,30
16416,5383,1046,3,2023-12-28,40
16417,5058,1081,8,2023-03-18,50
16418,5437,1045,2,2023-12-16,40
16419,5111,1019,4,2023-03-01,40
16420,5129,1094,1,2023-11-07,20
16421,5337,1087,5,2023-04-01,10
16422,5194,1015,2,2023-10-25,30
16423,5413,1078,1,2023-11-21,10
16424,5340,1066,1,2023-10-07,40
16425,5326,1039,2,2023-07-18,20
16426,5008,1018,5,2023-04-28,50
16427,5029,1070,9,2023-07-02,20
16428,5112,1059,6,2023-02-24,40
16429,5435,1032,4,2023-09-28,10
16430,5161,1021,3,2023-01-05,50
16431,5131,1040,8,2023-04-11,10
16432,5188,1092,3,2023-10-13,20
16433,5163,1027,1,2023-02-22,50
16434,5197,1002,4,2023-08-06,0
16435,5475,1097,5,2023-11-25,20
16436,5364,1080,5,2023-10-13,50
16437,5204,1039,5,2023-08-28,20
16438,5212,1086,8,2023-08-02,30
16439,5109,1056,8,2023-04-14,20
16440,5276,1013,4,2023-12-27,0
16441,5073,1056,9,2023-12-30,50
16442,5167,1066,1,2023-08-10,50
16443,5260,1078,5,2023-12-06,20
16444,5243,1056,5,2023-12-14,10
16445,5275,1028,5,2023-07-08,30
16446,5102,1064,8,2023-11-23,30
16447,5475,1071,9,2023-11-20,20
16448,5173,1082,3,2023-11-07,30
16449,5171,1064,9,2023-04-09,30
16450,5141,1056,8,2023-04-07,20
16451,5397,1041,3,2023-11-23,0
16452,5188,1100,2,2023-03-14,50
16453,5441,1041,4,2023-09-13,20
16454,5086,1100,2,2023-08-19,10
16455,5476,1004,4,2023-06-19,40
16456,5052,1057,5,2023-11-29,0
16457,5111,1030,2,2023-06-06,20
16458,5437,1088,8,2023-08-10,0
16459,5365,1084,1,2023-12-30,40
16460,5342,1046,3,2023-12-12,30
16461,5043,1056,7,2023-04-09,30
16462,5211,1031,1,2023-08-08,40
16463,5456,1088,2,2023-09-01,30
16464,5500,1007,3,2023-09-16,0
16465,5200,1090,2,2023-07-13,30
16466,5298,1077,2,2023-05-30,40
16467,5346,1054,6,2023-06-04,40
16468,5240,1008,7,2023-01-22,50
16469,5115,1055,6,2023-04-26,40
16470,5026,1069,6,2023-04-23,10
16471,5407,1044,9,2023-07-30,0
16472,5299,1013,8,2023-01-24,40
16473,5077,1093,8,2023-10-10,50
16474,5412,1020,6,2023-10-19,0
16475,5137,1078,5,2023-12-29,50
16476,5020,1032,9,2023-02-25,10
16477,5440,1060,2,2023-09-23,0
16478,5211,1050,7,2023-02-23,20
16479,5240,1027,6,2023-12-03,10
16480,5039,1025,7,2023-04-18,10
16481,5435,1052,4,2023-07-21,30
16482,5268,1068,9,2023-07-21,40
16483,5207,1021,7,2023-12-03,10
16484,5479,1018,2,2023-08-06,0
16485,5439,1039,4,2023-08-31,20
16486,5462,1015,5,2023-12-20,0
16487,5267,1053,2,2023-06-27,0
16488,5154,1038,8,2023-03-02,20
16489,5042,1048,1,2023-02-05,50
16490,5411,1052,3,2023-12-24,30
16491,5011,1088,1,2023-02-15,40
16492,5294,1072,5,2023-04-05,10
16493,5098,1028,8,2023-11-23,40
16494,5427,1085,7,2023-02-13,30
16495,5275,1016,9,2023-11-16,50
16496,5448,1016,2,2023-08-14,20
16497,5390,1035,8,2023-05-26,40
16498,5430,1017,8,2023-09-26,0
16499,5372,1073,6,2023-01-13,10
16500,5230,1099,3,2023-01-25,10
16501,5369,1052,2,2023-09-18,50
16502,5426,1093,8,2023-05-08,30
16503,5220,1082,6,2023-02-08,30
16504,5065,1012,4,2023-06-06,20
16505,5355,1083,5,2023-12-30,30
16506,5232,1048,5,2023-07-04,40
16507,5328,1022,9,2023-06-23,10
16508,5443,1049,9,2023-07-05,20
16509,5052,1052,8,2023-10-08,30
16510,5374,1079,8,2023-03-15,0
16511,5431,1001,2,2023-10-22,10
16512,5376,1066,3,2023-01-16,20
16513,5263,1064,8,2023-07-07,10
16514,5267,1008,5,2023-06-21,40
16515,5359,1086,7,2023-07-05,50
16516,5317,1025,8,2023-02-01,30
16517,5324,1066,6,2023-03-04,50
16518,5409,1073,5,2023-12-15,30
16519,5396,1073,8,2023-10-28,30
16520,5154,1077,1,2023-11-05,0
16521,5358,1070,1,2023-07-08,40
16522,5366,1094,1,2023-11-02,0
16523,5140,1079,3,2023-01-26,40
16524,5427,1051,6,2023-12-12,40
16525,5051,1053,6,2023-02-08,40
16526,5117,1015,5,2023-07-12,30
16527,5421,1050,7,2023-06-12,30
16528,5046,1071,5,2023-02-22,30
16529,5309,1075,2,2023-06-23,0
16530,5088,1038,4,2023-07-15,20
16531,5208,1040,1,2023-07-30,50
16532,5377,1066,7,2023-10-05,40
16533,5269,1039,4,2023-07-07,0
16534,5089,1074,4,2023-11-04,30
16535,5381,1017,4,2023-11-27,50
16536,5118,1007,3,2023-08-02,30
16537,5054,1039,8,2023-11-25,20
16538,5441,1068,4,2023-01-29,30
16539,5116,1035,8,2023-06-20,40
16540,5118,1051,9,2023-05-02,10
16541,5260,1047,1,2023-06-08,50
16542,5075,1036,4,2023-03-27,30
16543,5480,1064,6,2023-10-29,20
16544,5305,1095,8,2023-01-04,50
16545,5007,1089,6,2023-01-02,10
16546,5366,1013,6,2023-05-13,50
16547,5122,1018,4,2023-10-29,40
16548,5011,1021,9,2023-03-20,40
16549,5348,1065,7,2023-05-27,40
16550,5438,1100,6,2023-06-15,20
16551,5489,1008,1,2023-11-11,10
16552,5215,1048,2,2023-08-26,40
16553,5429,1085,6,2023-11-24,30
16554,5279,1043,1,2023-10-03,10
16555,5498,1053,5,2023-07-23,40
16556,5028,1085,1,2023-02-22,10
16557,5235,1027,3,2023-04-17,50
16558,5367,1019,7,2023-02-24,30
16559,5313,1023,5,2023-09-03,0
16560,5026,1050,1,2023-06-13,40
16561,5409,1051,1,2023-01-15,30
16562,5054,1043,8,2023-01-01,20
16563,5029,1099,9,2023-12-17,50
16564,5467,1051,7,2023-05-17,40
16565,5353,1069,3,2023-05-31,0
16566,5164,1041,6,2023-06-29,50
16567,5270,1072,3,2023-08-20,30
16568,5334,1011,4,2023-07-07,50
16569,5035,1080,4,2023-01-18,30
16570,5286,1088,3,2023-08-13,10
16571,5348,1085,6,2023-04-15,40
16572,5273,1052,5,2023-07-25,0
16573,5451,1023,9,2023-07-05,20
16574,5208,1049,9,2023-03-06,10
16575,5238,1038,3,2023-11-29,40
16576,5414,1047,9,2023-07-26,0
16577,5500,1072,3,2023-08-17,10
16578,5093,1007,4,2023-03-10,0
16579,5173,1066,1,2023-05-22,50
16580,5079,1094,5,2023-07-25,0
16581,5110,1077,9,2023-06-23,10
16582,5217,1062,2,2023-07-16,10
16583,5435,1087,4,2023-11-27,40
16584,5358,1029,2,2023-11-03,10
16585,5106,1038,8,2023-07-16,50
16586,5047,1084,9,2023-08-16,40
16587,5181,1033,3,2023-09-28,0
16588,5064,1029,9,2023-07-18,10
16589,5246,1079,6,2023-11-21,40
16590,5244,1023,6,2023-01-15,40
16591,5422,1003,7,2023-10-13,20
16592,5320,1093,5,2023-11-30,40
16593,5087,1045,6,2023-08-04,40
16594,5217,1008,1,2023-02-04,20
16595,5490,1086,3,2023-03-10,30
16596,5007,1029,9,2023-07-31,50
16597,5278,1002,5,2023-02-15,10
16598,5337,1050,5,2023-09-05,20
16599,5210,1065,8,2023-03-26,40
16600,5497,1020,2,2023-02-17,40
16601,5169,1052,7,2023-08-19,10
16602,5330,1085,9,2023-03-08,50
16603,5138,1037,7,2023-03-30,0
16604,5441,1072,5,2023-08-07,20
16605,5391,1027,6,2023-02-21,30
16606,5496,1047,4,2023-01-22,10
16607,5381,1099,7,2023-04-09,10
16608,5306,1006,1,2023-05-11,20
16609,5230,1060,4,2023-03-29,40
16610,5475,1045,3,2023-05-16,40
16611,5308,1044,4,2023-02-08,30
16612,5161,1083,1,2023-01-18,20
16613,5001,1018,2,2023-04-15,10
16614,5236,1065,9,2023-05-26,20
16615,5437,1025,7,2023-12-02,0
16616,5188,1027,6,2023-08-12,10
16617,5418,1007,2,2023-04-27,30
16618,5004,1044,1,2023-01-01,30
16619,5401,1029,2,2023-04-27,10
16620,5132,1095,7,2023-01-26,40
16621,5427,1044,2,2023-01-12,10
16622,5218,1036,3,2023-10-21,10
16623,5260,1019,8,2023-12-07,0
16624,5001,1006,7,2023-06-18,10
16625,5071,1025,9,2023-02-22,50
16626,5478,1031,4,2023-09-26,50
16627,5178,1009,7,2023-09-05,20
16628,5457,1084,1,2023-05-08,20
16629,5189,1074,2,2023-03-17,30
16630,5291,1037,7,2023-09-26,40
16631,5008,1027,2,2023-05-26,30
16632,5253,1013,6,2023-02-17,0
16633,5408,1041,9,2023-07-18,10
16634,5467,1066,5,2023-03-12,30
16635,5292,1085,7,2023-04-02,10
16636,5434,1097,1,2023-07-28,30
16637,5244,1024,8,2023-12-08,10
16638,5123,1044,9,2023-12-05,30
16639,5299,1098,5,2023-02-17,50
16640,5283,1060,6,2023-01-29,50
16641,5032,1009,8,2023-06-25,50
16642,5334,1002,4,2023-01-19,20
16643,5377,1056,2,2023-12-21,0
16644,5146,1030,8,2023-02-16,30
16645,5156,1022,2,2023-12-11,20
16646,5413,1075,5,2023-03-01,40
16647,5016,1081,6,2023-06-25,30
16648,5355,1100,5,2023-09-12,10
16649,5047,1013,6,2023-08-17,0
16650,5251,1071,6,2023-05-27,20
16651,5187,1016,3,2023-10-25,20
16652,5031,1097,3,2023-11-29,0
16653,5260,1045,9,2023-08-27,30
16654,5421,1065,3,2023-11-28,10
16655,5017,1011,3,2023-07-07,40
16656,5039,1070,2,2023-11-20,30
16657,5304,1020,7,2023-12-01,0
16658,5430,1099,4,2023-07-28,30
16659,5474,1063,1,2023-03-16,30
16660,5432,1090,6,2023-07-02,0
16661,5039,1012,5,2023-03-28,0
16662,5489,1062,2,2023-09-28,40
16663,5132,1094,6,2023-06-29,0
16664,5030,1092,1,2023-09-02,0
16665,5158,1091,3,2023-12-12,0
16666,5278,1042,4,2023-01-07,20
16667,5203,1083,3,2023-09-26,0
16668,5066,1069,6,2023-01-13,0
16669,5108,1058,4,2023-08-14,0
16670,5268,1005,1,2023-09-23,40
16671,5222,1027,5,2023-08-30,30
16672,5292,1028,5,2023-06-29,0
16673,5018,1026,9,2023-06-29,0
16674,5090,1091,8,2023-05-06,40
16675,5181,1049,8,2023-10-10,30
16676,5255,1021,5,2023-12-22,40
16677,5455,1001,8,2023-07-09,50
16678,5253,1092,7,2023-01-16,10
16679,5257,1058,1,2023-11-11,10
16680,5383,1079,7,2023-01-21,10
16681,5442,1055,8,2023-01-16,0
16682,5346,1081,3,2023-09-26,40
16683,5087,1026,9,2023-02-02,0
16684,5090,1084,8,2023-07-01,10
16685,5237,1025,2,2023-03-10,30
16686,5390,1077,6,2023-02-21,30
16687,5070,1033,4,2023-03-06,50
16688,5044,1089,3,2023-10-27,40
16689,5200,1072,6,2023-12-01,50
16690,5152,1069,9,2023-08-16,30
16691,5086,1006,2,2023-08-10,10
16692,5019,1023,5,2023-09-29,50
16693,5101,1030,6,2023-01-18,50
16694,5402,1078,4,2023-08-06,50
16695,5095,1054,7,2023-09-30,40
16696,5254,1087,2,2023-11-04,40
16697,5357,1011,7,2023-06-22,10
16698,5030,1031,2,2023-02-25,10
16699,5249,1006,1,2023-12-15,10
16700,5426,1011,5,2023-01-09,50
16701,5033,1077,2,2023-10-10,10
16702,5458,1012,8,2023-10-20,40
16703,5229,1066,8,2023-01-22,30
16704,5012,1053,1,2023-03-13,10
16705,5118,1099,4,2023-12-21,20
16706,5350,1036,9,2023-11-24,40
16707,5155,1017,5,2023-06-21,0
16708,5423,1028,6,2023-05-03,30
16709,5393,1092,3,2023-04-01,40
16710,5246,1022,5,2023-08-12,10
16711,5405,1007,1,2023-10-19,50
16712,5332,1015,8,2023-12-20,20
16713,5247,1096,6,2023-09-09,0
16714,5029,1011,2,2023-10-25,30
16715,5161,1024,4,2023-09-13,10
16716,5235,1067,4,2023-01-13,40
16717,5190,1030,9,2023-12-01,40
16718,5117,1070,9,2023-04-28,30
16719,5271,1066,5,2023-06-27,20
16720,5258,1061,3,2023-11-04,50
16721,5180,1078,1,2023-06-10,10
16722,5487,1041,6,2023-04-05,30
16723,5373,1082,8,2023-11-10,30
16724,5172,1051,1,2023-06-17,40
16725,5438,1044,1,2023-03-28,30
16726,5274,1095,7,2023-01-03,0
16727,5259,1013,7,2023-01-16,0
16728,5135,1090,2,2023-05-10,10
16729,5171,1012,3,2023-01-23,30
16730,5210,1082,2,2023-04-08,40
16731,5236,1009,6,2023-06-07,50
16732,5422,1085,8,2023-08-27,10
16733,5421,1048,8,2023-01-10,20
16734,5186,1049,1,2023-11-17,40
16735,5417,1053,9,2023-01-22,20
16736,5364,1056,8,2023-11-04,10
16737,5443,1040,9,2023-07-03,0
16738,5095,1024,9,2023-08-05,40
16739,5378,1098,6,2023-08-02,50
16740,5011,1072,3,2023-12-02,40
16741,5068,1033,1,2023-06-07,10
16742,5379,1023,8,2023-07-29,40
16743,5210,1077,3,2023-05-13,40
16744,5196,1054,7,2023-02-22,10
16745,5369,1053,6,2023-08-17,30
16746,5098,1049,3,2023-07-02,10
16747,5093,1078,6,2023-01-23,40
16748,5472,1078,3,2023-04-16,50
16749,5022,1080,9,2023-04-01,50
16750,5450,1049,1,2023-04-29,10
16751,5172,1060,8,2023-05-18,40
16752,5383,1090,5,2023-04-30,20
16753,5134,1090,4,2023-06-10,20
16754,5426,1065,1,2023-07-27,0
16755,5025,1032,9,2023-12-15,10
16756,5185,1079,9,2023-11-14,10
16757,5085,1021,5,2023-12-04,20
16758,5055,1018,9,2023-06-04,20
16759,5251,1094,9,2023-09-20,20
16760,5144,1060,7,2023-12-22,50
16761,5351,1013,8,2023-06-04,50
16762,5398,1024,1,2023-11-26,0
16763,5167,1030,4,2023-11-09,0
16764,5412,1002,4,2023-10-13,30
16765,5224,1083,9,2023-09-16,50
16766,5220,1025,3,2023-06-06,10
16767,5179,1050,1,2023-01-14,0
16768,5119,1014,5,2023-03-18,40
16769,5433,1006,7,2023-12-05,10
16770,5265,1076,4,2023-12-01,30
16771,5442,1084,9,2023-08-08,20
16772,5429,1087,6,2023-08-20,30
16773,5150,1030,6,2023-10-21,10
16774,5416,1030,3,2023-05-22,20
16775,5453,1038,5,2023-09-08,30
16776,5215,1058,6,2023-10-23,30
16777,5197,1094,4,2023-05-20,10
16778,5042,1041,3,2023-05-22,0
16779,5053,1094,5,2023-05-09,40
16780,5480,1057,7,2023-11-20,30
16781,5443,1036,6,2023-11-01,40
16782,5330,1064,2,2023-01-18,50
16783,5251,1098,1,2023-08-31,50
16784,5295,1016,5,2023-06-13,10
16785,5378,1088,5,2023-11-16,10
16786,5271,1078,6,2023-04-06,0
16787,5455,1090,3,2023-01-28,20
16788,5413,1072,1,2023-08-18,40
16789,5123,1014,4,2023-01-25,30
16790,5367,1031,4,2023-06-24,20
16791,5387,1066,2,2023-06-10,50
16792,5339,1068,8,2023-01-30,50
16793,5266,1065,6,2023-06-14,40
16794,5348,1055,3,2023-07-27,40
16795,5029,1084,1,2023-04-12,20
16796,5463,1078,3,2023-04-16,20
16797,5035,1040,8,2023-11-26,0
16798,5006,1025,4,2023-03-10,30
16799,5396,1025,3,2023-01-08,30
16800,5111,1003,4,2023-05-03,30
16801,5294,1069,4,2023-12-19,50
16802,5077,1026,2,2023-04-11,50
16803,5349,1040,4,2023-01-01,20
16804,5147,1038,9,2023-12-17,0
16805,5067,1038,4,2023-01-07,10
16806,5392,1068,1,2023-11-14,0
16807,5008,1007,1,2023-04-21,50
16808,5122,1094,1,2023-12-09,20
16809,5340,1030,5,2023-07-05,0
16810,5175,1019,6,2023-08-04,20
16811,5388,1035,6,2023-12-09,40
16812,5179,1033,6,2023-05-03,40
16813,5085,1033,9,2023-07-20,10
16814,5451,1078,1,2023-01-08,50
16815,5045,1038,6,2023-03-05,40
16816,5136,1010,8,2023-05-16,10
16817,5343,1057,8,2023-07-05,30
16818,5016,1028,3,2023-05-07,20
16819,5333,1078,5,2023-02-18,30
16820,5195,1100,4,2023-06-15,30
16821,5496,1038,1,2023-05-07,10
16822,5009,1016,9,2023-10-29,20
16823,5316,1021,5,2023-11-17,10
16824,5334,1092,2,2023-06-26,0
16825,5333,1097,2,2023-07-22,30
16826,5327,1006,7,2023-06-06,20
16827,5015,1041,4,2023-12-12,30
16828,5327,1015,1,2023-08-07,0
16829,5102,1003,5,2023-10-12,50
16830,5226,1043,2,2023-10-16,0
16831,5425,1047,7,2023-01-28,50
16832,5278,1099,9,2023-12-17,20
16833,5408,1014,1,2023-03-24,20
16834,5113,1066,2,2023-04-22,0
16835,5485,1029,6,2023-06-03,30
16836,5428,1004,8,2023-01-29,40
16837,5001,1026,7,2023-08-01,30
16838,5266,1012,9,2023-04-12,40
16839,5491,1002,2,2023-12-26,10
16840,5208,1017,9,2023-08-02,20
16841,5110,1035,4,2023-10-31,0
16842,5200,1010,3,2023-06-04,10
16843,5440,1086,7,2023-07-19,30
16844,5369,1043,5,2023-06-17,40
16845,5473,1021,5,2023-08-26,50
16846,5306,1015,2,2023-06-08,20
16847,5012,1035,6,2023-07-12,40
16848,5345,1085,6,2023-06-16,30
16849,5465,1085,4,2023-08-14,30
16850,5188,1085,5,2023-09-08,0
16851,5154,1060,7,2023-10-07,10
16852,5494,1044,8,2023-08-09,20
16853,5368,1096,6,2023-01-23,0
16854,5334,1005,5,2023-07-08,40
16855,5425,1073,3,2023-09-29,10
16856,5420,1018,7,2023-01-27,20
16857,5377,1021,8,2023-07-29,40
16858,5279,1072,3,2023-02-04,20
16859,5171,1098,5,2023-07-17,20
16860,5134,1074,2,2023-06-23,50
16861,5495,1051,4,2023-08-06,50
16862,5453,1041,4,2023-02-25,10
16863,5427,1024,8,2023-06-01,50
16864,5025,1024,3,2023-02-07,40
16865,5018,1096,5,2023-07-17,50
16866,5190,1097,5,2023-01-09,0
16867,5141,1038,2,2023-06-27,0
16868,5043,1044,9,2023-11-21,0
16869,5334,1057,4,2023-06-25,20
16870,5284,1059,9,2023-09-18,30
16871,5146,1034,9,2023-03-25,10
16872,5315,1075,2,2023-05-19,0
16873,5444,1095,9,2023-08-30,10
16874,5319,1082,9,2023-11-12,50
16875,5441,1023,2,2023-06-04,20
16876,5092,1086,6,2023-08-09,10
16877,5179,1043,9,2023-05-15,0
16878,5056,1082,4,2023-07-07,0
16879,5155,1040,2,2023-06-27,20
16880,5160,1047,7,2023-03-08,20
16881,5111,1041,9,2023-03-10,40
16882,5137,1047,6,2023-03-18,20
16883,5232,1020,4,2023-01-12,30
16884,5480,1077,1,2023-10-10,30
16885,5468,1065,4,2023-09-03,0
16886,5220,1068,3,2023-08-25,50
16887,5481,1024,7,2023-09-09,20
16888,5068,1100,5,2023-07-26,30
16889,5302,1036,3,2023-12-07,30
16890,5249,1045,2,2023-04-18,40
16891,5482,1002,2,2023-07-28,50
16892,5496,1028,5,2023-11-07,50
16893,5323,1026,8,2023-11-04,20
16894,5410,1023,8,2023-10-20,40
16895,5392,1079,5,2023-04-23,50
16896,5006,1036,2,2023-01-15,50
16897,5464,1091,4,2023-12-06,10
16898,5280,1006,7,2023-03-24,40
16899,5432,1035,6,2023-03-06,50
16900,5487,1038,7,2023-01-03,10
16901,5094,1035,5,2023-12-27,10
16902,5429,1100,2,2023-08-24,50
16903,5269,1074,8,2023-05-09,20
16904,5197,1094,2,2023-09-04,10
16905,5025,1053,8,2023-08-23,10
16906,5148,1038,7,2023-01-30,40
16907,5118,1093,3,2023-03-12,20
16908,5338,1059,4,2023-05-28,20
16909,5367,1043,7,2023-04-03,10
16910,5338,1004,4,2023-10-10,40
16911,5066,1005,9,2023-08-05,40
16912,5458,1068,7,2023-08-26,40
16913,5301,1100,1,2023-08-15,40
16914,5370,1045,1,2023-08-07,0
16915,5175,1080,4,2023-11-15,50
16916,5319,1025,9,2023-12-03,10
16917,5076,1078,4,2023-01-31,10
16918,5495,1011,5,2023-04-24,10
16919,5461,1029,1,2023-04-12,20
16920,5114,1034,2,2023-04-03,20
16921,5111,1086,4,2023-07-26,40
16922,5249,1014,4,2023-08-17,50
16923,5439,1024,6,2023-03-12,20
16924,5203,1059,6,2023-12-08,30
16925,5147,1039,8,2023-05-16,10
16926,5035,1026,9,2023-10-11,10
16927,5487,1043,1,2023-12-04,0
16928,5309,1036,1,2023-12-17,0
16929,5026,1039,6,2023-01-17,30
16930,5238,1061,4,2023-08-03,0
16931,5014,1016,4,2023-09-01,50
16932,5374,1059,1,2023-04-05,40
16933,5045,1096,9,2023-05-01,40
16934,5428,1006,3,2023-01-06,10
16935,5216,1098,5,2023-09-25,40
16936,5233,1056,1,2023-03-28,0
16937,5193,1008,8,2023-07-08,30
16938,5051,1094,3,2023-04-13,50
16939,5427,1027,1,2023-04-14,40
16940,5375,1071,6,2023-10-18,10
16941,5214,1027,1,2023-03-08,10
16942,5151,1089,3,2023-04-16,50
16943,5440,1046,5,2023-09-05,0
16944,5275,1041,4,2023-12-14,40
16945,5338,1079,7,2023-07-26,0
16946,5076,1025,6,2023-07-24,10
16947,5439,1086,3,2023-11-15,30
16948,5220,1018,8,2023-03-24,40
16949,5348,1012,8,2023-03-23,30
16950,5444,1087,2,2023-10-14,50
16951,5187,1051,7,2023-02-06,40
16952,5289,1039,1,2023-08-01,10
16953,5403,1089,2,2023-05-13,40
16954,5028,1010,8,2023-04-25,10
16955,5379,1094,1,2023-07-30,20
16956,5180,1074,2,2023-05-12,10
16957,5253,1098,1,2023-06-03,10
16958,5126,1077,5,2023-10-21,50
16959,5177,1054,7,2023-07-01,40
16960,5037,1029,6,2023-05-27,30
16961,5410,1041,6,2023-08-10,10
16962,5099,1009,6,2023-10-09,40
16963,5098,1063,8,2023-05-07,10
16964,5127,1077,5,2023-11-04,0
16965,5483,1037,7,2023-07-22,0
16966,5168,1014,3,2023-04-28,0
16967,5080,1073,9,2023-03-02,0
16968,5294,1072,3,2023-08-19,30
16969,5333,1039,6,2023-05-30,50
16970,5126,1040,3,2023-05-25,10
16971,5343,1054,1,2023-04-21,0
16972,5310,1003,1,2023-06-16,40
16973,5150,1055,3,2023-07-08,0
16974,5016,1033,4,2023-02-18,20
16975,5028,1096,2,2023-04-17,20
16976,5496,1071,9,2023-04-03,50
16977,5419,1019,8,2023-05-04,30
16978,5444,1034,3,2023-11-13,20
16979,5173,1078,7,2023-05-20,40
16980,5046,1050,4,2023-11-10,0
16981,5328,1047,5,2023-01-11,20
16982,5236,1046,4,2023-12-27,20
16983,5439,1056,9,2023-06-20,30
16984,5214,1057,7,2023-02-05,20
16985,5085,1083,4,2023-05-10,0
16986,5282,1051,8,2023-12-09,50
16987,5232,1054,2,2023-03-02,50
16988,5085,1090,7,2023-11-30,50
16989,5409,1081,1,2023-02-18,10
16990,5489,1028,8,2023-07-05,0
16991,5065,1019,6,2023-08-09,20
16992,5134,1027,5,2023-01-06,20
16993,5151,1048,9,2023-10-27,20
16994,5115,1019,9,2023-06-24,30
16995,5064,1097,3,2023-10-06,40
16996,5343,1051,9,2023-12-20,0
16997,5427,1007,9,2023-12-30,50
16998,5363,1029,2,2023-07-23,20
16999,5407,1043,5,2023-04-06,10
17000,5352,1069,2,2023-10-09,30
17001,5158,1094,1,2023-05-15,40
17002,5077,1058,7,2023-02-02,20
17003,5491,1008,4,2023-03-23,50
17004,5146,1042,5,2023-05-28,0
17005,5343,1076,4,2023-04-05,10
17006,5463,1042,6,2023-06-19,50
17007,5225,1013,2,2023-07-30,30
17008,5405,1026,8,2023-07-10,0
17009,5313,1018,4,2023-01-07,0
17010,5103,1042,8,2023-11-10,30
17011,5407,1051,3,2023-12-08,0
17012,5347,1084,5,2023-02-03,10
17013,5301,1016,3,2023-02-20,10
17014,5428,1003,7,2023-04-30,0
17015,5466,1091,3,2023-05-18,20
17016,5088,1079,8,2023-04-16,0
17017,5371,1098,9,2023-10-09,20
17018,5303,1045,2,2023-02-01,0
17019,5168,1022,3,2023-05-04,50
17020,5435,1023,7,2023-06-19,40
17021,5170,1059,5,2023-01-12,10
17022,5135,1062,7,2023-06-17,0
17023,5050,1068,2,2023-12-09,10
17024,5432,1054,4,2023-03-19,30
17025,5340,1057,1,2023-02-03,40
17026,5347,1023,5,2023-07-28,20
17027,5134,1060,8,2023-11-22,30
17028,5347,1073,1,2023-01-08,40
17029,5137,1088,7,2023-08-13,30
17030,5245,1085,7,2023-08-15,10
17031,5109,1055,7,2023-06-24,50
17032,5313,1080,1,2023-03-22,40
17033,5287,1063,3,2023-10-09,30
17034,5021,1056,2,2023-02-26,20
17035,5090,1055,5,2023-05-15,40
17036,5296,1025,2,2023-08-26,40
17037,5112,1026,5,2023-08-05,30
17038,5301,1049,5,2023-08-15,50
17039,5077,1063,4,2023-01-26,0
17040,5177,1045,7,2023-07-06,20
17041,5343,1073,6,2023-04-28,20
17042,5148,1079,2,2023-07-16,30
17043,5101,1039,4,2023-04-26,50
17044,5246,1097,7,2023-10-30,10
17045,5117,1065,9,2023-04-12,10
17046,5092,1069,9,2023-06-12,0
17047,5401,1056,3,2023-06-27,0
17048,5028,1009,1,2023-10-07,30
17049,5425,1070,9,2023-10-13,50
17050,5450,1028,8,2023-07-31,10
17051,5025,1045,7,2023-02-23,20
17052,5058,1026,6,2023-03-08,50
17053,5498,1028,7,2023-02-01,10
17054,5297,1040,9,2023-09-08,50
17055,5134,1015,6,2023-01-08,30
17056,5331,1006,3,2023-08-03,10
17057,5249,1027,3,2023-02-15,40
17058,5038,1038,4,2023-03-21,30
17059,5390,1068,8,2023-02-04,40
17060,5429,1075,9,2023-07-08,50
17061,5075,1085,8,2023-03-30,30
17062,5142,1064,2,2023-12-01,20
17063,5322,1030,4,2023-05-16,30
17064,5168,1082,4,2023-02-03,30
17065,5259,1099,2,2023-10-08,30
17066,5373,1003,8,2023-04-23,30
17067,5355,1062,3,2023-06-21,0
17068,5225,1012,2,2023-12-05,40
17069,5152,1091,7,2023-02-12,30
17070,5019,1030,1,2023-01-13,30
17071,5146,1085,6,2023-06-23,50
17072,5448,1038,3,2023-05-05,0
17073,5241,1085,3,2023-11-28,10
17074,5372,1060,5,2023-07-26,50
17075,5381,1038,3,2023-12-09,50
17076,5344,1015,4,2023-04-14,0
17077,5237,1018,3,2023-05-10,0
17078,5035,1052,7,2023-02-09,0
17079,5190,1029,3,2023-01-23,50
17080,5001,1060,4,2023-09-09,50
17081,5484,1021,2,2023-11-21,30
17082,5153,1017,2,2023-10-17,0
17083,5429,1018,9,2023-07-21,0
17084,5433,1057,1,2023-06-04,50
17085,5126,1037,1,2023-02-24,50
17086,5491,1060,1,2023-04-16,0
17087,5482,1038,3,2023-09-17,30
17088,5345,1012,2,2023-07-19,20
17089,5400,1075,3,2023-11-22,20
17090,5226,1084,5,2023-08-05,10
17091,5221,1073,9,2023-02-16,30
17092,5403,1001,2,2023-04-27,50
17093,5407,1058,1,2023-07-31,0
17094,5211,1003,6,2023-06-04,0
17095,5025,1063,3,2023-09-20,0
17096,5016,1021,7,2023-05-31,20
17097,5182,1023,6,2023-07-31,50
17098,5499,1009,7,2023-07-11,0
17099,5329,1083,5,2023-08-31,0
17100,5129,1055,1,2023-04-08,20
17101,5042,1019,3,2023-01-29,0
17102,5403,1062,3,2023-07-08,10
17103,5481,1087,7,2023-06-21,50
17104,5418,1091,3,2023-07-16,40
17105,5336,1091,5,2023-06-04,10
17106,5236,1039,4,2023-05-20,30
17107,5360,1100,4,2023-10-20,10
17108,5439,1076,7,2023-10-17,10
17109,5402,1027,1,2023-09-13,20
17110,5034,1046,7,2023-06-13,30
17111,5345,1034,8,2023-05-14,50
17112,5381,1033,3,2023-12-18,50
17113,5045,1092,3,2023-11-25,10
17114,5134,1095,4,2023-09-23,40
17115,5021,1096,6,2023-01-29,10
17116,5122,1050,7,2023-05-19,0
17117,5070,1020,1,2023-12-14,20
17118,5352,1040,4,2023-11-08,0
17119,5361,1099,7,2023-03-26,30
17120,5048,1095,2,2023-09-06,30
17121,5491,1058,1,2023-12-17,20
17122,5039,1031,1,2023-11-10,10
17123,5287,1038,6,2023-08-21,30
17124,5490,1086,5,2023-11-04,40
17125,5010,1045,1,2023-03-02,20
17126,5030,1041,3,2023-09-30,0
17127,5244,1009,7,2023-08-07,40
17128,5274,1009,9,2023-10-13,50
17129,5444,1063,9,2023-09-06,20
17130,5088,1079,6,2023-03-13,40
17131,5244,1077,3,2023-10-20,20
17132,5381,1022,1,2023-07-17,0
17133,5329,1016,3,2023-03-21,10
17134,5479,1032,2,2023-05-17,20
17135,5015,1066,5,2023-08-01,30
17136,5004,1090,8,2023-11-23,0
17137,5191,1014,5,2023-04-17,0
17138,5168,1038,1,2023-07-26,40
17139,5009,1098,3,2023-06-01,30
17140,5109,1008,5,2023-05-13,40
17141,5137,1100,7,2023-06-15,50
17142,5154,1021,5,2023-06-29,0
17143,5388,1056,5,2023-05-01,20
17144,5209,1046,7,2023-06-23,50
17145,5272,1043,8,2023-11-27,30
17146,5143,1092,8,2023-03-09,0
17147,5099,1046,7,2023-07-06,30
17148,5377,1048,3,2023-05-18,50
17149,5308,1070,2,2023-12-20,20
17150,5069,1084,1,2023-11-04,10
17151,5247,1031,6,2023-11-26,40
17152,5261,1033,9,2023-08-26,40
17153,5276,1044,3,2023-01-18,50
17154,5079,1071,5,2023-03-17,0
17155,5146,1008,9,2023-05-31,0
17156,5111,1073,9,2023-04-18,20
17157,5258,1002,7,2023-06-02,0
17158,5093,1017,4,2023-11-12,0
17159,5013,1052,2,2023-02-06,0
17160,5260,1045,2,2023-11-29,30
17161,5426,1037,4,2023-05-26,30
17162,5109,1042,1,2023-05-06,10
17163,5330,1044,4,2023-10-12,30
17164,5189,1081,6,2023-04-18,40
17165,5095,1038,6,2023-10-13,50
17166,5105,1099,7,2023-08-28,10
17167,5008,1094,5,2023-04-12,0
17168,5067,1006,9,2023-08-08,40
17169,5496,1068,2,2023-01-07,10
17170,5191,1051,2,2023-08-04,50
17171,5366,1035,4,2023-06-18,10
17172,5256,1058,4,2023-03-15,40
17173,5009,1057,4,2023-10-20,10
17174,5478,1073,1,2023-01-27,40
17175,5117,1006,4,2023-10-04,10
17176,5267,1013,5,2023-02-12,10
17177,5099,1059,9,2023-11-03,10
17178,5485,1086,3,2023-04-03,40
17179,5298,1092,3,2023-03-12,10
17180,5397,1030,5,2023-09-26,50
17181,5164,1100,6,2023-04-19,50
17182,5376,1002,3,2023-06-30,30
17183,5141,1058,1,2023-08-03,30
17184,5268,1036,8,2023-04-24,30
17185,5037,1072,1,2023-07-04,30
17186,5074,1045,2,2023-05-05,30
17187,5073,1009,3,2023-04-15,50
17188,5308,1065,6,2023-08-25,0
17189,5199,1077,4,2023-05-21,10
17190,5130,1050,4,2023-10-20,50
17191,5246,1079,9,2023-06-07,50
17192,5312,1032,6,2023-10-01,20
17193,5060,1098,2,2023-12-07,0
17194,5279,1043,7,2023-04-27,40
17195,5103,1095,3,2023-03-03,0
17196,5296,1078,9,2023-01-24,20
17197,5320,1054,6,2023-03-01,50
17198,5487,1047,8,2023-12-28,0
17199,5341,1014,1,2023-11-12,10
17200,5151,1048,2,2023-09-22,30
17201,5157,1055,6,2023-06-29,10
17202,5206,1029,3,2023-08-20,0
17203,5474,1047,1,2023-05-23,50
17204,5179,1063,6,2023-11-29,50
17205,5197,1019,5,2023-09-02,20
17206,5223,1091,9,2023-03-22,40
17207,5089,1009,6,2023-05-06,10
17208,5287,1037,5,2023-05-17,20
17209,5434,1092,1,2023-02-25,40
17210,5276,1052,1,2023-08-01,30
17211,5236,1057,1,2023-04-04,10
17212,5183,1088,7,2023-10-19,50
17213,5209,1028,6,2023-05-08,10
17214,5493,1036,5,2023-08-05,50
17215,5130,1064,4,2023-07-18,50
17216,5153,1018,8,2023-01-20,30
17217,5013,1089,8,2023-02-24,30
17218,5122,1035,5,2023-09-03,0
17219,5359,1068,4,2023-09-08,40
17220,5220,1078,2,2023-03-01,20
17221,5106,1039,7,2023-06-12,30
17222,5375,1090,5,2023-07-21,0
17223,5070,1008,3,2023-08-15,40
17224,5195,1088,9,2023-05-09,40
17225,5186,1080,9,2023-02-14,10
17226,5099,1084,8,2023-07-16,0
17227,5082,1015,1,2023-06-15,0
17228,5075,1007,3,2023-09-04,10
17229,5374,1017,2,2023-08-14,20
17230,5340,1086,4,2023-10-07,30
17231,5192,1086,2,2023-09-17,50
17232,5325,1064,8,2023-12-13,10
17233,5467,1012,1,2023-07-16,30
17234,5214,1082,4,2023-04-17,50
17235,5315,1056,5,2023-09-26,0
17236,5444,1046,4,2023-08-20,10
17237,5467,1047,8,2023-04-11,50
17238,5382,1079,2,2023-06-09,20
17239,5367,1016,9,2023-04-05,30
17240,5318,1069,2,2023-07-26,30
17241,5144,1002,2,2023-11-09,30
17242,5384,1092,2,2023-08-23,0
17243,5216,1054,8,2023-11-23,50
17244,5361,1027,3,2023-06-03,30
17245,5324,1031,8,2023-04-10,40
17246,5015,1041,7,2023-08-26,30
17247,5217,1036,4,2023-04-17,0
17248,5492,1047,7,2023-12-12,10
17249,5439,1043,8,2023-12-30,30
17250,5035,1065,6,2023-05-10,30
17251,5183,1050,6,2023-10-26,10
17252,5270,1093,3,2023-02-12,50
17253,5433,1001,5,2023-03-04,50
17254,5467,1072,2,2023-03-14,40
17255,5358,1057,5,2023-07-05,0
17256,5100,1016,5,2023-04-27,10
17257,5007,1028,7,2023-10-31,0
17258,5030,1086,4,2023-01-05,50
17259,5467,1082,6,2023-03-17,10
17260,5305,1022,9,2023-10-18,20
17261,5473,1041,4,2023-12-15,40
17262,5144,1076,6,2023-03-24,20
17263,5111,1019,9,2023-03-01,50
17264,5232,1089,1,2023-04-17,10
17265,5179,1050,8,2023-04-27,50
17266,5072,1059,1,2023-11-03,10
17267,5210,1069,4,2023-12-13,0
17268,5220,1034,3,2023-03-23,10
17269,5080,1039,4,2023-11-11,50
17270,5500,1074,7,2023-11-16,0
17271,5083,1007,9,2023-12-27,0
17272,5042,1052,9,2023-05-21,10
17273,5273,1060,1,2023-08-10,0
17274,5191,1052,1,2023-03-11,50
17275,5173,1079,9,2023-01-12,40
17276,5461,1024,4,2023-10-24,20
17277,5007,1026,3,2023-04-15,10
17278,5155,1090,9,2023-07-26,0
17279,5010,1090,5,2023-03-06,0
17280,5034,1010,6,2023-03-04,50
17281,5036,1017,1,2023-06-27,0
17282,5409,1078,1,2023-01-08,0
17283,5006,1002,7,2023-06-08,40
17284,5408,1077,8,2023-01-11,10
17285,5402,1027,8,2023-09-30,10
17286,5215,1073,7,2023-04-05,50
17287,5134,1071,9,2023-06-04,40
17288,5285,1048,1,2023-07-25,40
17289,5126,1074,2,2023-04-25,40
17290,5409,1009,3,2023-03-28,10
17291,5439,1086,5,2023-11-08,30
17292,5337,1023,4,2023-07-16,50
17293,5174,1071,4,2023-12-16,50
17294,5152,1073,8,2023-04-08,20
17295,5331,1027,8,2023-01-19,40
17296,5026,1088,7,2023-11-09,40
17297,5383,1093,1,2023-01-16,10
17298,5115,1081,4,2023-02-14,50
17299,5382,1084,1,2023-06-04,10
17300,5482,1071,5,2023-08-19,20
17301,5284,1043,3,2023-06-06,0
17302,5387,1007,3,2023-04-23,10
17303,5075,1092,4,2023-12-25,20
17304,5166,1083,2,2023-02-13,10
17305,5189,1063,7,2023-12-31,10
17306,5078,1084,4,2023-12-31,10
17307,5435,1044,5,2023-04-20,30
17308,5090,1039,2,2023-04-21,30
17309,5176,1040,6,2023-08-11,40
17310,5021,1007,9,2023-09-22,30
17311,5054,1070,8,2023-09-28,20
17312,5184,1025,8,2023-07-31,10
17313,5359,1059,2,2023-11-10,30
17314,5222,1013,4,2023-09-15,50
17315,5315,1086,8,2023-09-04,10
17316,5328,1081,1,2023-02-24,0
17317,5179,1086,8,2023-11-05,40
17318,5276,1098,3,2023-12-16,30
17319,5112,1062,8,2023-03-13,50
17320,5224,1008,6,2023-10-23,50
17321,5214,1045,7,2023-08-01,10
17322,5059,1018,2,2023-10-22,0
17323,5327,1088,1,2023-06-20,40
17324,5393,1060,6,2023-09-03,40
17325,5109,1060,3,2023-05-21,0
17326,5385,1002,4,2023-04-14,30
17327,5157,1066,9,2023-04-15,30
17328,5191,1091,3,2023-08-28,10
17329,5200,1014,2,2023-11-07,20
17330,5312,1048,2,2023-11-17,10
17331,5196,1056,2,2023-10-07,10
17332,5035,1012,6,2023-01-22,10
17333,5379,1096,2,2023-03-19,0
17334,5387,1092,7,2023-10-28,40
17335,5246,1055,7,2023-07-14,40
17336,5237,1028,7,2023-11-16,20
17337,5104,1089,2,2023-12-19,30
17338,5007,1004,7,2023-01-21,10
17339,5283,1090,8,2023-06-09,0
17340,5001,1036,8,2023-08-20,0
17341,5219,1050,2,2023-12-27,10
17342,5464,1003,5,2023-10-28,0
17343,5230,1001,6,2023-02-13,0
17344,5455,1017,9,2023-10-24,10
17345,5172,1071,6,2023-12-18,20
17346,5087,1062,6,2023-06-29,0
17347,5041,1048,6,2023-04-11,40
17348,5123,1062,9,2023-04-25,50
17349,5331,1069,7,2023-08-01,40
17350,5298,1019,1,2023-01-18,50
17351,5373,1034,1,2023-01-27,50
17352,5417,1099,4,2023-12-24,40
17353,5178,1049,2,2023-10-12,10
17354,5063,1080,3,2023-05-29,50
17355,5484,1047,7,2023-10-12,40
17356,5165,1091,7,2023-05-17,30
17357,5489,1050,3,2023-07-08,0
17358,5187,1089,2,2023-07-09,20
17359,5383,1026,1,2023-07-18,50
17360,5209,1056,9,2023-04-12,40
17361,5227,1078,3,2023-04-01,10
17362,5432,1014,9,2023-08-12,50
17363,5389,1078,4,2023-01-05,20
17364,5048,1025,6,2023-12-19,10
17365,5224,1100,7,2023-01-15,20
17366,5003,1004,6,2023-01-05,20
17367,5372,1079,1,2023-08-18,0
17368,5175,1032,6,2023-12-23,50
17369,5446,1082,6,2023-12-03,50
17370,5099,1078,5,2023-04-24,50
17371,5116,1065,3,2023-01-04,20
17372,5270,1061,3,2023-07-03,30
17373,5447,1020,7,2023-08-01,30
17374,5368,1074,8,2023-09-04,30
17375,5253,1010,3,2023-02-03,10
17376,5317,1088,3,2023-10-23,0
17377,5415,1034,7,2023-07-15,10
17378,5095,1061,7,2023-05-07,50
17379,5273,1092,9,2023-05-22,50
17380,5380,1027,6,2023-05-16,40
17381,5024,1040,7,2023-05-08,50
17382,5116,1065,1,2023-11-19,30
17383,5151,1033,7,2023-06-23,0
17384,5338,1068,2,2023-08-06,30
17385,5050,1071,7,2023-04-24,0
17386,5206,1009,3,2023-12-16,10
17387,5498,1016,9,2023-01-12,50
17388,5335,1005,5,2023-09-01,10
17389,5079,1098,7,2023-02-21,30
17390,5070,1023,8,2023-07-05,20
17391,5027,1043,2,2023-08-21,0
17392,5271,1089,1,2023-01-02,50
17393,5050,1057,7,2023-01-01,40
17394,5292,1051,6,2023-08-27,20
17395,5247,1013,6,2023-02-24,10
17396,5264,1024,2,2023-08-08,0
17397,5079,1011,3,2023-04-14,20
17398,5387,1052,4,2023-12-21,40
17399,5190,1017,3,2023-11-20,20
17400,5047,1037,2,2023-12-04,40
17401,5461,1013,3,2023-11-02,10
17402,5361,1062,6,2023-10-04,0
17403,5354,1091,9,2023-01-10,10
17404,5472,1084,4,2023-12-07,0
17405,5488,1097,6,2023-04-14,20
17406,5352,1096,1,2023-12-11,10
17407,5189,1008,6,2023-07-17,0
17408,5416,1056,3,2023-01-14,50
17409,5256,1093,9,2023-06-17,40
17410,5222,1083,4,2023-12-26,0
17411,5372,1070,7,2023-12-04,50
17412,5241,1044,4,2023-01-30,10
17413,5269,1060,6,2023-01-14,10
17414,5001,1041,7,2023-08-26,20
17415,5034,1021,2,2023-03-03,40
17416,5446,1086,6,2023-04-20,0
17417,5079,1042,8,2023-11-05,10
17418,5236,1074,6,2023-06-09,0
17419,5334,1074,2,2023-11-28,30
17420,5377,1029,4,2023-02-24,40
17421,5349,1080,1,2023-09-06,40
17422,5098,1065,7,2023-09-13,50
17423,5082,1017,8,2023-01-22,30
17424,5455,1030,2,2023-04-13,40
17425,5477,1026,5,2023-10-28,30
17426,5415,1053,8,2023-09-21,0
17427,5192,1019,8,2023-08-24,30
17428,5253,1053,5,2023-11-17,20
17429,5409,1085,8,2023-08-21,50
17430,5038,1017,6,2023-06-17,30
17431,5014,1046,5,2023-08-21,0
17432,5392,1085,4,2023-01-05,40
17433,5347,1053,5,2023-02-14,20
17434,5310,1064,4,2023-02-15,30
17435,5386,1045,1,2023-06-13,50
17436,5209,1049,3,2023-06-18,50
17437,5357,1019,8,2023-12-01,0
17438,5462,1071,7,2023-06-13,20
17439,5089,1081,7,2023-09-13,20
17440,5056,1065,3,2023-03-07,20
17441,5094,1037,9,2023-09-17,30
17442,5093,1070,6,2023-03-29,0
17443,5340,1026,8,2023-08-28,0
17444,5085,1002,8,2023-11-07,0
17445,5445,1059,3,2023-02-28,10
17446,5245,1096,4,2023-06-19,40
17447,5022,1005,6,2023-09-15,0
17448,5291,1037,2,2023-02-15,10
17449,5485,1031,7,2023-01-02,10
17450,5272,1076,2,2023-05-09,20
17451,5306,1099,5,2023-09-26,40
17452,5122,1094,4,2023-11-22,20
17453,5128,1048,9,2023-10-05,40
17454,5113,1006,2,2023-01-17,20
17455,5427,1015,7,2023-07-06,50
17456,5273,1015,7,2023-12-08,30
17457,5336,1061,7,2023-11-22,40
17458,5442,1016,1,2023-04-26,50
17459,5130,1020,8,2023-09-16,10
17460,5132,1077,2,2023-09-06,10
17461,5085,1044,5,2023-07-17,40
17462,5423,1042,2,2023-12-03,20
17463,5482,1046,5,2023-08-15,30
17464,5350,1095,7,2023-06-26,30
17465,5390,1034,6,2023-08-31,0
17466,5081,1064,5,2023-12-23,40
17467,5487,1029,4,2023-02-04,30
17468,5473,1003,8,2023-05-15,20
17469,5325,1009,8,2023-11-02,20
17470,5069,1075,1,2023-01-10,10
17471,5148,1075,2,2023-07-02,30
17472,5448,1025,3,2023-07-21,30
17473,5016,1086,1,2023-01-19,20
17474,5307,1042,3,2023-01-23,10
17475,5105,1046,8,2023-04-05,30
17476,5165,1073,4,2023-03-05,20
17477,5488,1084,7,2023-08-08,10
17478,5201,1059,7,2023-04-06,10
17479,5197,1021,5,2023-12-19,20
17480,5426,1074,1,2023-09-22,10
17481,5185,1022,4,2023-06-06,50
17482,5322,1029,7,2023-07-26,50
17483,5265,1063,5,2023-10-01,10
17484,5363,1073,2,2023-12-04,0
17485,5100,1061,8,2023-09-03,10
17486,5342,1064,2,2023-07-18,30
17487,5320,1069,8,2023-10-12,10
17488,5214,1040,2,2023-03-24,30
17489,5278,1075,5,2023-11-13,20
17490,5162,1001,4,2023-05-13,10
17491,5439,1065,1,2023-04-15,20
17492,5157,1062,8,2023-08-25,40
17493,5422,1054,3,2023-03-10,50
17494,5251,1060,4,2023-07-03,10
17495,5366,1046,4,2023-04-28,20
17496,5097,1005,5,2023-06-29,40
17497,5018,1022,3,2023-09-28,30
17498,5327,1090,9,2023-03-31,30
17499,5449,1053,4,2023-03-29,50
17500,5383,1070,4,2023-03-24,50
17501,5097,1032,6,2023-01-20,30
17502,5001,1011,8,2023-04-17,30
17503,5216,1010,7,2023-11-25,30
17504,5132,1039,4,2023-12-14,0
17505,5260,1098,4,2023-09-29,50
17506,5125,1031,5,2023-11-27,20
17507,5082,1012,5,2023-04-08,40
17508,5283,1080,1,2023-08-20,40
17509,5171,1038,8,2023-02-26,10
17510,5059,1067,5,2023-05-29,20
17511,5032,1066,3,2023-08-23,50
17512,5161,1052,3,2023-05-17,0
17513,5284,1005,4,2023-09-24,0
17514,5106,1011,7,2023-08-17,20
17515,5105,1025,5,2023-12-27,30
17516,5439,1035,1,2023-11-17,30
17517,5228,1035,5,2023-10-09,20
17518,5188,1022,5,2023-07-21,50
17519,5070,1037,6,2023-08-20,40
17520,5318,1086,7,2023-01-19,30
17521,5464,1055,5,2023-01-16,10
17522,5290,1075,2,2023-02-25,50
17523,5087,1096,2,2023-12-23,50
17524,5370,1099,4,2023-04-24,0
17525,5362,1095,1,2023-03-09,30
17526,5472,1072,7,2023-03-19,40
17527,5056,1064,1,2023-01-30,50
17528,5113,1020,3,2023-01-07,30
17529,5013,1098,7,2023-06-01,30
17530,5440,1004,6,2023-12-29,0
17531,5018,1018,7,2023-01-22,10
17532,5182,1051,5,2023-01-30,50
17533,5461,1068,8,2023-06-16,10
17534,5113,1020,6,2023-05-28,40
17535,5229,1009,4,2023-02-18,20
17536,5171,1080,1,2023-11-21,20
17537,5295,1026,2,2023-10-25,20
17538,5189,1025,6,2023-09-19,40
17539,5426,1068,4,2023-06-30,50
17540,5465,1041,3,2023-10-17,30
17541,5079,1059,7,2023-05-02,10
17542,5146,1045,7,2023-05-04,10
17543,5407,1041,2,2023-09-23,30
17544,5182,1038,8,2023-01-28,50
17545,5499,1019,1,2023-09-16,10
17546,5286,1014,7,2023-03-18,50
17547,5250,1021,1,2023-07-13,10
17548,5354,1015,3,2023-02-04,20
17549,5314,1003,3,2023-04-24,20
17550,5196,1037,2,2023-03-03,0
17551,5323,1046,5,2023-02-21,0
17552,5071,1016,4,2023-04-26,10
17553,5248,1014,6,2023-02-16,20
17554,5146,1009,2,2023-04-11,50
17555,5106,1007,4,2023-10-06,0
17556,5263,1014,7,2023-04-17,0
17557,5296,1006,1,2023-02-04,20
17558,5070,1085,3,2023-12-25,50
17559,5470,1015,1,2023-10-15,0
17560,5193,1052,2,2023-01-02,30
17561,5068,1072,9,2023-08-27,50
17562,5494,1034,5,2023-09-29,30
17563,5305,1001,4,2023-05-24,20
17564,5052,1096,4,2023-04-02,20
17565,5370,1069,8,2023-08-09,0
17566,5363,1094,3,2023-02-23,10
17567,5285,1086,4,2023-08-16,40
17568,5405,1020,2,2023-02-02,30
17569,5474,1080,6,2023-08-02,30
17570,5334,1007,9,2023-05-16,50
17571,5009,1007,4,2023-09-05,50
17572,5251,1050,6,2023-02-22,20
17573,5431,1002,4,2023-03-05,10
17574,5332,1047,2,2023-11-10,20
17575,5298,1014,6,2023-02-06,0
17576,5435,1031,7,2023-07-31,10
17577,5184,1050,4,2023-01-12,0
17578,5179,1061,7,2023-03-25,30
17579,5198,1041,8,2023-04-04,20
17580,5128,1014,3,2023-12-08,50
17581,5020,1005,2,2023-07-26,20
17582,5472,1075,5,2023-02-07,40
17583,5411,1005,2,2023-12-14,10
17584,5422,1064,5,2023-07-22,30
17585,5328,1029,6,2023-09-27,40
17586,5065,1075,8,2023-03-16,40
17587,5182,1005,6,2023-05-08,20
17588,5241,1096,4,2023-11-25,10
17589,5369,1036,3,2023-06-01,20
17590,5024,1079,2,2023-01-10,10
17591,5384,1019,1,2023-02-07,40
17592,5431,1064,2,2023-04-15,0
17593,5455,1022,2,2023-06-14,30
17594,5083,1034,5,2023-02-01,40
17595,5470,1056,9,2023-07-31,20
17596,5319,1017,1,2023-01-14,30
17597,5185,1076,4,2023-08-18,40
17598,5439,1089,7,2023-05-12,10
17599,5316,1056,3,2023-06-01,20
17600,5099,1017,8,2023-04-06,40
17601,5062,1074,3,2023-01-10,10
17602,5286,1092,8,2023-12-29,10
17603,5477,1082,2,2023-01-16,10
17604,5022,1018,5,2023-06-16,30
17605,5459,1045,4,2023-04-06,20
17606,5212,1096,9,2023-01-18,10
17607,5126,1078,3,2023-01-07,40
17608,5413,1056,5,2023-07-03,10
17609,5499,1080,9,2023-09-02,20
17610,5425,1050,6,2023-03-23,50
17611,5042,1058,2,2023-05-11,50
17612,5098,1018,1,2023-05-09,30
17613,5449,1080,1,2023-10-16,10
17614,5031,1081,7,2023-03-15,40
17615,5158,1007,2,2023-12-30,20
17616,5112,1076,7,2023-02-28,10
17617,5402,1098,1,2023-03-13,30
17618,5247,1010,4,2023-06-09,0
17619,5122,1069,4,2023-03-28,50
17620,5273,1085,5,2023-01-17,40
17621,5294,1003,1,2023-03-30,50
17622,5398,1083,7,2023-05-29,10
17623,5471,1044,2,2023-11-07,10
17624,5473,1099,2,2023-01-06,0
17625,5207,1070,8,2023-03-25,20
17626,5110,1014,9,2023-03-25,0
17627,5440,1004,6,2023-09-07,20
17628,5278,1018,1,2023-06-03,10
17629,5451,1093,1,2023-03-13,0
17630,5056,1099,7,2023-04-19,50
17631,5375,1052,8,2023-04-22,50
17632,5403,1038,3,2023-06-21,10
17633,5057,1080,9,2023-07-06,0
17634,5428,1020,4,2023-10-12,10
17635,5482,1088,4,2023-09-30,50
17636,5291,1099,3,2023-01-18,50
17637,5114,1044,8,2023-06-17,10
17638,5381,1051,9,2023-11-15,10
17639,5385,1019,1,2023-03-23,30
17640,5308,1068,2,2023-03-16,0
17641,5341,1097,1,2023-12-01,30
17642,5477,1066,4,2023-12-12,10
17643,5198,1013,7,2023-09-06,40
17644,5421,1062,7,2023-05-11,50
17645,5321,1061,6,2023-12-21,20
17646,5179,1030,5,2023-07-20,0
17647,5385,1098,4,2023-12-29,0
17648,5219,1030,8,2023-10-23,50
17649,5277,1051,7,2023-03-09,20
17650,5437,1088,1,2023-01-20,30
17651,5016,1048,6,2023-09-28,20
17652,5492,1033,2,2023-04-03,40
17653,5379,1074,4,2023-05-13,10
17654,5061,1082,5,2023-10-22,20
17655,5054,1019,8,2023-10-23,20
17656,5168,1071,6,2023-05-15,10
17657,5026,1057,2,2023-12-18,50
17658,5336,1019,5,2023-12-22,0
17659,5476,1088,5,2023-02-02,50
17660,5065,1079,6,2023-10-20,40
17661,5100,1041,1,2023-02-01,50
17662,5074,1042,8,2023-02-12,20
17663,5192,1087,3,2023-10-19,20
17664,5171,1052,5,2023-12-20,0
17665,5273,1004,7,2023-11-01,40
17666,5377,1004,3,2023-10-08,10
17667,5187,1005,6,2023-04-18,10
17668,5023,1041,5,2023-04-06,30
17669,5391,1087,7,2023-03-07,40
17670,5428,1061,3,2023-01-09,40
17671,5181,1075,2,2023-08-18,20
17672,5327,1055,4,2023-08-09,30
17673,5108,1075,3,2023-12-24,10
17674,5335,1013,4,2023-10-05,40
17675,5162,1014,7,2023-04-09,40
17676,5302,1060,5,2023-09-28,0
17677,5493,1072,4,2023-09-20,10
17678,5452,1025,6,2023-12-28,0
17679,5206,1082,7,2023-06-13,30
17680,5078,1044,5,2023-01-16,40
17681,5016,1082,7,2023-06-18,30
17682,5327,1010,3,2023-01-21,50
17683,5096,1071,7,2023-01-28,0
17684,5147,1050,3,2023-11-26,10
17685,5002,1044,6,2023-03-24,40
17686,5010,1014,8,2023-09-30,50
17687,5434,1015,6,2023-11-17,50
17688,5125,1016,3,2023-02-05,10
17689,5081,1002,5,2023-11-10,30
17690,5485,1030,9,2023-10-03,50
17691,5140,1030,8,2023-08-21,20
17692,5326,1082,6,2023-04-14,10
17693,5150,1031,9,2023-01-06,50
17694,5288,1077,2,2023-01-23,10
17695,5361,1020,9,2023-06-19,10
17696,5340,1049,6,2023-06-01,40
17697,5129,1035,9,2023-09-01,30
17698,5438,1023,4,2023-08-29,30
17699,5239,1097,5,2023-09-18,40
17700,5058,1099,2,2023-02-15,10
17701,5198,1100,3,2023-09-30,10
17702,5211,1061,1,2023-03-16,20
17703,5402,1084,4,2023-10-10,50
17704,5390,1055,2,2023-07-15,10
17705,5045,1067,2,2023-01-23,50
17706,5097,1008,1,2023-03-28,0
17707,5279,1040,2,2023-05-01,50
17708,5023,1059,4,2023-05-29,10
17709,5410,1032,6,2023-05-30,20
17710,5461,1093,7,2023-03-06,0
17711,5391,1007,7,2023-06-09,20
17712,5335,1002,7,2023-10-11,50
17713,5044,1085,4,2023-03-23,20
17714,5027,1006,5,2023-01-07,50
17715,5282,1092,3,2023-07-01,30
17716,5097,1036,1,2023-12-24,50
17717,5463,1032,8,2023-01-14,40
17718,5036,1045,7,2023-07-02,20
17719,5109,1042,9,2023-11-10,10
17720,5055,1053,4,2023-02-13,30
17721,5192,1009,5,2023-06-23,0
17722,5219,1075,5,2023-01-14,50
17723,5185,1087,7,2023-10-27,40
17724,5069,1075,9,2023-03-14,30
17725,5317,1049,8,2023-08-11,20
17726,5130,1002,7,2023-01-02,30
17727,5055,1067,1,2023-07-29,10
17728,5378,1011,6,2023-09-18,10
17729,5097,1050,9,2023-03-31,10
17730,5336,1035,7,2023-12-09,40
17731,5087,1015,1,2023-11-30,30
17732,5294,1075,9,2023-09-09,30
17733,5119,1031,3,2023-11-29,20
17734,5208,1092,9,2023-12-21,0
17735,5334,1062,4,2023-02-16,10
17736,5413,1028,9,2023-12-01,0
17737,5154,1096,8,2023-06-12,0
17738,5035,1025,7,2023-04-26,10
17739,5079,1084,4,2023-03-20,10
17740,5067,1092,9,2023-01-08,20
17741,5343,1025,4,2023-01-23,40
17742,5413,1075,1,2023-09-26,10
17743,5034,1083,6,2023-10-06,0
17744,5097,1092,4,2023-01-31,20
17745,5169,1001,3,2023-06-19,30
17746,5169,1059,5,2023-05-10,20
17747,5151,1069,3,2023-06-06,10
17748,5071,1074,9,2023-01-22,50
17749,5003,1042,6,2023-05-06,10
17750,5314,1034,3,2023-06-18,40
17751,5032,1100,5,2023-06-15,20
17752,5287,1066,8,2023-06-06,10
17753,5082,1018,8,2023-11-26,0
17754,5043,1077,6,2023-01-22,0
17755,5391,1005,5,2023-09-21,20
17756,5105,1020,5,2023-10-30,40
17757,5001,1066,1,2023-09-20,50
17758,5061,1075,2,2023-07-31,20
17759,5270,1062,4,2023-06-13,40
17760,5180,1094,6,2023-05-16,0
17761,5224,1096,7,2023-09-09,10
17762,5006,1032,1,2023-07-24,30
17763,5103,1058,8,2023-12-10,10
17764,5010,1050,1,2023-10-29,0
17765,5071,1038,9,2023-08-30,50
17766,5090,1055,4,2023-11-16,0
17767,5226,1028,7,2023-10-06,10
17768,5158,1074,6,2023-03-02,10
17769,5228,1086,9,2023-11-02,50
17770,5405,1081,2,2023-10-29,50
17771,5126,1022,7,2023-10-26,0
17772,5444,1043,5,2023-04-05,10
17773,5209,1083,7,2023-05-28,30
17774,5097,1081,1,2023-09-16,30
17775,5074,1088,9,2023-01-30,20
17776,5115,1036,1,2023-01-18,30
17777,5191,1096,5,2023-07-06,0
17778,5495,1052,8,2023-07-31,0
17779,5170,1036,1,2023-02-04,20
17780,5307,1028,7,2023-05-27,40
17781,5448,1078,2,2023-10-09,20
17782,5204,1058,7,2023-02-04,40
17783,5056,1036,7,2023-03-17,40
17784,5208,1070,9,2023-03-13,10
17785,5041,1009,6,2023-09-06,50
17786,5032,1021,4,2023-02-26,30
17787,5015,1064,7,2023-12-23,40
17788,5062,1076,7,2023-11-01,10
17789,5155,1061,4,2023-01-10,20
17790,5284,1094,2,2023-08-01,20
17791,5209,1095,9,2023-12-27,40
17792,5320,1040,8,2023-08-25,10
17793,5494,1056,5,2023-08-22,0
17794,5187,1004,5,2023-08-11,50
17795,5498,1031,1,2023-04-14,50
17796,5442,1027,9,2023-11-23,30
17797,5130,1058,8,2023-04-08,40
17798,5127,1025,5,2023-08-14,0
17799,5292,1069,6,2023-08-10,30
17800,5114,1070,8,2023-11-20,0
17801,5199,1005,6,2023-11-30,50
17802,5013,1091,4,2023-10-07,10
17803,5271,1008,3,2023-02-12,40
17804,5089,1009,7,2023-12-17,0
17805,5215,1015,2,2023-12-14,0
17806,5444,1100,7,2023-06-02,0
17807,5278,1007,1,2023-12-05,50
17808,5447,1096,5,2023-10-17,40
17809,5474,1072,9,2023-08-12,10
17810,5481,1015,1,2023-04-29,10
17811,5203,1037,8,2023-08-02,0
17812,5074,1083,9,2023-02-22,10
17813,5025,1039,9,2023-08-08,30
17814,5101,1006,8,2023-08-31,10
17815,5176,1083,4,2023-02-22,0
17816,5427,1057,7,2023-04-27,30
17817,5117,1092,1,2023-11-27,40
17818,5166,1081,7,2023-02-11,20
17819,5041,1019,6,2023-09-04,50
17820,5429,1063,5,2023-10-18,10
17821,5344,1031,1,2023-09-05,30
17822,5424,1075,8,2023-04-11,20
17823,5366,1079,1,2023-03-28,40
17824,5120,1010,1,2023-12-19,20
17825,5097,1087,3,2023-03-25,40
17826,5145,1067,8,2023-09-18,0
17827,5216,1062,8,2023-08-09,0
17828,5229,1003,7,2023-06-03,50
17829,5313,1018,5,2023-02-20,50
17830,5130,1025,8,2023-02-07,40
17831,5352,1020,2,2023-09-16,20
17832,5377,1058,8,2023-07-06,50
17833,5318,1093,2,2023-01-13,10
17834,5472,1086,5,2023-08-11,20
17835,5137,1050,4,2023-03-28,50
17836,5324,1079,1,2023-09-16,20
17837,5337,1010,5,2023-06-30,10
17838,5273,1021,7,2023-11-07,20
17839,5117,1029,1,2023-06-22,20
17840,5306,1096,2,2023-11-18,30
17841,5368,1010,9,2023-07-14,40
17842,5094,1013,5,2023-12-06,0
17843,5168,1047,7,2023-09-02,50
17844,5442,1023,2,2023-11-25,50
17845,5203,1050,7,2023-07-15,50
17846,5341,1087,7,2023-03-03,40
17847,5149,1095,7,2023-01-25,20
17848,5402,1004,5,2023-02-21,10
17849,5183,1067,9,2023-02-19,10
17850,5413,1085,2,2023-10-22,0
17851,5152,1053,4,2023-02-21,0
17852,5074,1002,2,2023-11-28,0
17853,5365,1068,8,2023-02-09,10
17854,5401,1065,1,2023-08-20,20
17855,5274,1079,9,2023-03-01,0
17856,5042,1057,5,2023-08-04,0
17857,5496,1097,3,2023-12-06,10
17858,5212,1070,4,2023-07-16,50
17859,5101,1007,1,2023-10-03,20
17860,5045,1019,3,2023-12-07,0
17861,5082,1044,8,2023-01-02,20
17862,5017,1063,2,2023-04-16,30
17863,5073,1065,2,2023-08-04,50
17864,5014,1039,9,2023-09-22,50
17865,5433,1083,5,2023-06-16,0
17866,5157,1026,5,2023-09-04,0
17867,5223,1044,1,2023-07-29,10
17868,5132,1012,6,2023-02-27,50
17869,5338,1022,8,2023-02-12,30
17870,5404,1077,6,2023-05-18,30
17871,5376,1092,7,2023-04-19,30
17872,5376,1014,4,2023-02-17,40
17873,5047,1086,2,2023-05-06,10
17874,5107,1030,1,2023-08-02,10
17875,5108,1044,6,2023-05-08,0
17876,5265,1084,9,2023-07-17,10
17877,5205,1091,5,2023-07-21,0
17878,5079,1038,2,2023-07-11,0
17879,5155,1059,1,2023-04-17,40
17880,5271,1042,3,2023-07-13,10
17881,5476,1052,4,2023-11-23,10
17882,5485,1063,7,2023-08-26,40
17883,5247,1061,9,2023-05-12,40
17884,5019,1034,8,2023-12-23,10
17885,5346,1039,9,2023-03-24,10
17886,5436,1041,7,2023-10-11,0
17887,5026,1037,8,2023-08-10,20
17888,5217,1065,8,2023-04-16,50
17889,5154,1079,1,2023-10-21,0
17890,5154,1032,9,2023-03-07,30
17891,5174,1008,2,2023-07-14,30
17892,5092,1097,7,2023-07-07,20
17893,5433,1018,5,2023-02-16,50
17894,5338,1045,4,2023-12-28,40
17895,5480,1093,1,2023-12-25,30
17896,5181,1096,1,2023-01-25,40
17897,5131,1033,3,2023-03-07,40
17898,5450,1005,1,2023-12-01,0
17899,5481,1082,8,2023-03-08,40
17900,5298,1074,3,2023-07-16,20
17901,5275,1036,2,2023-09-03,0
17902,5273,1097,6,2023-10-23,20
17903,5492,1023,4,2023-04-10,40
17904,5417,1040,4,2023-06-27,30
17905,5076,1005,2,2023-04-25,50
17906,5177,1034,2,2023-06-17,40
17907,5184,1024,6,2023-04-29,20
17908,5319,1017,5,2023-06-14,10
17909,5131,1095,9,2023-08-07,10
17910,5363,1071,4,2023-07-16,30
17911,5049,1081,5,2023-11-14,50
17912,5055,1092,1,2023-08-25,20
17913,5154,1022,2,2023-06-18,30
17914,5355,1015,3,2023-03-17,0
17915,5200,1015,5,2023-10-14,40
17916,5308,1025,5,2023-02-02,0
17917,5356,1053,4,2023-10-26,10
17918,5373,1021,3,2023-12-15,40
17919,5118,1066,9,2023-08-18,0
17920,5263,1091,1,2023-07-14,10
17921,5046,1032,6,2023-10-21,50
17922,5302,1021,7,2023-10-24,0
17923,5356,1068,4,2023-10-05,40
17924,5400,1044,3,2023-08-18,0
17925,5408,1083,8,2023-04-06,40
17926,5189,1066,9,2023-06-20,0
17927,5310,1090,1,2023-11-13,30
17928,5318,1098,9,2023-11-26,50
17929,5129,1014,7,2023-02-01,0
17930,5049,1015,1,2023-02-14,0
17931,5025,1020,7,2023-03-13,30
17932,5266,1034,5,2023-01-20,10
17933,5118,1036,7,2023-08-27,40
17934,5464,1083,9,2023-07-18,20
17935,5144,1009,8,2023-03-06,10
17936,5442,1071,6,2023-07-07,40
17937,5200,1030,2,2023-03-30,0
17938,5157,1077,8,2023-07-20,10
17939,5487,1091,4,2023-01-23,0
17940,5348,1063,8,2023-10-23,10
17941,5134,1035,7,2023-05-10,10
17942,5400,1013,4,2023-06-03,20
17943,5148,1079,8,2023-03-19,30
17944,5336,1046,2,2023-07-09,10
17945,5071,1056,9,2023-10-27,0
17946,5233,1009,6,2023-06-03,20
17947,5334,1087,7,2023-04-23,10
17948,5299,1036,1,2023-12-05,30
17949,5154,1003,3,2023-04-27,0
17950,5090,1098,5,2023-01-05,20
17951,5334,1019,7,2023-11-22,40
17952,5199,1028,1,2023-02-04,50
17953,5161,1023,9,2023-09-29,30
17954,5026,1007,5,2023-06-08,40
17955,5121,1076,3,2023-07-29,40
17956,5301,1014,7,2023-01-14,20
17957,5212,1046,8,2023-01-25,20
17958,5063,1015,3,2023-12-01,20
17959,5451,1067,7,2023-08-06,40
17960,5436,1015,7,2023-09-11,50
17961,5068,1051,4,2023-07-22,0
17962,5253,1088,9,2023-04-11,20
17963,5410,1008,1,2023-12-27,30
17964,5459,1069,1,2023-08-17,20
17965,5002,1062,5,2023-07-18,50
17966,5398,1051,3,2023-06-27,20
17967,5108,1063,9,2023-10-03,50
17968,5286,1068,5,2023-11-08,20
17969,5049,1078,7,2023-05-10,40
17970,5140,1016,1,2023-10-06,50
17971,5218,1084,2,2023-10-15,0
17972,5044,1024,4,2023-05-21,20
17973,5417,1006,9,2023-01-13,40
17974,5269,1057,5,2023-08-05,30
17975,5078,1031,5,2023-07-05,0
17976,5216,1006,9,2023-01-27,40
17977,5382,1099,8,2023-08-06,50
17978,5098,1079,2,2023-01-14,10
17979,5236,1029,7,2023-05-22,30
17980,5282,1067,1,2023-11-21,30
17981,5149,1075,9,2023-11-20,10
17982,5412,1003,3,2023-02-24,40
17983,5304,1028,2,2023-07-10,40
17984,5484,1074,4,2023-10-12,50
17985,5424,1097,4,2023-03-30,30
17986,5066,1048,3,2023-02-14,40
17987,5234,1080,2,2023-05-12,10
17988,5457,1010,5,2023-03-07,40
17989,5087,1033,4,2023-10-06,30
17990,5079,1100,5,2023-11-20,40
17991,5205,1067,8,2023-05-28,0
17992,5279,1069,2,2023-05-25,10
17993,5337,1012,9,2023-01-06,10
17994,5254,1057,1,2023-03-23,20
17995,5304,1044,8,2023-05-03,40
17996,5380,1013,5,2023-06-16,50
17997,5130,1024,2,2023-08-25,10
17998,5084,1044,8,2023-04-15,40
17999,5276,1057,5,2023-10-17,0
18000,5187,1096,3,2023-08-26,30
18001,5046,1016,7,2023-11-06,30
18002,5387,1096,4,2023-03-23,20
18003,5183,1100,6,2023-04-04,20
18004,5268,1021,8,2023-11-17,50
18005,5296,1076,1,2023-12-09,10
18006,5322,1051,2,2023-10-12,50
18007,5100,1021,8,2023-10-24,10
18008,5078,1060,7,2023-12-27,10
18009,5272,1051,9,2023-11-15,0
18010,5339,1021,2,2023-03-07,20
18011,5162,1006,8,2023-04-22,20
18012,5044,1073,6,2023-12-22,30
18013,5238,1065,1,2023-06-20,20
18014,5134,1076,4,2023-09-04,20
18015,5461,1058,2,2023-03-07,0
18016,5192,1078,7,2023-03-09,50
18017,5356,1006,9,2023-02-03,10
18018,5278,1065,6,2023-01-01,50
18019,5018,1086,4,2023-05-31,0
18020,5012,1034,5,2023-09-29,40
18021,5180,1056,1,2023-09-15,30
18022,5123,1075,4,2023-08-26,30
18023,5246,1003,3,2023-04-26,30
18024,5222,1042,9,2023-03-17,50
18025,5373,1062,6,2023-10-10,10
18026,5051,1006,4,2023-01-19,10
18027,5488,1006,3,2023-10-11,10
18028,5071,1063,4,2023-02-04,30
18029,5480,1020,8,2023-11-20,30
18030,5048,1021,5,2023-11-01,50
18031,5019,1002,1,2023-08-29,50
18032,5262,1090,5,2023-01-07,30
18033,5084,1095,8,2023-02-06,40
18034,5155,1090,4,2023-06-02,40
18035,5053,1056,2,2023-09-02,50
18036,5107,1096,3,2023-09-07,30
18037,5357,1010,9,2023-04-25,10
18038,5304,1087,7,2023-02-10,10
18039,5135,1070,3,2023-12-03,40
18040,5443,1023,5,2023-03-03,40
18041,5069,1092,3,2023-06-18,30
18042,5011,1030,4,2023-05-22,30
18043,5143,1078,8,2023-09-15,10
18044,5192,1037,3,2023-03-29,50
18045,5387,1055,3,2023-02-17,20
18046,5378,1096,8,2023-11-07,50
18047,5069,1049,7,2023-01-12,10
18048,5023,1034,7,2023-07-30,50
18049,5181,1044,2,2023-09-01,10
18050,5293,1022,7,2023-08-27,30
18051,5009,1031,3,2023-07-16,20
18052,5271,1007,7,2023-09-14,20
18053,5387,1021,4,2023-08-23,30
18054,5093,1016,8,2023-07-06,0
18055,5454,1020,8,2023-07-20,30
18056,5017,1043,6,2023-04-13,40
18057,5154,1044,3,2023-10-17,50
18058,5405,1047,6,2023-08-09,20
18059,5328,1019,6,2023-10-29,30
18060,5149,1048,3,2023-07-06,10
18061,5377,1096,4,2023-04-09,10
18062,5267,1079,2,2023-09-02,50
18063,5422,1069,1,2023-11-09,10
18064,5328,1011,2,2023-11-03,30
18065,5106,1079,7,2023-01-22,0
18066,5472,1029,5,2023-03-09,40
18067,5381,1045,9,2023-11-12,10
18068,5035,1068,3,2023-03-06,30
18069,5119,1036,2,2023-10-19,0
18070,5014,1048,4,2023-08-05,20
18071,5014,1087,2,2023-01-29,20
18072,5266,1015,7,2023-07-12,50
18073,5140,1044,6,2023-02-25,40
18074,5294,1067,8,2023-12-04,30
18075,5364,1096,5,2023-07-31,30
18076,5119,1074,2,2023-08-26,10
18077,5238,1040,4,2023-07-19,0
18078,5034,1086,1,2023-06-27,40
18079,5169,1014,2,2023-06-02,0
18080,5010,1063,4,2023-02-13,40
18081,5122,1081,6,2023-06-17,30
18082,5401,1085,4,2023-10-14,30
18083,5145,1051,4,2023-07-16,40
18084,5451,1079,2,2023-12-03,0
18085,5446,1058,9,2023-03-15,50
18086,5223,1015,8,2023-06-20,20
18087,5371,1065,8,2023-07-02,20
18088,5257,1088,5,2023-01-16,10
18089,5268,1055,3,2023-03-09,10
18090,5359,1076,6,2023-11-21,50
18091,5004,1010,9,2023-02-11,0
18092,5426,1042,8,2023-04-20,50
18093,5397,1095,7,2023-02-10,30
18094,5354,1011,8,2023-11-02,0
18095,5106,1016,4,2023-01-06,40
18096,5085,1073,6,2023-11-27,20
18097,5214,1078,5,2023-06-30,10
18098,5121,1019,2,2023-09-30,0
18099,5132,1031,8,2023-12-27,0
18100,5338,1073,3,2023-07-04,40
18101,5197,1100,5,2023-11-19,30
18102,5019,1053,8,2023-05-24,30
18103,5130,1090,9,2023-04-10,20
18104,5012,1008,9,2023-03-31,50
18105,5081,1024,5,2023-09-03,50
18106,5330,1008,2,2023-08-27,10
18107,5354,1083,7,2023-07-31,30
18108,5262,1048,7,2023-03-22,30
18109,5392,1030,8,2023-04-25,30
18110,5125,1058,8,2023-10-03,50
18111,5307,1086,5,2023-03-21,0
18112,5267,1055,1,2023-02-25,30
18113,5447,1073,4,2023-06-28,50
18114,5441,1062,4,2023-11-05,40
18115,5383,1048,3,2023-02-18,50
18116,5140,1004,8,2023-09-17,20
18117,5329,1037,3,2023-10-01,30
18118,5002,1008,5,2023-10-19,10
18119,5008,1001,2,2023-10-18,0
18120,5250,1092,6,2023-01-30,40
18121,5139,1070,6,2023-09-09,50
18122,5124,1047,8,2023-03-04,20
18123,5309,1100,8,2023-03-23,0
18124,5228,1075,1,2023-11-21,40
18125,5010,1005,5,2023-06-18,0
18126,5469,1050,2,2023-11-06,20
18127,5212,1024,5,2023-12-09,20
18128,5112,1047,9,2023-06-07,30
18129,5008,1018,4,2023-02-25,10
18130,5292,1084,8,2023-12-01,30
18131,5477,1028,1,2023-05-22,50
18132,5362,1077,8,2023-05-29,0
18133,5460,1005,6,2023-08-14,30
18134,5253,1030,8,2023-01-25,20
18135,5014,1001,6,2023-06-27,20
18136,5240,1086,3,2023-12-31,20
18137,5438,1082,8,2023-04-05,30
18138,5242,1046,5,2023-02-22,50
18139,5469,1069,5,2023-10-31,50
18140,5342,1031,7,2023-03-11,40
18141,5149,1070,6,2023-06-25,30
18142,5236,1091,9,2023-05-12,30
18143,5306,1056,7,2023-12-05,30
18144,5478,1089,3,2023-12-04,30
18145,5167,1093,5,2023-12-26,20
18146,5020,1028,9,2023-11-27,10
18147,5216,1016,2,2023-08-01,30
18148,5343,1054,1,2023-07-30,30
18149,5135,1053,8,2023-12-11,10
18150,5393,1012,8,2023-03-05,30
18151,5129,1020,2,2023-02-04,10
18152,5410,1082,8,2023-01-12,20
18153,5422,1034,5,2023-12-12,40
18154,5294,1053,2,2023-11-07,30
18155,5246,1064,7,2023-09-05,40
18156,5189,1023,7,2023-04-22,30
18157,5044,1027,3,2023-11-21,0
18158,5086,1017,1,2023-04-01,50
18159,5044,1048,4,2023-10-21,0
18160,5330,1021,2,2023-01-29,20
18161,5375,1050,4,2023-01-12,40
18162,5446,1040,8,2023-05-27,40
18163,5378,1095,2,2023-05-17,10
18164,5390,1003,1,2023-12-04,10
18165,5145,1017,3,2023-06-06,30
18166,5051,1061,7,2023-09-16,10
18167,5242,1050,6,2023-03-28,10
18168,5294,1090,6,2023-06-07,40
18169,5408,1087,7,2023-07-05,0
18170,5051,1006,8,2023-12-10,40
18171,5266,1028,3,2023-11-05,10
18172,5120,1072,3,2023-12-23,30
18173,5200,1055,8,2023-08-17,0
18174,5405,1058,7,2023-01-04,10
18175,5248,1045,5,2023-02-26,10
18176,5070,1072,4,2023-01-28,50
18177,5341,1019,6,2023-01-16,30
18178,5057,1029,9,2023-01-13,30
18179,5382,1023,6,2023-07-19,10
18180,5039,1032,8,2023-07-03,10
18181,5472,1010,1,2023-11-05,40
18182,5289,1091,6,2023-10-31,20
18183,5443,1049,2,2023-10-08,30
18184,5018,1065,3,2023-11-18,30
18185,5440,1029,6,2023-06-07,50
18186,5220,1059,2,2023-12-26,40
18187,5313,1045,4,2023-09-16,0
18188,5244,1067,6,2023-06-06,50
18189,5352,1051,5,2023-04-04,50
18190,5460,1095,6,2023-09-24,0
18191,5304,1011,6,2023-01-21,0
18192,5298,1086,8,2023-05-07,30
18193,5283,1082,9,2023-12-13,20
18194,5074,1099,5,2023-12-17,20
18195,5110,1006,6,2023-12-16,40
18196,5180,1067,6,2023-04-22,0
18197,5426,1062,6,2023-08-22,0
18198,5032,1005,2,2023-02-03,10
18199,5234,1009,4,2023-03-21,40
18200,5282,1028,1,2023-03-24,50
18201,5025,1083,1,2023-01-29,50
18202,5331,1092,1,2023-05-11,40
18203,5279,1091,7,2023-01-11,30
18204,5226,1077,1,2023-03-03,30
18205,5057,1038,6,2023-12-25,40
18206,5180,1043,2,2023-02-02,20
18207,5232,1021,6,2023-05-16,40
18208,5382,1091,6,2023-03-29,20
18209,5343,1062,3,2023-01-17,30
18210,5477,1046,8,2023-04-01,40
18211,5287,1070,4,2023-10-26,20
18212,5064,1038,7,2023-09-10,10
18213,5455,1049,4,2023-03-14,10
18214,5232,1075,1,2023-07-25,40
18215,5289,1081,6,2023-09-18,0
18216,5213,1039,5,2023-06-27,40
18217,5258,1071,9,2023-11-08,30
18218,5018,1030,9,2023-11-09,30
18219,5175,1021,8,2023-08-08,10
18220,5417,1001,7,2023-06-22,20
18221,5229,1089,2,2023-06-14,10
18222,5226,1032,8,2023-11-24,20
18223,5084,1008,3,2023-12-01,40
18224,5291,1069,6,2023-08-08,0
18225,5435,1030,7,2023-10-19,30
18226,5370,1008,6,2023-06-10,40
18227,5246,1019,5,2023-09-05,10
18228,5402,1059,4,2023-03-12,50
18229,5110,1055,2,2023-04-02,50
18230,5254,1030,9,2023-12-27,40
18231,5088,1079,7,2023-11-17,0
18232,5072,1036,7,2023-09-02,20
18233,5381,1055,4,2023-01-24,0
18234,5030,1044,5,2023-02-14,10
18235,5172,1027,6,2023-07-08,0
18236,5309,1077,2,2023-10-13,30
18237,5394,1078,4,2023-11-17,50
18238,5343,1054,4,2023-12-07,0
18239,5436,1048,4,2023-03-24,40
18240,5177,1030,7,2023-08-10,20
18241,5139,1039,7,2023-12-18,30
18242,5194,1013,7,2023-12-09,30
18243,5186,1016,7,2023-08-07,30
18244,5218,1044,2,2023-08-06,10
18245,5164,1071,5,2023-07-09,10
18246,5161,1027,2,2023-03-08,40
18247,5431,1045,5,2023-01-31,20
18248,5013,1035,6,2023-11-18,0
18249,5296,1079,3,2023-09-07,40
18250,5089,1028,6,2023-02-23,10
18251,5324,1099,5,2023-01-10,40
18252,5042,1007,4,2023-06-15,20
18253,5403,1062,9,2023-12-05,40
18254,5210,1051,8,2023-10-12,50
18255,5229,1046,7,2023-06-02,50
18256,5350,1020,1,2023-02-01,30
18257,5275,1096,9,2023-01-17,0
18258,5442,1038,9,2023-10-28,10
18259,5279,1061,6,2023-11-01,10
18260,5251,1032,7,2023-12-09,50
18261,5310,1026,3,2023-05-26,20
18262,5208,1058,5,2023-03-16,20
18263,5321,1039,7,2023-05-04,20
18264,5140,1020,1,2023-02-21,10
18265,5280,1082,1,2023-07-09,30
18266,5034,1050,5,2023-05-21,0
18267,5309,1079,9,2023-03-29,20
18268,5392,1052,7,2023-03-25,10
18269,5018,1086,1,2023-08-31,30
18270,5057,1022,5,2023-04-16,20
18271,5112,1053,8,2023-04-02,20
18272,5005,1085,8,2023-12-21,0
18273,5410,1066,2,2023-01-21,50
18274,5414,1043,7,2023-01-06,0
18275,5182,1082,5,2023-08-09,40
18276,5013,1023,9,2023-11-05,50
18277,5339,1077,3,2023-03-28,50
18278,5285,1064,1,2023-06-29,50
18279,5259,1009,4,2023-12-08,20
18280,5090,1007,7,2023-12-18,40
18281,5104,1041,1,2023-09-03,10
18282,5379,1054,2,2023-06-23,0
18283,5186,1065,5,2023-04-23,50
18284,5250,1002,9,2023-03-12,50
18285,5255,1004,1,2023-06-07,30
18286,5076,1078,4,2023-10-26,20
18287,5386,1032,3,2023-08-25,20
18288,5459,1100,5,2023-07-06,40
18289,5108,1002,5,2023-08-31,0
18290,5156,1064,2,2023-06-15,50
18291,5082,1014,5,2023-02-03,50
18292,5077,1020,9,2023-09-12,40
18293,5485,1089,5,2023-10-29,20
18294,5470,1049,2,2023-08-08,0
18295,5460,1008,7,2023-02-01,20
18296,5258,1092,6,2023-09-14,0
18297,5127,1063,7,2023-08-21,20
18298,5485,1046,8,2023-08-03,30
18299,5391,1021,5,2023-08-30,50
18300,5282,1087,2,2023-09-02,40
18301,5474,1032,7,2023-01-20,0
18302,5088,1008,7,2023-07-29,40
18303,5204,1095,8,2023-07-29,0
18304,5016,1016,7,2023-03-13,0
18305,5151,1040,7,2023-06-11,50
18306,5424,1027,9,2023-06-27,0
18307,5254,1018,8,2023-01-11,20
18308,5188,1035,2,2023-12-29,10
18309,5329,1052,2,2023-10-26,20
18310,5032,1015,7,2023-09-23,10
18311,5271,1063,3,2023-01-08,50
18312,5485,1053,1,2023-10-02,50
18313,5397,1091,9,2023-07-12,20
18314,5005,1081,3,2023-11-07,10
18315,5459,1066,1,2023-09-16,50
18316,5330,1031,6,2023-02-22,0
18317,5308,1061,4,2023-10-27,0
18318,5333,1064,1,2023-04-06,10
18319,5169,1098,4,2023-10-31,10
18320,5181,1034,8,2023-11-06,40
18321,5366,1055,7,2023-04-02,0
18322,5178,1059,1,2023-05-24,20
18323,5143,1003,9,2023-11-03,40
18324,5362,1017,6,2023-01-18,10
18325,5248,1078,2,2023-05-06,50
18326,5127,1078,3,2023-06-03,20
18327,5263,1046,7,2023-01-06,30
18328,5040,1038,3,2023-11-30,30
18329,5412,1035,3,2023-12-04,50
18330,5416,1001,5,2023-12-02,30
18331,5355,1029,3,2023-03-29,50
18332,5255,1004,3,2023-09-26,20
18333,5143,1061,5,2023-03-06,50
18334,5240,1097,5,2023-06-15,10
18335,5228,1017,9,2023-03-05,20
18336,5341,1028,1,2023-09-27,40
18337,5198,1050,1,2023-05-25,40
18338,5065,1090,9,2023-11-29,30
18339,5388,1008,5,2023-09-26,10
18340,5011,1034,4,2023-11-25,40
18341,5108,1059,2,2023-01-06,0
18342,5026,1018,9,2023-05-01,0
18343,5445,1095,6,2023-12-16,30
18344,5421,1059,9,2023-11-09,30
18345,5151,1027,5,2023-11-05,30
18346,5221,1016,4,2023-10-29,40
18347,5341,1010,7,2023-11-30,10
18348,5496,1076,5,2023-05-12,50
18349,5237,1022,8,2023-10-17,50
18350,5237,1016,8,2023-07-08,30
18351,5497,1012,2,2023-07-28,20
18352,5219,1075,5,2023-02-11,30
18353,5487,1084,8,2023-03-19,50
18354,5424,1051,3,2023-11-16,50
18355,5461,1001,7,2023-05-25,50
18356,5151,1027,3,2023-10-13,40
18357,5123,1067,6,2023-06-20,10
18358,5144,1012,2,2023-04-03,30
18359,5478,1030,6,2023-09-20,0
18360,5189,1009,6,2023-01-23,30
18361,5255,1053,8,2023-10-19,30
18362,5068,1061,5,2023-05-22,10
18363,5104,1054,1,2023-05-28,20
18364,5336,1037,8,2023-04-26,30
18365,5159,1065,9,2023-03-22,30
18366,5309,1042,1,2023-01-25,50
18367,5362,1049,5,2023-04-25,40
18368,5409,1004,6,2023-04-04,10
18369,5300,1064,4,2023-11-01,40
18370,5396,1079,2,2023-07-04,50
18371,5090,1051,5,2023-10-10,30
18372,5357,1091,4,2023-06-04,30
18373,5256,1072,7,2023-06-23,0
18374,5496,1060,6,2023-12-17,40
18375,5353,1087,3,2023-06-22,50
18376,5220,1079,9,2023-06-03,10
18377,5009,1091,4,2023-01-14,30
18378,5012,1031,5,2023-10-31,0
18379,5325,1072,3,2023-05-08,0
18380,5438,1094,8,2023-12-07,20
18381,5244,1058,7,2023-04-02,10
18382,5182,1082,7,2023-09-28,0
18383,5284,1004,8,2023-08-10,10
18384,5312,1022,7,2023-11-03,30
18385,5099,1003,3,2023-11-06,20
18386,5197,1079,3,2023-04-18,50
18387,5482,1099,2,2023-11-27,10
18388,5366,1047,1,2023-01-28,50
18389,5226,1038,5,2023-07-16,20
18390,5333,1033,4,2023-07-19,50
18391,5103,1078,2,2023-06-03,10
18392,5106,1048,1,2023-03-11,50
18393,5365,1065,3,2023-06-09,10
18394,5368,1026,6,2023-12-18,40
18395,5058,1008,2,2023-04-13,20
18396,5078,1050,7,2023-08-24,10
18397,5075,1080,7,2023-07-08,40
18398,5042,1038,3,2023-12-09,40
18399,5422,1010,1,2023-12-27,20
18400,5324,1042,9,2023-04-19,30
18401,5181,1037,5,2023-12-03,20
18402,5033,1026,2,2023-10-28,10
18403,5071,1092,8,2023-09-12,30
18404,5056,1012,4,2023-11-12,20
18405,5105,1084,7,2023-07-12,20
18406,5200,1049,5,2023-03-12,20
18407,5101,1014,3,2023-09-26,20
18408,5256,1046,8,2023-11-30,30
18409,5307,1035,2,2023-07-28,10
18410,5074,1029,1,2023-06-25,40
18411,5171,1012,5,2023-08-27,20
18412,5377,1082,4,2023-04-08,40
18413,5143,1044,7,2023-12-13,40
18414,5166,1066,9,2023-03-30,40
18415,5399,1002,6,2023-09-09,20
18416,5261,1059,1,2023-04-09,20
18417,5221,1017,8,2023-11-25,50
18418,5083,1010,2,2023-11-22,20
18419,5182,1018,4,2023-06-03,20
18420,5307,1022,3,2023-10-22,0
18421,5010,1083,6,2023-10-10,10
18422,5396,1058,2,2023-10-23,0
18423,5004,1053,5,2023-01-31,50
18424,5351,1001,9,2023-05-11,30
18425,5402,1088,3,2023-08-04,0
18426,5336,1061,2,2023-01-15,0
18427,5488,1100,2,2023-11-22,0
18428,5292,1089,9,2023-09-24,10
18429,5281,1100,6,2023-10-13,40
18430,5215,1031,2,2023-10-18,30
18431,5460,1031,3,2023-02-12,30
18432,5098,1066,1,2023-06-17,10
18433,5420,1019,2,2023-12-15,50
18434,5101,1053,2,2023-09-12,0
18435,5451,1076,2,2023-06-19,40
18436,5009,1074,7,2023-09-16,20
18437,5061,1095,3,2023-12-12,10
18438,5309,1022,4,2023-03-19,50
18439,5146,1023,2,2023-12-05,40
18440,5427,1087,5,2023-03-26,50
18441,5419,1015,9,2023-05-29,10
18442,5063,1026,9,2023-07-20,10
18443,5121,1003,7,2023-03-18,20
18444,5226,1087,8,2023-12-27,50
18445,5105,1020,5,2023-09-07,40
18446,5462,1040,5,2023-02-22,50
18447,5260,1039,3,2023-10-27,50
18448,5349,1072,6,2023-10-29,0
18449,5425,1018,1,2023-10-20,50
18450,5255,1041,3,2023-10-21,40
18451,5429,1070,2,2023-04-19,40
18452,5434,1027,7,2023-12-31,0
18453,5207,1100,9,2023-03-29,20
18454,5028,1015,4,2023-06-15,40
18455,5170,1037,7,2023-09-24,50
18456,5336,1058,8,2023-04-03,50
18457,5076,1005,2,2023-06-22,0
18458,5116,1073,7,2023-03-05,10
18459,5069,1007,3,2023-05-06,10
18460,5354,1041,8,2023-08-18,0
18461,5234,1084,6,2023-04-15,10
18462,5001,1010,3,2023-07-28,40
18463,5167,1062,8,2023-03-03,0
18464,5352,1026,3,2023-08-28,50
18465,5218,1068,9,2023-03-02,40
18466,5273,1024,3,2023-12-12,30
18467,5368,1078,1,2023-01-12,20
18468,5251,1041,2,2023-05-17,50
18469,5347,1065,4,2023-07-14,50
18470,5344,1017,2,2023-03-15,20
18471,5419,1024,4,2023-12-29,20
18472,5174,1027,4,2023-05-16,0
18473,5170,1007,4,2023-02-12,30
18474,5246,1073,1,2023-02-08,20
18475,5423,1099,9,2023-01-31,40
18476,5090,1012,7,2023-05-22,50
18477,5049,1085,2,2023-11-16,20
18478,5446,1003,3,2023-12-25,30
18479,5294,1079,8,2023-12-19,40
18480,5407,1085,7,2023-02-13,40
18481,5150,1010,4,2023-07-07,0
18482,5132,1033,4,2023-12-19,0
18483,5433,1046,9,2023-01-02,10
18484,5059,1059,5,2023-10-19,30
18485,5457,1052,5,2023-11-07,40
18486,5324,1006,7,2023-12-09,30
18487,5199,1002,1,2023-11-21,20
18488,5215,1029,3,2023-12-02,50
18489,5386,1040,2,2023-10-23,20
18490,5049,1097,6,2023-01-24,50
18491,5472,1061,6,2023-04-14,10
18492,5232,1068,1,2023-03-03,40
18493,5247,1068,6,2023-06-02,50
18494,5382,1029,2,2023-09-20,40
18495,5479,1062,4,2023-10-21,50
18496,5239,1060,6,2023-08-31,10
18497,5415,1084,3,2023-12-08,20
18498,5367,1041,3,2023-12-08,40
18499,5168,1087,3,2023-12-13,50
18500,5048,1082,4,2023-05-01,30
18501,5051,1089,9,2023-12-19,40
18502,5299,1065,4,2023-06-22,50
18503,5098,1064,4,2023-04-13,50
18504,5439,1079,4,2023-06-09,20
18505,5216,1063,7,2023-09-14,40
18506,5177,1098,5,2023-07-21,40
18507,5380,1048,2,2023-02-14,0
18508,5474,1020,7,2023-03-05,50
18509,5080,1037,3,2023-07-15,40
18510,5185,1064,1,2023-03-11,50
18511,5367,1091,9,2023-06-30,10
18512,5461,1086,5,2023-11-27,10
18513,5399,1005,1,2023-09-04,30
18514,5027,1034,1,2023-11-25,40
18515,5452,1039,1,2023-06-07,30
18516,5464,1067,9,2023-07-05,20
18517,5448,1081,8,2023-08-19,50
18518,5478,1062,6,2023-03-14,20
18519,5492,1088,6,2023-02-24,0
18520,5414,1024,6,2023-08-31,0
18521,5420,1003,4,2023-10-29,40
18522,5195,1071,5,2023-12-19,40
18523,5214,1089,3,2023-08-03,30
18524,5369,1067,3,2023-01-15,30
18525,5342,1079,7,2023-05-27,40
18526,5114,1093,5,2023-05-24,40
18527,5242,1050,8,2023-01-25,0
18528,5124,1029,5,2023-04-09,0
18529,5305,1074,4,2023-06-28,0
18530,5076,1032,3,2023-11-29,40
18531,5311,1087,2,2023-06-23,30
18532,5469,1039,3,2023-09-20,10
18533,5312,1009,7,2023-10-17,10
18534,5196,1014,8,2023-02-27,30
18535,5351,1068,5,2023-11-30,30
18536,5044,1064,1,2023-10-06,30
18537,5415,1020,3,2023-05-25,0
18538,5186,1028,4,2023-05-02,20
18539,5343,1014,4,2023-01-27,40
18540,5246,1044,1,2023-03-07,0
18541,5437,1098,9,2023-04-11,10
18542,5084,1077,4,2023-04-04,40
18543,5207,1095,2,2023-03-08,30
18544,5151,1097,9,2023-09-07,50
18545,5156,1039,4,2023-05-22,10
18546,5016,1028,4,2023-09-24,30
18547,5165,1064,6,2023-02-09,50
18548,5405,1089,8,2023-08-03,30
18549,5463,1032,5,2023-05-11,30
18550,5145,1009,8,2023-01-01,40
18551,5498,1028,1,2023-01-09,10
18552,5037,1095,4,2023-11-25,10
18553,5333,1017,1,2023-11-28,30
18554,5403,1087,3,2023-05-24,0
18555,5414,1077,7,2023-12-16,20
18556,5045,1055,1,2023-11-24,50
18557,5402,1010,5,2023-10-29,0
18558,5206,1080,1,2023-05-18,40
18559,5062,1006,6,2023-12-24,50
18560,5420,1048,9,2023-10-24,20
18561,5356,1075,3,2023-06-28,0
18562,5468,1067,6,2023-10-05,50
18563,5308,1092,4,2023-05-24,10
18564,5019,1041,6,2023-12-05,0
18565,5365,1079,2,2023-07-09,30
18566,5300,1060,4,2023-11-27,40
18567,5007,1077,7,2023-09-27,0
18568,5249,1042,6,2023-07-06,50
18569,5428,1081,9,2023-06-03,0
18570,5117,1071,7,2023-06-21,50
18571,5068,1028,1,2023-09-04,20
18572,5034,1013,6,2023-01-11,30
18573,5194,1081,3,2023-02-16,20
18574,5325,1015,8,2023-09-23,40
18575,5055,1036,1,2023-11-13,40
18576,5266,1092,2,2023-04-21,50
18577,5480,1015,3,2023-10-28,30
18578,5042,1075,3,2023-10-30,20
18579,5297,1056,7,2023-10-06,30
18580,5461,1095,8,2023-10-19,20
18581,5231,1004,9,2023-09-09,50
18582,5453,1099,7,2023-03-17,50
18583,5378,1098,8,2023-06-24,50
18584,5394,1052,6,2023-04-19,10
18585,5010,1091,2,2023-12-06,30
18586,5358,1010,1,2023-12-02,40
18587,5475,1094,3,2023-01-14,20
18588,5444,1045,9,2023-06-30,10
18589,5128,1084,7,2023-11-18,40
18590,5179,1029,2,2023-09-29,20
18591,5405,1053,1,2023-02-12,10
18592,5392,1029,2,2023-04-12,40
18593,5193,1023,3,2023-04-23,40
18594,5092,1057,6,2023-07-12,10
18595,5369,1050,9,2023-01-09,40
18596,5231,1021,8,2023-05-29,20
18597,5078,1043,9,2023-12-04,20
18598,5085,1010,8,2023-08-12,40
18599,5030,1076,7,2023-04-20,0
18600,5213,1030,6,2023-12-20,50
18601,5049,1051,8,2023-03-25,10
18602,5265,1033,6,2023-02-12,0
18603,5145,1018,2,2023-03-07,20
18604,5069,1078,9,2023-04-19,40
18605,5058,1022,9,2023-04-12,30
18606,5185,1064,3,2023-05-15,30
18607,5062,1021,9,2023-03-27,50
18608,5479,1001,2,2023-03-25,0
18609,5308,1015,3,2023-08-15,0
18610,5445,1036,6,2023-09-17,0
18611,5296,1047,4,2023-01-20,20
18612,5166,1054,8,2023-02-04,50
18613,5171,1086,1,2023-12-19,50
18614,5063,1032,6,2023-08-31,20
18615,5147,1058,2,2023-09-27,50
18616,5484,1046,6,2023-08-11,40
18617,5306,1054,1,2023-10-31,20
18618,5161,1033,2,2023-06-07,40
18619,5141,1039,9,2023-10-12,40
18620,5334,1023,6,2023-02-05,0
18621,5097,1043,8,2023-10-25,30
18622,5446,1055,7,2023-01-29,0
18623,5221,1002,9,2023-09-12,20
18624,5043,1066,9,2023-05-22,10
18625,5433,1038,4,2023-05-14,20
18626,5292,1029,7,2023-05-24,30
18627,5378,1067,5,2023-10-24,20
18628,5108,1071,7,2023-12-07,30
18629,5266,1036,4,2023-09-02,10
18630,5095,1029,1,2023-09-11,10
18631,5262,1037,4,2023-12-30,50
18632,5313,1100,3,2023-01-05,40
18633,5385,1087,9,2023-09-23,20
18634,5071,1045,5,2023-08-27,40
18635,5442,1016,4,2023-09-07,0
18636,5219,1031,8,2023-10-18,0
18637,5021,1034,5,2023-01-31,0
18638,5092,1050,3,2023-04-30,50
18639,5127,1065,2,2023-03-20,0
18640,5080,1082,8,2023-01-09,0
18641,5312,1062,2,2023-02-13,20
18642,5238,1043,8,2023-08-10,40
18643,5471,1056,5,2023-05-24,40
18644,5372,1015,8,2023-04-30,30
18645,5404,1048,5,2023-02-22,0
18646,5486,1049,1,2023-03-06,10
18647,5182,1081,2,2023-06-25,30
18648,5025,1044,6,2023-03-11,30
18649,5156,1010,3,2023-10-29,20
18650,5005,1020,8,2023-05-01,30
18651,5120,1070,5,2023-07-22,10
18652,5277,1008,3,2023-10-16,40
18653,5018,1045,7,2023-06-29,30
18654,5431,1034,8,2023-03-22,20
18655,5198,1096,4,2023-02-24,0
18656,5057,1051,9,2023-06-28,10
18657,5093,1004,6,2023-04-08,0
18658,5019,1039,1,2023-04-20,50
18659,5384,1084,5,2023-06-02,30
18660,5353,1024,5,2023-05-05,40
18661,5193,1088,7,2023-04-01,20
18662,5237,1055,7,2023-10-21,10
18663,5387,1026,6,2023-02-06,40
18664,5426,1025,8,2023-01-05,10
18665,5277,1036,2,2023-12-04,20
18666,5227,1071,7,2023-05-30,20
18667,5233,1074,7,2023-11-12,30
18668,5040,1058,4,2023-06-21,10
18669,5323,1012,2,2023-09-19,50
18670,5153,1001,4,2023-01-27,50
18671,5127,1050,4,2023-02-24,30
18672,5237,1025,6,2023-11-16,10
18673,5486,1080,7,2023-09-06,10
18674,5493,1005,3,2023-09-30,0
18675,5055,1083,1,2023-09-16,30
18676,5468,1068,3,2023-09-23,10
18677,5436,1006,9,2023-07-10,10
18678,5172,1026,1,2023-03-04,20
18679,5109,1055,8,2023-12-11,0
18680,5354,1039,2,2023-12-07,50
18681,5469,1009,6,2023-04-14,50
18682,5184,1045,3,2023-10-15,20
18683,5439,1014,7,2023-09-16,30
18684,5368,1055,2,2023-06-10,50
18685,5471,1009,4,2023-06-20,30
18686,5198,1015,9,2023-04-19,10
18687,5371,1037,6,2023-05-20,40
18688,5373,1050,4,2023-04-03,20
18689,5461,1084,2,2023-04-13,30
18690,5497,1072,9,2023-08-14,10
18691,5087,1096,4,2023-12-19,10
18692,5201,1021,9,2023-06-09,20
18693,5337,1057,2,2023-07-14,50
18694,5322,1019,7,2023-11-20,10
18695,5275,1093,5,2023-05-25,0
18696,5211,1058,8,2023-08-30,50
18697,5391,1095,8,2023-05-12,40
18698,5118,1006,4,2023-04-03,20
18699,5191,1004,4,2023-09-30,20
18700,5042,1043,8,2023-07-11,20
18701,5042,1093,3,2023-01-22,10
18702,5315,1042,7,2023-07-13,10
18703,5276,1003,8,2023-06-19,20
18704,5329,1001,8,2023-01-11,20
18705,5017,1055,4,2023-06-30,0
18706,5283,1015,9,2023-08-20,30
18707,5431,1047,4,2023-01-29,50
18708,5258,1085,8,2023-01-20,50
18709,5063,1046,6,2023-01-05,0
18710,5062,1058,5,2023-02-03,20
18711,5100,1095,4,2023-05-20,10
18712,5019,1071,5,2023-01-28,10
18713,5017,1081,1,2023-04-08,20
18714,5325,1083,7,2023-09-19,30
18715,5423,1039,8,2023-09-03,40
18716,5466,1003,9,2023-01-19,40
18717,5373,1030,3,2023-01-12,0
18718,5246,1035,9,2023-01-25,50
18719,5251,1057,5,2023-01-13,30
18720,5455,1029,6,2023-03-17,40
18721,5081,1050,1,2023-09-16,30
18722,5039,1062,9,2023-01-24,10
18723,5036,1052,9,2023-01-08,10
18724,5424,1014,6,2023-08-16,30
18725,5429,1035,8,2023-05-03,20
18726,5388,1028,4,2023-03-31,40
18727,5486,1058,5,2023-10-28,40
18728,5409,1030,5,2023-08-12,10
18729,5197,1090,7,2023-08-12,50
18730,5158,1007,7,2023-09-14,0
18731,5204,1039,7,2023-01-03,40
18732,5196,1095,5,2023-11-17,10
18733,5216,1069,4,2023-09-28,10
18734,5285,1035,8,2023-11-02,30
18735,5457,1052,1,2023-05-28,30
18736,5196,1014,1,2023-07-08,50
18737,5307,1063,6,2023-07-06,30
18738,5152,1036,2,2023-07-07,0
18739,5014,1091,3,2023-05-04,40
18740,5325,1024,4,2023-02-06,0
18741,5146,1040,2,2023-05-29,0
18742,5426,1029,7,2023-04-16,30
18743,5057,1053,1,2023-04-13,50
18744,5211,1022,3,2023-08-20,10
18745,5268,1072,2,2023-12-21,20
18746,5210,1015,9,2023-05-26,10
18747,5017,1069,8,2023-01-17,10
18748,5286,1064,3,2023-06-08,10
18749,5344,1004,5,2023-10-31,10
18750,5203,1075,3,2023-10-09,0
18751,5099,1018,6,2023-10-05,30
18752,5279,1042,5,2023-05-05,30
18753,5209,1030,2,2023-06-22,10
18754,5129,1015,8,2023-11-16,20
18755,5335,1070,6,2023-06-12,40
18756,5288,1055,3,2023-07-22,10
18757,5252,1053,1,2023-12-04,10
18758,5265,1016,5,2023-06-04,20
18759,5271,1073,2,2023-11-20,0
18760,5412,1034,2,2023-09-18,10
18761,5408,1027,9,2023-07-05,20
18762,5188,1013,7,2023-02-26,0
18763,5419,1100,6,2023-08-05,0
18764,5214,1027,1,2023-07-27,50
18765,5283,1073,2,2023-07-21,50
18766,5211,1069,7,2023-03-15,50
18767,5365,1086,3,2023-03-26,10
18768,5076,1031,2,2023-04-30,0
18769,5148,1003,6,2023-01-14,10
18770,5321,1030,8,2023-11-24,10
18771,5213,1021,8,2023-05-09,30
18772,5433,1099,2,2023-10-09,40
18773,5109,1006,6,2023-02-18,40
18774,5129,1092,5,2023-12-25,30
18775,5010,1032,7,2023-08-30,10
18776,5047,1042,4,2023-11-18,20
18777,5379,1062,2,2023-02-22,0
18778,5315,1089,3,2023-09-22,30
18779,5096,1032,9,2023-03-10,50
18780,5446,1099,8,2023-02-09,30
18781,5103,1086,9,2023-07-03,30
18782,5380,1088,5,2023-05-13,30
18783,5342,1039,5,2023-02-25,40
18784,5146,1064,7,2023-09-12,10
18785,5368,1030,7,2023-01-05,30
18786,5430,1063,1,2023-03-10,30
18787,5416,1096,5,2023-02-21,30
18788,5027,1031,8,2023-11-25,20
18789,5220,1087,7,2023-04-08,20
18790,5018,1040,2,2023-06-10,0
18791,5167,1033,8,2023-09-28,10
18792,5433,1063,2,2023-03-06,30
18793,5477,1025,1,2023-11-23,0
18794,5082,1036,3,2023-08-31,50
18795,5428,1024,3,2023-09-19,0
18796,5072,1095,6,2023-07-31,50
18797,5310,1058,3,2023-06-03,50
18798,5479,1039,7,2023-08-22,10
18799,5254,1046,8,2023-05-20,20
18800,5162,1077,3,2023-11-29,10
18801,5327,1010,9,2023-04-25,0
18802,5420,1087,1,2023-11-29,50
18803,5402,1082,3,2023-05-10,10
18804,5038,1032,3,2023-06-27,20
18805,5443,1097,7,2023-04-05,0
18806,5393,1036,5,2023-11-13,10
18807,5201,1028,4,2023-04-11,30
18808,5494,1016,2,2023-07-15,30
18809,5200,1016,7,2023-10-17,10
18810,5255,1018,3,2023-07-27,10
18811,5179,1008,7,2023-04-05,50
18812,5035,1080,7,2023-04-13,50
18813,5082,1075,2,2023-01-08,20
18814,5389,1070,7,2023-05-16,0
18815,5398,1001,6,2023-04-08,10
18816,5220,1062,4,2023-09-18,0
18817,5158,1076,5,2023-05-27,30
18818,5004,1038,8,2023-07-04,0
18819,5167,1092,5,2023-08-20,40
18820,5468,1045,3,2023-04-11,20
18821,5448,1058,2,2023-05-27,20
18822,5409,1081,6,2023-07-24,0
18823,5412,1001,6,2023-02-15,20
18824,5204,1032,7,2023-04-14,0
18825,5194,1008,8,2023-12-02,0
18826,5235,1040,4,2023-08-10,30
18827,5206,1056,8,2023-04-28,0
18828,5150,1063,1,2023-01-05,20
18829,5159,1088,6,2023-07-30,40
18830,5279,1074,6,2023-02-24,10
18831,5304,1074,3,2023-01-19,20
18832,5404,1036,9,2023-03-29,40
18833,5381,1089,5,2023-09-04,20
18834,5166,1057,1,2023-04-27,40
18835,5311,1074,7,2023-06-19,20
18836,5068,1083,3,2023-05-30,10
18837,5463,1045,4,2023-10-22,30
18838,5088,1079,6,2023-07-27,30
18839,5217,1080,8,2023-10-10,10
18840,5001,1002,4,2023-11-28,20
18841,5135,1093,9,2023-06-23,40
18842,5185,1068,8,2023-05-07,0
18843,5351,1050,6,2023-06-05,20
18844,5140,1029,7,2023-06-29,10
18845,5106,1095,8,2023-03-28,50
18846,5133,1081,2,2023-11-20,30
18847,5108,1010,5,2023-09-24,30
18848,5178,1027,7,2023-03-23,20
18849,5298,1015,8,2023-03-05,40
18850,5358,1060,5,2023-04-29,10
18851,5380,1031,3,2023-12-07,10
18852,5396,1021,6,2023-11-09,40
18853,5359,1060,5,2023-06-12,40
18854,5146,1058,8,2023-10-20,20
18855,5450,1041,9,2023-06-27,20
18856,5074,1046,9,2023-01-30,50
18857,5463,1045,6,2023-06-10,30
18858,5478,1026,4,2023-01-03,30
18859,5108,1051,4,2023-01-24,40
18860,5122,1036,9,2023-02-28,0
18861,5017,1052,4,2023-08-25,0
18862,5196,1081,8,2023-08-28,0
18863,5327,1051,9,2023-11-07,10
18864,5318,1003,5,2023-11-17,20
18865,5297,1014,6,2023-06-09,40
18866,5479,1049,3,2023-03-01,30
18867,5499,1077,5,2023-08-28,0
18868,5252,1091,5,2023-11-18,30
18869,5487,1001,2,2023-02-28,20
18870,5119,1057,6,2023-02-22,50
18871,5162,1017,9,2023-03-05,50
18872,5198,1050,7,2023-05-01,40
18873,5498,1098,8,2023-04-29,0
18874,5486,1014,2,2023-10-13,0
18875,5045,1059,9,2023-01-18,50
18876,5314,1081,3,2023-01-05,40
18877,5179,1003,5,2023-11-21,30
18878,5382,1098,7,2023-06-09,20
18879,5418,1040,4,2023-05-22,50
18880,5044,1089,7,2023-01-18,50
18881,5271,1066,8,2023-03-09,20
18882,5078,1034,4,2023-04-24,20
18883,5326,1090,5,2023-01-22,50
18884,5178,1095,3,2023-01-20,30
18885,5357,1009,5,2023-09-20,30
18886,5498,1094,8,2023-04-08,0
18887,5416,1084,3,2023-04-15,30
18888,5451,1021,5,2023-10-13,10
18889,5003,1093,1,2023-01-05,40
18890,5214,1025,2,2023-05-09,30
18891,5342,1044,3,2023-06-08,20
18892,5074,1025,1,2023-09-08,30
18893,5051,1009,9,2023-10-03,0
18894,5067,1062,9,2023-03-24,40
18895,5332,1026,5,2023-11-16,40
18896,5093,1057,4,2023-04-28,20
18897,5176,1037,5,2023-01-29,40
18898,5145,1016,4,2023-12-24,10
18899,5007,1037,5,2023-05-18,40
18900,5269,1076,7,2023-06-06,50
18901,5376,1024,8,2023-01-31,20
18902,5322,1026,2,2023-11-27,40
18903,5004,1020,4,2023-10-13,30
18904,5138,1009,8,2023-06-02,0
18905,5231,1087,7,2023-12-02,50
18906,5088,1029,9,2023-02-27,50
18907,5017,1031,5,2023-11-09,30
18908,5052,1019,6,2023-03-28,50
18909,5134,1020,8,2023-05-03,10
18910,5211,1087,5,2023-07-10,10
18911,5325,1027,9,2023-12-19,0
18912,5480,1094,4,2023-10-20,0
18913,5458,1085,8,2023-11-10,0
18914,5393,1044,3,2023-01-28,0
18915,5219,1035,5,2023-06-04,40
18916,5205,1071,8,2023-08-18,50
18917,5211,1022,7,2023-02-06,30
18918,5277,1074,1,2023-01-06,10
18919,5024,1087,4,2023-11-14,40
18920,5486,1015,2,2023-08-13,0
18921,5004,1094,2,2023-02-02,20
18922,5152,1098,7,2023-03-30,20
18923,5443,1013,3,2023-11-30,30
18924,5483,1004,3,2023-02-09,10
18925,5259,1082,6,2023-06-18,10
18926,5324,1056,6,2023-10-25,30
18927,5357,1023,1,2023-01-18,0
18928,5168,1097,1,2023-01-15,0
18929,5176,1098,6,2023-05-12,50
18930,5310,1034,7,2023-10-17,10
18931,5291,1100,9,2023-11-14,10
18932,5479,1099,4,2023-10-21,10
18933,5056,1017,6,2023-07-28,0
18934,5108,1028,3,2023-11-23,20
18935,5473,1014,4,2023-10-06,30
18936,5296,1034,9,2023-10-03,30
18937,5461,1075,1,2023-11-05,40
18938,5324,1057,5,2023-10-04,40
18939,5302,1077,7,2023-03-17,20
18940,5334,1097,3,2023-10-25,10
18941,5141,1055,2,2023-11-09,20
18942,5155,1066,2,2023-12-13,40
18943,5262,1098,1,2023-04-22,50
18944,5273,1093,5,2023-09-23,40
18945,5420,1037,3,2023-03-13,30
18946,5232,1068,7,2023-11-13,20
18947,5241,1076,1,2023-01-21,0
18948,5355,1026,9,2023-07-07,40
18949,5337,1061,2,2023-05-01,30
18950,5489,1092,8,2023-12-08,10
18951,5258,1067,4,2023-05-21,20
18952,5249,1084,6,2023-10-31,40
18953,5077,1074,9,2023-07-23,0
18954,5180,1052,7,2023-07-28,40
18955,5066,1018,8,2023-01-09,0
18956,5308,1053,7,2023-07-04,20
18957,5348,1063,2,2023-10-23,50
18958,5171,1053,9,2023-11-28,0
18959,5474,1027,1,2023-07-20,0
18960,5022,1031,2,2023-03-05,30
18961,5367,1091,3,2023-12-16,50
18962,5107,1001,3,2023-11-22,20
18963,5439,1006,4,2023-11-16,40
18964,5323,1011,5,2023-01-25,50
18965,5227,1034,6,2023-06-05,10
18966,5444,1084,1,2023-08-09,20
18967,5442,1063,8,2023-10-19,50
18968,5396,1053,6,2023-05-19,20
18969,5216,1085,9,2023-01-21,10
18970,5069,1085,5,2023-06-03,40
18971,5084,1018,7,2023-03-09,30
18972,5103,1021,4,2023-02-10,50
18973,5039,1019,6,2023-01-15,40
18974,5013,1004,6,2023-10-06,10
18975,5297,1077,4,2023-06-18,40
18976,5313,1082,6,2023-05-14,20
18977,5181,1029,8,2023-07-18,30
18978,5493,1025,5,2023-08-26,0
18979,5268,1056,2,2023-04-22,50
18980,5013,1077,9,2023-02-21,40
18981,5120,1063,4,2023-05-17,0
18982,5458,1027,4,2023-09-12,30
18983,5353,1060,7,2023-04-25,0
18984,5057,1083,6,2023-06-07,40
18985,5040,1049,4,2023-10-27,10
18986,5374,1065,6,2023-09-21,50
18987,5336,1038,3,2023-12-21,20
18988,5128,1083,7,2023-11-03,20
18989,5173,1052,6,2023-04-09,50
18990,5035,1001,3,2023-05-01,0
18991,5259,1040,1,2023-03-31,20
18992,5376,1081,5,2023-01-30,50
18993,5005,1021,2,2023-08-18,50
18994,5218,1086,7,2023-05-19,20
18995,5011,1015,7,2023-09-11,10
18996,5382,1050,4,2023-01-31,0
18997,5327,1048,6,2023-06-11,10
18998,5117,1032,1,2023-06-05,10
18999,5184,1049,2,2023-11-19,30
19000,5394,1068,6,2023-04-27,0
19001,5362,1045,2,2023-07-10,10
19002,5116,1032,4,2023-06-25,40
19003,5162,1004,4,2023-01-05,20
19004,5067,1065,9,2023-11-29,0
19005,5200,1097,7,2023-01-12,30
19006,5031,1071,7,2023-02-28,10
19007,5075,1073,1,2023-11-17,40
19008,5237,1065,5,2023-11-04,20
19009,5327,1080,3,2023-10-26,20
19010,5493,1018,3,2023-09-07,40
19011,5066,1054,6,2023-12-05,0
19012,5070,1047,4,2023-04-03,20
19013,5297,1006,8,2023-11-15,20
19014,5447,1066,4,2023-04-21,20
19015,5416,1009,8,2023-11-02,50
19016,5020,1068,4,2023-10-22,10
19017,5441,1023,3,2023-12-02,10
19018,5226,1043,5,2023-01-17,20
19019,5434,1051,5,2023-08-08,30
19020,5464,1072,1,2023-10-26,50
19021,5409,1025,8,2023-11-01,20
19022,5396,1080,8,2023-01-05,0
19023,5199,1035,8,2023-05-09,50
19024,5039,1017,4,2023-11-19,30
19025,5145,1018,9,2023-04-22,0
19026,5045,1027,3,2023-01-24,40
19027,5395,1015,7,2023-01-29,40
19028,5326,1081,6,2023-05-12,10
19029,5381,1069,9,2023-02-13,50
19030,5407,1080,4,2023-11-17,10
19031,5091,1015,4,2023-07-26,10
19032,5238,1042,6,2023-08-04,50
19033,5070,1034,8,2023-09-01,40
19034,5166,1048,3,2023-01-31,50
19035,5130,1083,8,2023-09-23,0
19036,5214,1008,8,2023-01-11,30
19037,5340,1010,7,2023-03-23,10
19038,5089,1005,7,2023-06-05,40
19039,5335,1048,5,2023-06-15,10
19040,5252,1026,2,2023-07-27,20
19041,5369,1086,2,2023-01-24,30
19042,5349,1023,8,2023-10-22,0
19043,5072,1062,6,2023-06-28,10
19044,5165,1013,8,2023-11-28,20
19045,5049,1009,3,2023-02-19,20
19046,5052,1020,1,2023-01-07,30
19047,5289,1092,6,2023-04-10,40
19048,5278,1057,2,2023-03-22,40
19049,5114,1024,9,2023-08-29,10
19050,5239,1033,5,2023-11-20,10
19051,5133,1020,5,2023-06-30,40
19052,5487,1060,8,2023-10-20,0
19053,5274,1048,6,2023-03-24,0
19054,5166,1064,3,2023-02-23,20
19055,5374,1030,9,2023-03-31,30
19056,5373,1073,4,2023-07-22,0
19057,5293,1017,4,2023-01-31,10
19058,5478,1100,2,2023-07-12,0
19059,5243,1014,3,2023-04-10,30
19060,5479,1019,4,2023-12-15,10
19061,5320,1071,7,2023-03-30,30
19062,5138,1059,3,2023-05-03,40
19063,5079,1067,8,2023-02-16,30
19064,5170,1097,8,2023-05-26,30
19065,5123,1044,2,2023-01-03,30
19066,5176,1032,4,2023-01-18,10
19067,5300,1011,8,2023-11-10,30
19068,5082,1002,1,2023-11-23,30
19069,5087,1090,1,2023-03-22,50
19070,5225,1068,4,2023-06-02,50
19071,5016,1017,2,2023-11-04,20
19072,5310,1081,1,2023-10-26,10
19073,5358,1092,8,2023-03-08,50
19074,5163,1094,2,2023-03-30,30
19075,5098,1040,4,2023-05-15,0
19076,5156,1087,3,2023-07-21,30
19077,5002,1046,2,2023-06-28,0
19078,5350,1088,8,2023-12-05,40
19079,5397,1093,3,2023-03-20,40
19080,5169,1004,9,2023-03-26,10
19081,5464,1038,5,2023-01-21,10
19082,5315,1063,9,2023-06-14,40
19083,5325,1029,3,2023-01-28,10
19084,5375,1019,5,2023-08-25,0
19085,5092,1091,6,2023-10-15,0
19086,5181,1029,9,2023-07-04,20
19087,5231,1100,8,2023-11-06,10
19088,5301,1035,2,2023-06-04,10
19089,5148,1070,2,2023-05-03,20
19090,5280,1023,5,2023-03-28,30
19091,5189,1046,5,2023-07-21,0
19092,5347,1044,5,2023-02-09,30
19093,5350,1048,4,2023-06-18,50
19094,5314,1052,8,2023-03-11,20
19095,5493,1008,5,2023-10-07,50
19096,5411,1055,1,2023-11-26,50
19097,5410,1066,5,2023-12-20,10
19098,5128,1077,1,2023-11-24,30
19099,5007,1040,4,2023-01-27,10
19100,5426,1085,1,2023-12-11,20
19101,5047,1031,6,2023-05-11,40
19102,5053,1048,6,2023-10-04,10
19103,5187,1100,1,2023-10-22,50
19104,5038,1061,8,2023-10-15,50
19105,5453,1052,4,2023-09-11,30
19106,5471,1038,2,2023-03-26,30
19107,5476,1091,1,2023-01-09,20
19108,5226,1036,3,2023-02-19,30
19109,5053,1087,7,2023-01-01,0
19110,5399,1055,8,2023-01-04,10
19111,5224,1085,5,2023-01-04,50
19112,5154,1013,7,2023-03-31,0
19113,5048,1037,2,2023-06-11,20
19114,5351,1047,4,2023-06-04,50
19115,5147,1090,6,2023-01-15,0
19116,5393,1071,5,2023-12-31,0
19117,5064,1022,6,2023-02-01,50
19118,5349,1039,2,2023-03-04,10
19119,5182,1087,7,2023-12-30,10
19120,5125,1058,8,2023-04-18,40
19121,5179,1030,9,2023-01-14,0
19122,5039,1018,6,2023-01-23,10
19123,5260,1018,7,2023-04-21,0
19124,5382,1074,1,2023-11-17,0
19125,5003,1039,9,2023-06-09,20
19126,5064,1094,6,2023-02-10,20
19127,5029,1026,4,2023-10-09,50
19128,5372,1071,9,2023-10-31,0
19129,5011,1007,1,2023-05-24,20
19130,5097,1069,2,2023-10-15,50
19131,5358,1065,3,2023-06-02,10
19132,5442,1046,1,2023-03-23,0
19133,5203,1018,2,2023-12-31,20
19134,5411,1013,2,2023-08-14,10
19135,5481,1025,7,2023-06-01,0
19136,5021,1008,6,2023-09-16,50
19137,5039,1074,9,2023-11-14,0
19138,5223,1032,5,2023-03-20,20
19139,5102,1017,9,2023-07-14,10
19140,5046,1079,9,2023-08-11,0
19141,5066,1079,2,2023-09-23,0
19142,5091,1048,9,2023-08-18,50
19143,5164,1063,3,2023-05-30,40
19144,5459,1040,3,2023-05-16,0
19145,5111,1084,9,2023-05-03,40
19146,5338,1015,7,2023-12-24,40
19147,5123,1099,8,2023-04-20,10
19148,5193,1006,7,2023-05-23,30
19149,5447,1094,9,2023-03-11,50
19150,5099,1063,8,2023-02-23,40
19151,5291,1008,4,2023-11-28,10
19152,5159,1095,2,2023-02-09,50
19153,5412,1032,5,2023-07-16,20
19154,5103,1045,2,2023-01-27,40
19155,5385,1052,4,2023-11-26,30
19156,5281,1079,2,2023-10-26,20
19157,5043,1082,5,2023-06-29,50
19158,5486,1013,6,2023-02-15,40
19159,5084,1024,1,2023-05-22,40
19160,5451,1040,8,2023-11-16,30
19161,5191,1014,2,2023-04-08,0
19162,5051,1092,5,2023-05-06,30
19163,5386,1075,8,2023-02-27,10
19164,5210,1070,5,2023-06-26,10
19165,5126,1062,3,2023-07-26,30
19166,5492,1089,6,2023-10-12,30
19167,5448,1061,1,2023-06-03,30
19168,5458,1001,1,2023-01-27,30
19169,5069,1089,8,2023-11-19,30
19170,5265,1066,7,2023-06-12,40
19171,5258,1032,3,2023-09-07,50
19172,5418,1013,8,2023-07-07,50
19173,5188,1033,8,2023-11-30,20
19174,5230,1032,1,2023-03-31,10
19175,5189,1056,7,2023-05-11,10
19176,5415,1024,2,2023-10-25,50
19177,5010,1091,2,2023-01-13,50
19178,5114,1004,2,2023-01-29,20
19179,5076,1088,5,2023-09-22,30
19180,5164,1023,7,2023-02-01,50
19181,5085,1029,4,2023-05-30,50
19182,5049,1098,4,2023-03-27,20
19183,5495,1021,9,2023-02-27,30
19184,5326,1030,9,2023-02-26,10
19185,5496,1090,7,2023-01-25,50
19186,5177,1020,4,2023-07-09,0
19187,5387,1016,8,2023-03-17,10
19188,5458,1067,3,2023-12-05,10
19189,5389,1049,3,2023-08-13,0
19190,5494,1058,7,2023-07-02,20
19191,5218,1044,9,2023-06-03,40
19192,5189,1025,4,2023-09-26,30
19193,5469,1023,4,2023-10-05,30
19194,5493,1059,1,2023-12-06,10
19195,5346,1001,1,2023-12-29,0
19196,5230,1097,3,2023-01-23,10
19197,5255,1015,7,2023-01-14,10
19198,5236,1081,9,2023-04-04,50
19199,5026,1098,4,2023-12-09,20
19200,5072,1081,2,2023-02-21,30
19201,5261,1052,6,2023-12-05,40
19202,5254,1058,6,2023-02-10,0
19203,5271,1041,9,2023-06-13,40
19204,5123,1044,4,2023-01-06,0
19205,5144,1004,8,2023-05-18,30
19206,5257,1077,3,2023-04-09,20
19207,5144,1068,2,2023-12-07,40
19208,5421,1007,9,2023-08-12,0
19209,5259,1046,6,2023-11-12,10
19210,5436,1009,8,2023-01-30,30
19211,5047,1087,9,2023-08-13,20
19212,5351,1033,1,2023-11-22,50
19213,5013,1033,1,2023-09-18,10
19214,5376,1084,5,2023-09-04,20
19215,5208,1004,9,2023-03-20,0
19216,5311,1065,7,2023-07-04,10
19217,5235,1034,7,2023-10-26,50
19218,5149,1091,2,2023-06-29,50
19219,5322,1085,3,2023-03-18,20
19220,5438,1088,4,2023-09-19,30
19221,5155,1079,2,2023-08-17,40
19222,5166,1099,9,2023-01-02,50
19223,5090,1064,5,2023-01-17,50
19224,5186,1025,7,2023-12-10,40
19225,5318,1055,9,2023-01-12,10
19226,5358,1009,5,2023-07-01,30
19227,5174,1017,6,2023-11-30,30
19228,5217,1021,4,2023-01-07,20
19229,5395,1060,8,2023-09-03,10
19230,5456,1013,1,2023-06-06,30
19231,5264,1003,1,2023-06-23,20
19232,5097,1068,5,2023-11-25,30
19233,5117,1004,9,2023-11-30,10
19234,5199,1092,2,2023-06-30,30
19235,5320,1007,3,2023-10-08,30
19236,5486,1026,8,2023-11-05,30
19237,5021,1075,5,2023-08-25,40
19238,5200,1024,3,2023-06-06,0
19239,5371,1010,6,2023-09-08,10
19240,5447,1013,6,2023-08-09,40
19241,5341,1044,5,2023-12-04,0
19242,5448,1039,5,2023-08-11,50
19243,5248,1019,6,2023-07-30,30
19244,5276,1051,2,2023-12-03,30
19245,5264,1019,6,2023-05-14,40
19246,5058,1076,2,2023-11-28,20
19247,5302,1052,3,2023-09-16,10
19248,5031,1086,2,2023-02-04,0
19249,5498,1047,1,2023-07-02,30
19250,5249,1030,1,2023-10-30,10
19251,5093,1046,9,2023-06-10,30
19252,5496,1076,4,2023-04-03,30
19253,5265,1093,5,2023-07-16,30
19254,5271,1021,7,2023-11-11,10
19255,5094,1075,2,2023-07-25,40
19256,5154,1048,9,2023-12-18,10
19257,5394,1062,4,2023-01-18,10
19258,5285,1058,1,2023-08-22,50
19259,5080,1018,8,2023-11-29,20
19260,5292,1059,4,2023-03-07,20
19261,5084,1091,7,2023-09-01,40
19262,5365,1048,3,2023-10-03,20
19263,5374,1063,9,2023-07-18,40
19264,5037,1012,5,2023-01-18,30
19265,5342,1087,5,2023-03-13,30
19266,5327,1034,3,2023-06-04,10
19267,5407,1061,9,2023-06-19,30
19268,5425,1087,3,2023-11-18,20
19269,5232,1053,2,2023-12-21,0
19270,5093,1025,9,2023-10-09,10
19271,5336,1062,9,2023-05-31,40
19272,5102,1004,4,2023-09-18,30
19273,5412,1094,4,2023-03-21,10
19274,5432,1094,6,2023-04-16,10
19275,5166,1013,9,2023-01-11,10
19276,5159,1042,8,2023-07-27,30
19277,5014,1049,3,2023-05-10,40
19278,5373,1078,6,2023-06-20,10
19279,5225,1056,7,2023-02-02,10
19280,5073,1047,6,2023-01-24,10
19281,5249,1008,3,2023-07-16,50
19282,5091,1055,9,2023-02-15,30
19283,5216,1088,4,2023-10-01,50
19284,5461,1018,2,2023-08-19,20
19285,5090,1035,9,2023-05-13,40
19286,5029,1089,3,2023-09-21,10
19287,5435,1081,6,2023-03-26,50
19288,5305,1032,5,2023-11-09,10
19289,5427,1024,2,2023-01-05,50
19290,5476,1007,1,2023-09-26,10
19291,5220,1013,9,2023-12-05,30
19292,5328,1091,3,2023-08-09,20
19293,5215,1069,7,2023-07-13,10
19294,5221,1100,9,2023-12-12,50
19295,5389,1090,9,2023-03-10,10
19296,5042,1042,6,2023-10-15,30
19297,5135,1031,8,2023-12-24,40
19298,5042,1074,9,2023-06-25,40
19299,5164,1026,3,2023-11-21,20
19300,5361,1086,6,2023-08-27,40
19301,5283,1076,5,2023-06-28,10
19302,5058,1032,7,2023-09-13,30
19303,5302,1091,7,2023-07-30,10
19304,5322,1097,9,2023-08-15,10
19305,5025,1052,1,2023-03-13,20
19306,5073,1020,6,2023-03-06,40
19307,5373,1040,5,2023-06-15,40
19308,5411,1059,4,2023-08-02,40
19309,5129,1077,1,2023-01-17,50
19310,5087,1014,4,2023-12-02,10
19311,5330,1044,7,2023-06-22,30
19312,5426,1086,4,2023-05-09,30
19313,5436,1082,1,2023-01-03,10
19314,5153,1048,1,2023-09-05,0
19315,5182,1093,1,2023-03-11,10
19316,5125,1043,5,2023-02-21,50
19317,5067,1016,7,2023-09-16,40
19318,5006,1035,9,2023-08-27,10
19319,5125,1053,8,2023-04-04,50
19320,5314,1034,2,2023-02-16,0
19321,5326,1003,9,2023-03-16,10
19322,5053,1068,4,2023-04-01,40
19323,5066,1005,5,2023-03-27,20
19324,5314,1010,5,2023-01-06,30
19325,5082,1052,4,2023-08-18,0
19326,5087,1029,6,2023-12-17,20
19327,5002,1096,1,2023-11-13,30
19328,5204,1031,2,2023-02-12,20
19329,5150,1066,4,2023-11-08,10
19330,5293,1076,4,2023-07-17,10
19331,5404,1091,8,2023-10-30,30
19332,5103,1069,9,2023-07-01,30
19333,5024,1037,4,2023-06-18,10
19334,5368,1027,6,2023-07-22,10
19335,5212,1087,4,2023-07-13,50
19336,5065,1033,4,2023-01-31,30
19337,5449,1068,9,2023-04-12,30
19338,5209,1059,4,2023-03-05,50
19339,5251,1064,6,2023-12-12,30
19340,5385,1085,9,2023-04-01,40
19341,5117,1088,3,2023-09-07,50
19342,5116,1044,7,2023-07-02,40
19343,5237,1095,7,2023-10-29,10
19344,5478,1088,1,2023-12-17,40
19345,5105,1049,2,2023-10-07,0
19346,5495,1053,5,2023-07-24,10
19347,5259,1074,8,2023-03-30,0
19348,5046,1049,6,2023-10-20,20
19349,5311,1066,7,2023-10-12,0
19350,5331,1095,3,2023-06-08,20
19351,5216,1063,6,2023-12-29,0
19352,5470,1025,9,2023-05-10,20
19353,5448,1004,3,2023-09-05,20
19354,5492,1051,6,2023-05-20,10
19355,5301,1011,7,2023-07-08,30
19356,5410,1017,5,2023-04-01,30
19357,5333,1066,8,2023-02-25,10
19358,5449,1070,8,2023-08-14,20
19359,5024,1073,6,2023-11-30,30
19360,5458,1069,7,2023-11-23,30
19361,5035,1084,3,2023-06-14,0
19362,5024,1029,7,2023-02-05,40
19363,5028,1085,7,2023-11-26,10
19364,5484,1073,4,2023-01-29,40
19365,5464,1092,4,2023-03-21,20
19366,5488,1072,3,2023-12-24,0
19367,5016,1095,7,2023-06-18,30
19368,5059,1020,5,2023-02-02,50
19369,5465,1027,3,2023-04-03,0
19370,5243,1008,6,2023-04-22,10
19371,5438,1085,6,2023-07-28,20
19372,5207,1061,6,2023-07-13,0
19373,5400,1028,2,2023-09-21,0
19374,5271,1087,7,2023-09-04,0
19375,5249,1070,7,2023-04-28,30
19376,5482,1003,4,2023-08-16,20
19377,5267,1069,6,2023-01-09,30
19378,5193,1073,4,2023-07-18,0
19379,5335,1007,4,2023-10-04,30
19380,5218,1060,6,2023-05-09,30
19381,5115,1004,9,2023-10-29,10
19382,5068,1005,7,2023-03-03,40
19383,5299,1011,2,2023-01-02,40
19384,5325,1015,6,2023-12-26,10
19385,5483,1064,5,2023-11-27,10
19386,5397,1098,6,2023-12-23,50
19387,5394,1013,8,2023-06-21,30
19388,5075,1007,8,2023-09-02,50
19389,5466,1006,3,2023-03-29,30
19390,5482,1056,9,2023-03-24,20
19391,5103,1064,6,2023-01-05,40
19392,5297,1050,7,2023-12-15,30
19393,5490,1030,9,2023-02-08,20
19394,5178,1022,7,2023-11-18,50
19395,5215,1025,9,2023-10-28,40
19396,5455,1028,1,2023-03-16,20
19397,5315,1084,1,2023-04-11,20
19398,5039,1039,3,2023-05-21,10
19399,5259,1067,9,2023-04-03,0
19400,5204,1005,1,2023-04-29,0
19401,5007,1065,1,2023-10-15,0
19402,5049,1015,5,2023-04-19,20
19403,5026,1090,8,2023-02-12,30
19404,5161,1067,2,2023-05-16,50
19405,5357,1040,4,2023-11-26,0
19406,5176,1098,6,2023-08-05,30
19407,5079,1069,1,2023-06-05,40
19408,5002,1095,4,2023-02-08,50
19409,5489,1077,4,2023-10-09,50
19410,5383,1043,9,2023-11-24,0
19411,5455,1001,9,2023-12-24,20
19412,5416,1022,6,2023-01-26,10
19413,5132,1062,8,2023-02-01,20
19414,5276,1079,4,2023-02-15,50
19415,5498,1026,8,2023-06-05,30
19416,5117,1018,3,2023-09-01,40
19417,5164,1048,2,2023-02-04,50
19418,5288,1009,6,2023-10-05,20
19419,5028,1001,5,2023-08-30,50
19420,5333,1009,8,2023-09-16,10
19421,5001,1023,1,2023-02-15,10
19422,5188,1045,3,2023-08-25,40
19423,5056,1002,7,2023-01-08,0
19424,5035,1014,4,2023-09-17,20
19425,5112,1038,5,2023-09-28,50
19426,5286,1040,8,2023-02-13,20
19427,5310,1063,1,2023-08-26,10
19428,5036,1082,1,2023-06-16,30
19429,5439,1016,7,2023-03-17,20
19430,5217,1093,9,2023-06-06,10
19431,5080,1075,4,2023-07-20,30
19432,5314,1006,8,2023-08-22,0
19433,5083,1003,7,2023-08-20,0
19434,5065,1014,2,2023-07-31,10
19435,5325,1066,5,2023-06-03,10
19436,5128,1096,9,2023-08-01,0
19437,5307,1095,9,2023-03-28,10
19438,5022,1075,3,2023-01-18,40
19439,5216,1086,3,2023-07-10,20
19440,5107,1067,2,2023-11-04,40
19441,5109,1031,7,2023-02-23,30
19442,5372,1033,6,2023-08-04,10
19443,5357,1088,5,2023-02-11,10
19444,5181,1001,7,2023-12-15,30
19445,5356,1044,4,2023-08-18,20
19446,5164,1015,5,2023-08-18,0
19447,5068,1037,9,2023-07-01,40
19448,5292,1027,9,2023-05-21,20
19449,5180,1048,4,2023-10-15,0
19450,5181,1027,6,2023-12-05,0
19451,5466,1012,2,2023-12-03,10
19452,5434,1067,3,2023-11-18,30
19453,5464,1030,9,2023-03-23,50
19454,5169,1096,6,2023-06-16,10
19455,5402,1087,8,2023-11-30,50
19456,5022,1066,5,2023-02-23,30
19457,5066,1007,2,2023-03-14,10
19458,5021,1034,7,2023-08-01,40
19459,5100,1032,6,2023-06-20,10
19460,5384,1039,2,2023-09-27,40
19461,5300,1096,6,2023-08-07,50
19462,5103,1043,8,2023-05-16,20
19463,5047,1043,1,2023-02-04,20
19464,5039,1078,4,2023-05-26,50
19465,5285,1003,1,2023-07-02,50
19466,5310,1046,2,2023-03-19,10
19467,5090,1032,1,2023-11-04,20
19468,5085,1043,6,2023-09-10,0
19469,5273,1100,6,2023-11-24,40
19470,5336,1081,1,2023-08-24,50
19471,5188,1003,4,2023-11-18,30
19472,5159,1074,4,2023-12-03,40
19473,5243,1063,8,2023-03-18,10
19474,5073,1040,6,2023-03-14,20
19475,5479,1018,2,2023-01-27,20
19476,5462,1067,5,2023-02-07,0
19477,5049,1062,4,2023-09-11,20
19478,5101,1010,4,2023-03-27,10
19479,5002,1052,8,2023-12-23,10
19480,5244,1073,5,2023-12-25,30
19481,5176,1046,3,2023-01-31,40
19482,5238,1055,4,2023-07-24,40
19483,5398,1046,1,2023-07-12,40
19484,5059,1075,6,2023-08-18,30
19485,5353,1060,4,2023-06-30,30
19486,5099,1097,6,2023-09-02,30
19487,5442,1100,2,2023-02-09,0
19488,5359,1026,5,2023-11-25,30
19489,5442,1027,9,2023-06-06,20
19490,5495,1038,8,2023-06-17,50
19491,5435,1022,3,2023-06-07,0
19492,5468,1026,1,2023-05-10,20
19493,5002,1086,3,2023-03-23,40
19494,5243,1069,8,2023-06-05,10
19495,5297,1035,3,2023-06-24,40
19496,5211,1066,5,2023-10-15,30
19497,5123,1099,2,2023-03-29,10
19498,5229,1073,1,2023-04-12,40
19499,5082,1051,5,2023-09-05,0
19500,5144,1018,5,2023-07-25,30
19501,5388,1043,6,2023-03-30,40
19502,5140,1012,2,2023-12-11,10
19503,5029,1003,9,2023-10-15,20
19504,5391,1082,2,2023-11-06,40
19505,5270,1007,2,2023-04-06,0
19506,5247,1097,5,2023-06-08,10
19507,5012,1006,9,2023-04-24,40
19508,5355,1082,4,2023-01-24,20
19509,5389,1045,6,2023-06-12,30
19510,5337,1086,2,2023-10-13,30
19511,5106,1039,4,2023-12-19,30
19512,5032,1051,9,2023-02-24,50
19513,5074,1009,2,2023-03-05,10
19514,5171,1099,1,2023-02-02,50
19515,5337,1023,4,2023-02-15,20
19516,5069,1012,4,2023-08-07,20
19517,5301,1088,1,2023-10-16,40
19518,5362,1062,4,2023-07-15,30
19519,5137,1073,3,2023-09-10,10
19520,5433,1077,2,2023-10-13,50
19521,5417,1040,4,2023-08-24,50
19522,5484,1054,8,2023-03-20,30
19523,5100,1081,7,2023-04-02,50
19524,5146,1007,9,2023-04-06,30
19525,5009,1017,8,2023-08-16,40
19526,5062,1050,1,2023-10-13,40
19527,5185,1024,2,2023-12-28,40
19528,5029,1002,2,2023-08-23,0
19529,5381,1099,8,2023-04-12,0
19530,5114,1092,4,2023-09-09,50
19531,5462,1083,9,2023-05-20,10
19532,5409,1033,2,2023-11-19,10
19533,5143,1021,4,2023-05-23,40
19534,5390,1074,1,2023-08-28,20
19535,5120,1053,3,2023-09-23,10
19536,5170,1046,6,2023-12-08,50
19537,5157,1045,9,2023-03-02,0
19538,5335,1009,1,2023-01-23,50
19539,5349,1006,5,2023-01-11,50
19540,5260,1051,2,2023-01-16,0
19541,5082,1035,7,2023-02-18,30
19542,5242,1082,4,2023-12-02,40
19543,5441,1053,5,2023-06-19,50
19544,5433,1019,8,2023-04-29,20
19545,5172,1069,2,2023-02-11,40
19546,5231,1025,3,2023-01-10,0
19547,5208,1011,5,2023-02-18,20
19548,5075,1074,4,2023-09-22,10
19549,5270,1017,5,2023-07-26,30
19550,5387,1036,3,2023-06-16,50
19551,5499,1090,9,2023-01-02,0
19552,5114,1095,8,2023-03-09,30
19553,5062,1096,6,2023-11-04,50
19554,5362,1021,1,2023-07-29,50
19555,5320,1018,4,2023-05-19,40
19556,5102,1060,7,2023-02-06,20
19557,5429,1018,5,2023-08-06,40
19558,5362,1001,4,2023-10-05,30
19559,5210,1014,9,2023-06-29,0
19560,5442,1008,8,2023-01-05,30
19561,5255,1066,3,2023-05-10,0
19562,5020,1051,6,2023-05-13,30
19563,5058,1079,4,2023-04-09,40
19564,5112,1060,7,2023-06-09,30
19565,5473,1034,1,2023-08-24,10
19566,5313,1036,1,2023-05-27,40
19567,5486,1062,6,2023-12-25,30
19568,5461,1001,7,2023-04-25,30
19569,5196,1085,9,2023-01-04,20
19570,5375,1042,7,2023-03-28,40
19571,5462,1001,9,2023-02-15,20
19572,5353,1096,9,2023-03-24,40
19573,5092,1084,8,2023-06-03,0
19574,5052,1054,7,2023-11-02,40
19575,5293,1047,3,2023-10-09,40
19576,5008,1100,3,2023-11-23,30
19577,5300,1039,5,2023-10-15,10
19578,5098,1030,7,2023-04-21,50
19579,5236,1007,7,2023-04-27,40
19580,5389,1022,1,2023-04-07,20
19581,5374,1050,8,2023-10-09,10
19582,5069,1045,1,2023-07-08,40
19583,5415,1074,4,2023-03-29,10
19584,5045,1072,2,2023-11-03,0
19585,5137,1091,5,2023-03-28,10
19586,5234,1010,6,2023-01-26,0
19587,5032,1014,4,2023-01-31,10
19588,5289,1046,4,2023-05-06,10
19589,5126,1075,7,2023-07-17,20
19590,5067,1006,4,2023-10-28,50
19591,5030,1021,2,2023-01-31,20
19592,5114,1062,4,2023-11-13,30
19593,5204,1097,7,2023-08-20,10
19594,5029,1019,1,2023-02-14,0
19595,5131,1088,4,2023-11-12,10
19596,5474,1082,6,2023-07-08,40
19597,5185,1099,8,2023-02-21,0
19598,5253,1062,8,2023-02-21,40
19599,5286,1083,9,2023-11-28,30
19600,5393,1053,5,2023-11-14,40
19601,5410,1024,2,2023-11-19,30
19602,5386,1056,3,2023-03-20,30
19603,5062,1062,2,2023-02-18,30
19604,5003,1034,9,2023-08-18,40
19605,5430,1022,6,2023-12-10,30
19606,5068,1068,1,2023-02-13,30
19607,5025,1057,3,2023-10-19,20
19608,5179,1010,7,2023-09-04,50
19609,5141,1066,7,2023-08-07,10
19610,5231,1008,5,2023-01-22,30
19611,5300,1097,3,2023-05-10,0
19612,5163,1038,7,2023-01-07,0
19613,5311,1062,5,2023-09-29,20
19614,5471,1028,6,2023-12-16,40
19615,5393,1010,3,2023-02-13,40
19616,5130,1045,6,2023-08-28,40
19617,5445,1065,7,2023-03-06,30
19618,5246,1098,8,2023-09-03,50
19619,5297,1067,2,2023-03-14,50
19620,5172,1009,2,2023-03-12,40
19621,5064,1005,6,2023-07-16,40
19622,5031,1010,8,2023-07-08,10
19623,5492,1012,5,2023-06-07,50
19624,5047,1082,1,2023-11-26,30
19625,5130,1058,1,2023-01-25,30
19626,5352,1021,9,2023-12-04,0
19627,5466,1021,4,2023-03-12,0
19628,5333,1065,1,2023-11-09,10
19629,5110,1003,8,2023-08-11,20
19630,5069,1069,2,2023-06-09,30
19631,5058,1089,2,2023-11-02,0
19632,5106,1064,1,2023-03-16,40
19633,5300,1049,1,2023-05-18,30
19634,5330,1072,9,2023-02-10,30
19635,5256,1017,1,2023-10-30,30
19636,5312,1073,6,2023-11-30,50
19637,5171,1032,7,2023-11-05,0
19638,5383,1070,4,2023-01-16,10
19639,5473,1021,5,2023-07-08,0
19640,5162,1007,4,2023-01-28,40
19641,5485,1007,4,2023-06-12,40
19642,5286,1027,1,2023-11-13,20
19643,5071,1008,6,2023-02-24,0
19644,5255,1073,7,2023-10-01,0
19645,5454,1028,7,2023-11-01,20
19646,5374,1079,8,2023-04-12,20
19647,5055,1066,7,2023-02-11,30
19648,5323,1071,6,2023-09-20,30
19649,5397,1047,8,2023-06-20,40
19650,5003,1082,3,2023-07-27,10
19651,5026,1086,9,2023-11-11,40
19652,5313,1010,3,2023-02-18,50
19653,5126,1033,4,2023-03-01,0
19654,5408,1007,6,2023-01-06,10
19655,5053,1003,8,2023-05-28,30
19656,5198,1014,3,2023-10-14,20
19657,5299,1044,6,2023-07-30,20
19658,5188,1046,5,2023-05-30,40
19659,5186,1061,5,2023-03-26,0
19660,5305,1036,5,2023-06-09,0
19661,5298,1013,9,2023-02-16,20
19662,5204,1016,7,2023-06-11,40
19663,5497,1080,9,2023-06-04,50
19664,5484,1005,9,2023-08-18,40
19665,5450,1089,6,2023-10-27,30
19666,5011,1038,6,2023-06-07,30
19667,5359,1050,4,2023-06-10,30
19668,5354,1038,8,2023-09-04,50
19669,5474,1056,2,2023-02-25,10
19670,5146,1063,5,2023-05-31,40
19671,5085,1048,1,2023-10-26,40
19672,5100,1090,2,2023-02-23,50
19673,5104,1059,1,2023-08-11,30
19674,5436,1077,6,2023-09-11,20
19675,5046,1044,2,2023-03-09,30
19676,5044,1090,4,2023-02-22,10
19677,5278,1055,5,2023-09-02,50
19678,5181,1055,7,2023-02-09,20
19679,5187,1001,1,2023-12-08,40
19680,5478,1008,5,2023-12-17,10
19681,5114,1004,4,2023-05-18,10
19682,5491,1085,7,2023-09-23,50
19683,5255,1086,7,2023-05-18,20
19684,5381,1053,8,2023-10-19,30
19685,5380,1058,4,2023-07-29,30
19686,5030,1037,4,2023-06-21,0
19687,5264,1049,5,2023-07-04,20
19688,5098,1067,5,2023-10-26,30
19689,5313,1019,3,2023-08-28,10
19690,5367,1001,5,2023-07-30,50
19691,5329,1029,5,2023-12-29,30
19692,5115,1087,8,2023-05-31,50
19693,5276,1033,7,2023-05-04,30
19694,5488,1052,8,2023-02-18,50
19695,5281,1041,5,2023-05-04,10
19696,5275,1023,2,2023-03-09,20
19697,5261,1005,8,2023-12-24,0
19698,5331,1071,9,2023-08-19,50
19699,5207,1057,2,2023-12-12,30
19700,5384,1006,1,2023-01-09,50
19701,5328,1049,6,2023-09-23,50
19702,5211,1022,3,2023-05-05,30
19703,5215,1077,1,2023-11-17,30
19704,5411,1076,6,2023-04-22,20
19705,5040,1004,8,2023-11-24,10
19706,5480,1072,9,2023-11-26,10
19707,5026,1064,6,2023-02-23,10
19708,5027,1037,6,2023-03-30,10
19709,5190,1031,1,2023-04-05,10
19710,5083,1037,5,2023-12-25,10
19711,5384,1045,3,2023-09-07,30
19712,5434,1090,7,2023-11-13,30
19713,5170,1008,9,2023-06-15,10
19714,5413,1040,6,2023-08-15,10
19715,5167,1097,5,2023-05-16,20
19716,5188,1093,7,2023-03-06,50
19717,5169,1005,9,2023-01-05,20
19718,5289,1028,5,2023-04-30,40
19719,5467,1081,5,2023-08-07,30
19720,5229,1087,4,2023-12-31,10
19721,5467,1009,5,2023-02-12,50
19722,5097,1002,7,2023-07-07,30
19723,5367,1063,3,2023-01-26,40
19724,5016,1096,4,2023-09-24,20
19725,5279,1051,9,2023-06-11,40
19726,5135,1031,2,2023-08-21,0
19727,5026,1007,8,2023-05-10,20
19728,5352,1030,9,2023-01-21,30
19729,5012,1058,5,2023-05-08,20
19730,5072,1003,7,2023-03-17,40
19731,5133,1051,6,2023-03-14,10
19732,5106,1056,1,2023-08-21,50
19733,5220,1073,8,2023-12-09,40
19734,5373,1010,9,2023-04-16,40
19735,5453,1061,1,2023-01-09,10
19736,5177,1050,8,2023-04-29,50
19737,5282,1047,3,2023-02-19,30
19738,5133,1090,6,2023-01-10,50
19739,5022,1001,8,2023-04-23,30
19740,5463,1094,5,2023-09-23,20
19741,5269,1057,8,2023-03-19,40
19742,5412,1038,7,2023-02-05,20
19743,5161,1062,7,2023-07-21,10
19744,5107,1079,7,2023-11-08,0
19745,5279,1089,9,2023-04-28,30
19746,5353,1070,6,2023-07-09,10
19747,5235,1082,6,2023-08-30,30
19748,5018,1065,9,2023-10-20,20
19749,5242,1062,6,2023-06-18,0
19750,5117,1056,7,2023-08-18,50
19751,5286,1067,7,2023-02-17,40
19752,5282,1017,2,2023-05-30,50
19753,5144,1008,8,2023-12-09,30
19754,5205,1060,6,2023-07-27,40
19755,5039,1040,4,2023-03-02,20
19756,5417,1081,7,2023-11-27,30
19757,5154,1089,8,2023-04-27,50
19758,5176,1062,1,2023-08-27,20
19759,5449,1041,4,2023-12-21,40
19760,5241,1012,4,2023-02-17,20
19761,5422,1093,9,2023-09-02,20
19762,5386,1089,6,2023-10-20,20
19763,5369,1100,4,2023-01-05,10
19764,5134,1054,1,2023-04-10,10
19765,5046,1089,8,2023-07-24,30
19766,5050,1093,9,2023-06-29,20
19767,5166,1011,5,2023-01-17,50
19768,5106,1060,5,2023-03-31,20
19769,5216,1068,8,2023-04-18,20
19770,5146,1078,8,2023-07-09,10
19771,5411,1046,5,2023-06-29,40
19772,5425,1038,4,2023-09-06,20
19773,5072,1061,6,2023-09-08,0
19774,5476,1017,5,2023-01-20,30
19775,5330,1066,8,2023-12-25,10
19776,5273,1072,9,2023-04-07,40
19777,5247,1036,1,2023-08-10,0
19778,5446,1074,9,2023-05-24,20
19779,5413,1007,9,2023-01-07,50
19780,5186,1100,6,2023-12-16,50
19781,5070,1016,5,2023-11-18,10
19782,5462,1014,7,2023-09-25,20
19783,5150,1080,8,2023-10-23,30
19784,5246,1025,9,2023-01-01,10
19785,5262,1004,9,2023-02-27,0
19786,5026,1029,3,2023-09-21,50
19787,5423,1056,8,2023-03-31,40
19788,5140,1006,1,2023-03-16,40
19789,5099,1001,7,2023-12-07,30
19790,5398,1039,5,2023-09-18,40
19791,5278,1001,2,2023-10-09,40
19792,5051,1063,2,2023-12-07,30
19793,5151,1057,8,2023-11-25,50
19794,5432,1067,5,2023-12-23,0
19795,5455,1065,3,2023-08-31,10
19796,5104,1065,1,2023-11-18,50
19797,5434,1021,7,2023-04-29,10
19798,5089,1030,3,2023-02-16,30
19799,5141,1096,7,2023-06-17,50
19800,5213,1033,2,2023-12-14,20
19801,5233,1048,4,2023-01-27,30
19802,5394,1022,2,2023-10-23,30
19803,5183,1094,4,2023-01-01,30
19804,5251,1054,5,2023-06-23,30
19805,5009,1004,8,2023-06-16,40
19806,5079,1087,2,2023-01-18,40
19807,5052,1055,3,2023-04-01,50
19808,5386,1044,5,2023-10-30,0
19809,5409,1089,9,2023-07-21,30
19810,5269,1012,5,2023-01-21,10
19811,5226,1081,9,2023-06-05,20
19812,5051,1079,4,2023-01-14,40
19813,5186,1074,5,2023-01-20,10
19814,5034,1099,9,2023-09-01,40
19815,5291,1052,4,2023-06-22,50
19816,5230,1093,5,2023-05-02,0
19817,5131,1076,5,2023-07-03,20
19818,5490,1065,4,2023-11-04,40
19819,5120,1065,4,2023-03-09,20
19820,5443,1010,5,2023-10-20,20
19821,5326,1018,6,2023-12-04,50
19822,5247,1047,7,2023-06-08,10
19823,5432,1066,6,2023-02-18,40
19824,5192,1049,1,2023-06-30,20
19825,5497,1072,2,2023-10-22,50
19826,5403,1022,7,2023-12-14,30
19827,5323,1086,3,2023-05-21,20
19828,5210,1026,2,2023-01-18,20
19829,5103,1090,6,2023-05-20,40
19830,5329,1009,4,2023-03-13,30
19831,5372,1021,5,2023-08-30,20
19832,5460,1095,6,2023-09-18,40
19833,5133,1063,3,2023-09-20,40
19834,5323,1006,1,2023-05-23,50
19835,5139,1014,3,2023-07-14,20
19836,5121,1033,3,2023-05-26,0
19837,5094,1071,6,2023-10-21,0
19838,5452,1024,4,2023-01-26,10
19839,5453,1073,7,2023-02-28,0
19840,5129,1075,2,2023-02-21,0
19841,5091,1087,4,2023-05-29,40
19842,5092,1051,8,2023-04-17,40
19843,5063,1002,6,2023-11-14,50
19844,5029,1015,3,2023-02-28,20
19845,5210,1035,2,2023-09-15,20
19846,5012,1036,3,2023-10-08,40
19847,5333,1092,1,2023-01-19,20
19848,5297,1039,1,2023-06-15,40
19849,5130,1004,2,2023-01-25,0
19850,5293,1064,3,2023-01-04,20
19851,5173,1074,9,2023-01-03,0
19852,5208,1006,8,2023-12-28,10
19853,5432,1057,9,2023-01-27,50
19854,5024,1030,7,2023-12-12,50
19855,5099,1099,7,2023-08-07,20
19856,5406,1074,5,2023-02-13,40
19857,5356,1096,7,2023-07-31,50
19858,5139,1067,4,2023-02-21,40
19859,5314,1090,5,2023-06-02,50
19860,5174,1015,1,2023-07-21,10
19861,5029,1017,4,2023-11-17,40
19862,5419,1091,3,2023-01-11,0
19863,5496,1018,2,2023-03-09,40
19864,5143,1019,2,2023-08-15,10
19865,5316,1076,8,2023-05-01,30
19866,5351,1088,1,2023-11-29,30
19867,5042,1069,8,2023-01-15,0
19868,5489,1024,9,2023-02-26,30
19869,5299,1091,6,2023-11-26,40
19870,5208,1048,1,2023-03-05,10
19871,5330,1030,7,2023-08-18,50
19872,5433,1015,5,2023-01-11,0
19873,5192,1047,9,2023-05-01,30
19874,5160,1044,7,2023-08-12,40
19875,5064,1098,5,2023-08-13,50
19876,5243,1027,2,2023-05-05,50
19877,5258,1084,4,2023-05-28,40
19878,5152,1064,2,2023-08-16,20
19879,5215,1041,9,2023-01-30,20
19880,5322,1096,2,2023-01-10,10
19881,5166,1068,2,2023-02-23,0
19882,5031,1005,2,2023-07-05,30
19883,5371,1053,1,2023-07-26,30
19884,5232,1008,9,2023-09-12,40
19885,5282,1022,8,2023-06-06,30
19886,5029,1007,2,2023-05-09,10
19887,5195,1022,2,2023-02-27,20
19888,5334,1046,5,2023-07-14,40
19889,5256,1030,4,2023-03-17,0
19890,5281,1016,2,2023-03-30,40
19891,5304,1079,8,2023-12-20,30
19892,5321,1005,8,2023-03-22,10
19893,5437,1067,4,2023-07-05,0
19894,5323,1023,4,2023-11-22,40
19895,5346,1061,9,2023-09-25,30
19896,5402,1074,4,2023-03-20,40
19897,5393,1005,9,2023-05-25,0
19898,5294,1023,3,2023-05-09,30
19899,5087,1079,2,2023-01-14,20
19900,5149,1082,8,2023-04-29,50
19901,5249,1025,3,2023-01-02,0
19902,5321,1008,2,2023-01-04,20
19903,5405,1095,8,2023-09-01,20
19904,5283,1021,8,2023-03-07,30
19905,5362,1002,5,2023-09-03,40
19906,5379,1022,9,2023-03-31,40
19907,5198,1072,6,2023-06-27,10
19908,5044,1087,5,2023-03-01,0
19909,5356,1096,3,2023-08-20,0
19910,5028,1072,7,2023-12-19,30
19911,5429,1068,9,2023-06-25,30
19912,5017,1064,4,2023-06-16,10
19913,5127,1094,7,2023-07-17,10
19914,5379,1019,3,2023-03-01,20
19915,5168,1087,2,2023-03-24,50
19916,5244,1082,1,2023-03-15,10
19917,5387,1053,6,2023-11-07,40
19918,5076,1093,5,2023-01-26,20
19919,5231,1087,2,2023-08-31,50
19920,5204,1097,3,2023-11-19,10
19921,5450,1052,9,2023-04-26,50
19922,5248,1047,3,2023-11-19,40
19923,5302,1082,7,2023-06-29,40
19924,5214,1054,1,2023-09-19,20
19925,5215,1044,7,2023-04-24,20
19926,5158,1097,9,2023-09-23,40
19927,5069,1007,8,2023-02-07,30
19928,5393,1092,7,2023-03-18,20
19929,5085,1001,8,2023-04-12,0
19930,5267,1063,4,2023-01-12,30
19931,5069,1098,2,2023-10-29,0
19932,5099,1039,9,2023-02-18,50
19933,5347,1019,3,2023-09-11,50
19934,5497,1031,4,2023-12-13,50
19935,5450,1077,7,2023-09-06,10
19936,5216,1024,2,2023-03-13,20
19937,5415,1069,8,2023-07-16,20
19938,5161,1087,8,2023-09-10,40
19939,5423,1083,5,2023-12-24,20
19940,5094,1065,9,2023-10-26,50
19941,5174,1033,8,2023-08-10,0
19942,5165,1059,1,2023-03-01,30
19943,5115,1033,9,2023-12-23,10
19944,5220,1032,5,2023-06-06,30
19945,5444,1059,9,2023-12-08,0
19946,5031,1092,9,2023-07-21,10
19947,5011,1041,3,2023-09-24,40
19948,5343,1012,8,2023-02-04,20
19949,5377,1073,7,2023-09-12,20
19950,5130,1011,7,2023-01-23,40
19951,5488,1097,2,2023-06-14,0
19952,5105,1019,2,2023-01-28,40
19953,5027,1054,2,2023-12-17,50
19954,5227,1057,2,2023-11-10,0
19955,5002,1042,4,2023-02-22,10
19956,5359,1098,7,2023-10-11,30
19957,5101,1071,2,2023-10-25,30
19958,5021,1031,5,2023-03-26,40
19959,5058,1052,7,2023-12-15,20
19960,5389,1002,9,2023-05-04,40
19961,5180,1083,8,2023-07-26,20
19962,5429,1038,9,2023-06-14,40
19963,5341,1032,7,2023-02-16,40
19964,5349,1010,3,2023-06-05,30
19965,5020,1008,1,2023-09-23,50
19966,5255,1090,7,2023-10-06,20
19967,5317,1094,6,2023-01-05,50
19968,5038,1075,2,2023-03-23,50
19969,5148,1020,1,2023-04-29,50
19970,5498,1020,4,2023-09-19,30
19971,5025,1009,4,2023-05-05,50
19972,5386,1072,6,2023-10-30,20
19973,5121,1015,5,2023-08-03,10
19974,5416,1098,9,2023-01-28,50
19975,5026,1088,8,2023-09-26,50
19976,5454,1097,9,2023-01-25,10
19977,5169,1063,7,2023-01-07,50
19978,5323,1091,9,2023-07-13,10
19979,5225,1021,3,2023-03-21,0
19980,5001,1005,9,2023-11-18,30
19981,5307,1035,2,2023-02-05,30
19982,5261,1085,9,2023-09-15,10
19983,5013,1068,6,2023-04-23,40
19984,5403,1048,4,2023-10-21,30
19985,5396,1080,2,2023-07-21,20
19986,5048,1095,3,2023-01-14,30
19987,5409,1090,5,2023-06-04,30
19988,5313,1062,9,2023-03-26,20
19989,5371,1035,7,2023-05-20,10
19990,5291,1070,3,2023-04-07,10
19991,5332,1097,4,2023-07-04,20
19992,5094,1021,2,2023-12-08,30
19993,5261,1080,8,2023-12-24,50
19994,5482,1039,6,2023-07-08,30
19995,5278,1034,3,2023-03-23,10
19996,5359,1015,5,2023-10-27,50
19997,5205,1006,5,2023-06-29,0
19998,5185,1066,1,2023-12-15,10
19999,5175,1088,5,2023-04-15,20
